category1,category2,category3,date_represented,description,source,0,3,5,6,7,11,12,13,16,17,18,23,24,28,29,30,31,32,35,38,45,46,47,48,49,50,51,52,54,55,60,64,65,66,67,70,71,75,76,77,81,82,83,85,86,87,88,90,93,97,99,100,106,108,901,902,903,904,905,906,907,908,909,910,911,912,913,914,915,916,917,918,919,920,921,922,923,924,925,926,927,928,929,930,931,932,933,934,935,936,937,938,939,940,941,942,943,944,945,946,947,948,949,950,951,952,953,954,955,956,957,958
Neighbourhood Name,NA,NA,NA,NA,NA,Ottawa,Beacon Hill South - Cardinal Heights,Beechwood Cemetery,Bells Corners East,Bells Corners West,Braemar Park - Bel Air Heights - Copeland Park,Briar Green - Leslie Park,Bridlewood - Emerald Meadows,Carleton Heights - Rideauview,Carleton University,Carlington,Centrepointe,Centretown,Civic Hospital-Central Park,Constance Bay,Corkery,Cityview - Crestview - Meadowlands,Crystal Bay - Lakeview Park,Dunrobin,Emerald Woods - Sawmill Creek,Greenboro East,Hawthorne Meadows - Sheffield Glen,Hintonburg - Mechanicsville,Hunt Club - Ottawa Airport,Hunt Club East - Western Community,Hunt Club Park,Hunt Club South Industrial,Hunt Club Upper -Blossom Park - Timbermill,Iris - Queensway Terrance South,Island Park - Wellington Village,Lebreton Development,Manotick,Merivale Gardens - Grenfell Glen - Pineglen - Country Place,Metcalfe,Munster - Ashton,North Gower - Kars,Notre-Dame Cemetery,Chapel Hill South,Chatelaine Village,Orléans Industrial,Osgoode - Vernon,Old Ottawa East,Old Ottawa South,Marlborough,Pineview,Playfair Park - Lynda Park - Guildwood Estates,Qualicum - Redwood Park,Riverside Park,Rothwell Heights - Beacon Hill North,South Keys - Greenboro West,Tanglewood,Trend-Arlington,Whitehaven - Queensway Terrace North,Woodvale - Craig Henry - Manordale - Estates of Arlington Woods,Bayshore - Belltown,Beaverbrook,Billings Bridge - Alta Vista,Blackburn Hamlet,Borden Farm - Fisher Glen,Britannia Village,Brookside - Briarbrook - Morgan's Grant,Byward Market,Cardinal Creek,Carlingwood West - Glabar Park - McKellar Heights,Carp,Carson Grove - Carson Meadows,Chapel Hill North,Chapman Mills,Convent Glen - Orléans Woods,Cumberland,East Industrial,Edwards - Carlsbad Springs,Elmvale - Canterbury,Fallingbrook,Findlay Creek,Fitzroy,Glebe - Dows Lake,Glen Cairn - Kanata South Business Park,Greely,Greenbelt,Hunt Club Woods - Quintarra - Revelstoke,Kanata Lakes - Arcadia,Katimavik - Hazeldean,Kinburn,Laurentian,Ledbury - Heron Gate - Ridgemont,Lindenlea - New Edinburgh,Lowertown,Manor Park,Navan - Sarsfield,Old Barrhaven East,Old Barrhaven West,Orléans Village - Chateauneuf,Overbrook - McArthur,Parkwood Hills - Stewart Farm,Portobello South,Queenswood Heights,Richmond,Rideau Crest - Davidson Heights,Riverside South - Leitrim,Riverview,Rockcliffe Park,Sandy Hill,Skyline - Fisher Heights,Stittsville,Stonebridge - Half Moon Bay - Heart's Desire,Vanier North,Vanier South,Vars,Wateridge Village,West Centretown,Westboro
Arts & Culture,Community Recreation Centres,% residents within 15 min walking distance,29-Nov-19,Community recreation centres are full service sites where you can register for courses and activities in your neighbourhood.,City of Ottawa,40.01123406,0,0,33.73934227,0,8.679079314,15.20446097,47.53278689,73.53579176,0,100,34.27191166,97.92988081,58.92558344,0,0,0,0,0,72.74721258,92.3084403,39.25937308,97.03970397,2.016430172,86.81577398,0,0,64.62897121,68.59490815,76.33040674,100,0,4.495912807,0,0,0,100,0,0,100,0,91.71122995,100,0,0,43.9859084,8.103214124,0,0,26.73879444,43.39383706,0,68.69969297,11.54397706,36.28066172,49.68123862,22.58965999,0,12.96059183,69.60691824,23.15987461,100,61.49834869,5.086755038,0,37.76413854,9.180297739,0,25.3303026,0,31.98579623,0,81.07480807,42.3254565,0,0,100,55.97696057,0,0,11.05671843,6.322765538,33.64896273,0,54.05461316,92.02499628,84.6975768,100,66.66666667,0,0,39.34621268,0,72.24393254,4.615774791,47.19301454,28.89597759,0,0,53.69890616,0,100,100,0,6.919811786,63.08804114,94.6969697,90.04865104,0,0,93.46613546,95.68735335
Arts & Culture,Community Recreation Centres,Avg. distance to nearest community recreation centre (km),29-Nov-19,Community recreation centres are full service sites where you can register for courses and activities in your neighbourhood.,City of Ottawa,2.934442022,2.502540101,1.412789228,1.479759792,2.384164902,1.844851228,1.912560658,1.424349952,1.157089442,2.222398049,0.602239411,1.380702885,0.668265486,1.145686743,23.29608231,16.4307842,2.453457824,2.987333965,12.5159573,1.219038313,0.773099079,1.3925912,0.622947548,2.316851855,0.800198299,2.424771287,2.300395938,1.109756164,1.007477718,1.017935595,1.073902493,6.254476383,3.494603689,20.9200083,16.35147333,15.17237329,0.911557021,4.833283209,3.26825567,0.821020641,20.98743263,0.812633084,0.633393663,26.06066868,2.47844541,1.278766789,1.826785937,2.520034015,4.132596448,1.608164737,1.405426305,3.068930195,1.067322874,2.088928856,1.139091834,1.203126357,1.594015122,5.204287393,2.032499183,1.196981872,1.882864354,0.493854133,1.246149246,2.247084678,12.4366506,1.462516594,2.31550181,2.775848222,2.032140596,9.123615016,1.596333815,12.80320077,0.903416259,1.416765731,5.958797615,29.15790739,0.727890224,1.397103044,12.54166117,4.281449325,1.87112998,2.533197489,1.480185537,23.90618796,1.166368693,0.672777695,0.764402948,0.471597029,0.997694477,5.679405491,2.777060476,1.562435687,2.550446922,1.0699886,1.802844464,1.333896047,1.544113017,8.752042259,3.75534924,1.363514771,2.119044808,0.661803488,0.666309211,2.177564926,2.569528208,1.186745937,0.86215631,0.886823865,4.309512573,1.88631783,0.632756205,0.848368486
Arts & Culture,Community Recreation Centres,Avg. distance to nearest 3 community recreation centres (km),29-Nov-19,Community recreation centres are full service sites where you can register for courses and activities in your neighbourhood.,City of Ottawa,4.207303842,4.177363754,1.640772137,3.621203638,3.925024059,2.347311647,2.428352197,3.291424181,2.921029958,2.689842353,0.988700971,2.624666433,1.025039625,1.615083245,26.49499503,17.32150076,3.02881911,3.457217965,15.70521266,2.167176895,2.257053153,2.48429037,1.084597693,3.802159462,2.504102373,3.364554732,3.870719695,2.567363085,1.953107262,1.463044233,1.243989075,8.506812549,4.607237269,22.49061259,18.7347058,17.75071085,1.480937725,5.705719215,4.502386785,4.519768822,22.50593909,1.363684136,1.645241566,28.28455497,3.732445731,1.689551164,2.196765874,2.754586508,4.939375438,2.157223851,3.346470921,3.373855238,1.513243643,3.188372519,1.565771051,2.992208154,1.994466421,6.177912229,3.145239455,1.812387752,5.116893107,1.155823987,2.560790591,2.601994892,14.69636442,2.509029447,4.737938868,3.751510957,4.767400981,10.1816953,2.388294887,15.17579824,2.005558086,2.495400109,7.429465001,31.98772608,1.170330912,2.30780192,13.63930462,5.952748184,3.137527141,3.461672046,2.072689007,26.61727685,1.898718602,1.003013817,1.101038831,0.97427209,1.630434604,7.514448324,4.123332117,4.56387341,3.807623659,1.705999956,2.625911961,2.437410265,3.116289309,10.54144971,4.61420488,5.222832186,2.469919426,1.225456465,1.136713376,2.392201867,4.204236217,4.153925114,1.257458192,1.405757476,13.70832725,2.05771079,0.915289951,1.534594741
Arts & Culture,Community Recreation Centres,Number of community recreation centres (with 50m buffer) per 1000 people,29-Nov-19,Community recreation centres are full service sites where you can register for courses and activities in your neighbourhood.,City of Ottawa,na,0,NA,0.218340611,0,0,0,0.041254125,0.156617071,NA,0.305498982,0,0.071466857,0.091575092,0,0,0,0,0,0,0.093896714,0,0.102249489,0,0.095192765,0,0,0.119545726,0.169923534,0.173611111,0,0,0.673400673,0,0,0,NA,0,0,5.882352941,0,0.136054422,0.161030596,0,0,0.167926113,0,0,0,0,0,0,0.174596246,0,0,0.152905199,0,0,0,0.156862745,0.063351283,0.195503421,0.088300221,0,0,0.089485459,0,0,0,0,0.566572238,0,0.171895144,0.053191489,0,0,0.078895464,0.090171326,0,0,0,0,0.087950748,0,0.20661157,0.22246941,0.203665988,0.161160355,0.142959257,0,0,0.055632823,0,0.052219321,0,0.043412199,0,0,0,0.071326676,0,0.5,0.087108014,0,0.031852206,0.060168472,0.096899225,0.152905199,0.393700787,0,0.21141649,0.087412587
Environment & Sustainability,Tree Canopy,% Tree Canopy,2017,Tree canopy coverage in Ottawa based on Lidar data and aerial imagery.,"City of Ottawa, Ville de Gatineau, National Capital Commission",34.37,19.312855,42.1268701,32.5496842,24.5942656,26.5943952,30.1501918,21.0493224,27.0966293,20.0856719,22.0866675,19.5338341,15.8202957,14.7816666,70.2058022,55.9438522,21.7981513,37.7460069,38.2416071,47.4178456,16.4933,20.0260591,19.3480318,21.254144,35.5664918,23.0739384,12.2540673,44.3592266,24.8931593,27.1387459,10.5842873,31.6287706,51.4903878,27.1798816,36.3424968,22.2046621,18.5402831,19.6900747,32.6301699,5.3728843,28.2013262,24.243379,30.0947897,58.4639311,18.7367217,28.6352398,25.5909181,29.6519636,29.9773588,20.6887548,24.0683999,34.3912367,25.4039778,18.6521391,22.9995526,29.255609,28.4386155,32.7029956,21.4925884,34.1476751,19.0982249,14.809951,19.1179405,24.1690859,35.5973562,24.9158025,37.8425564,12.8583067,25.3395212,33.4790234,13.1367648,35.9528036,22.9619967,15.6721264,35.9823858,35.6263937,25.8582194,16.5769191,42.827076,39.6416066,40.8680225,18.4528546,23.2952133,30.080985,28.6135032,14.5959007,45.1406729,18.7725178,34.4738904,15.2706999,11.8125785,19.3491443,21.5641749,17.0821343,12.7413611,3.47045999,25.6142574,26.5468487,13.9864656,21.2311109,23.1255768,48.1989898,19.8751044,21.2985725,21.4619612,15.2793427,21.0974986,17.1646482,39.4886877,27.56041,13.9059316,29.0188645
Economy & Employment,Jobs and businesses,# of jobs in the neighbourhood,2016,Total number of jobs in a neighbourhood.,City of Ottawa: 2016 City of Ottawa Employment Survey,579241,3411,23,5472,3099,892,664,1128,1294,5367,6567,5002,104847,15961,75,452,7545,1406,867,729,497,939,5590,8632,776,463,21837,1589,2627,10063,183,2724,5175,1243,554,1101,2,2820,157,1487,852,1089,1575,74,3640,313,3658,6129,4755,5304,862,880,3402,2048,3240,701,10191,1437,1329,1860,25700,19625,958,5276,3706,13584,506,2881,4180,563,38772,2881,2845,2896,2663,254,7876,4875,2602,6641,1343,5417,6901,259,4029,2643,1158,3489,1038,1111,2420,2151,1530,14620,193,4239,1820,3078,3997,1249,11983,482,20902,2786,11784,2270,2425,5628,584,2485,12782,6562
Economy & Employment,Jobs and businesses,Job density (# jobs per km2),2016,Total number of jobs in a neighbourhood per squared kilometre,City of Ottawa: 2016 City of Ottawa Employment Survey,207.0936718,1528.195731,34.56873958,1630.999715,2260.888991,378.1805753,349.0276032,173.272932,606.5594948,5885.832039,2420.073132,2362.876262,31300.64542,2125.669148,12.7135758,3.244631851,1909.340809,254.9097431,6.835303328,402.2184403,228.6628546,811.1770011,3049.919227,564.1108085,226.5722492,254.33115,4771.143787,364.2610934,1218.913913,4024.515493,210.3139064,46.53183419,796.7924104,8.886538451,4.066151076,7.570149289,9.757758093,282.915465,41.30779044,2830.191592,6.269947775,633.9218217,1090.725243,0.301904191,2002.73466,151.4594354,1988.350434,1903.861459,799.4906279,1671.862943,393.360022,508.4858793,1065.653888,635.0704065,2015.01006,246.9014227,1642.038831,486.3682893,514.6493822,880.3484158,2721.87361,15776.20796,100.6009517,1774.767896,20.71398402,3046.783104,133.5060632,793.0648492,683.4097732,10.33103732,2974.449036,17.274958,710.6264223,507.6790008,273.8455289,1.878698542,2889.97317,1075.859181,37.43296521,40.01030997,261.1660834,452.0934125,1250.621932,1.907616881,1474.229369,985.100967,680.9879439,4400.937611,557.2256818,9.993779533,392.7597362,421.5761119,468.1724231,2397.161254,379.0905449,535.3970394,413.2267815,18.23128515,834.0327428,51.05424949,6635.794762,214.4867221,9642.388771,1442.966946,392.7848364,156.2601789,1423.83638,4227.937739,7.575469092,622.8070175,7159.128935,2071.398215
Economy & Employment,Jobs and businesses,% of jobs that are full-time,2016,Percent of jobs being full time.,City of Ottawa: 2016 City of Ottawa Employment Survey,77,80.70946936,47.82608696,75.29239766,72.99128751,61.21076233,76.5060241,68.70567376,63.13755796,43.41345258,86.203746,69.67213115,89.89003023,76.86861725,57.33333333,72.56637168,48.04506296,90.11379801,52.47981546,65.43209877,59.35613682,92.65175719,78.6940966,83.03985171,55.41237113,56.80345572,84.80560517,73.56828194,69.16634945,91.49359038,91.2568306,64.39060206,71.69082126,65.32582462,58.3032491,74.56857402,100,44.43262411,72.61146497,63.48352387,71.12676056,68.87052342,59.36507937,33.78378378,92.96703297,76.35782748,61.56369601,90.27573829,77.93901157,67.64705882,46.28770302,53.86363636,79.36507937,79.4921875,40.37037037,76.31954351,71.67108233,69.03270703,49.96237773,59.30107527,93.95330739,79.07770701,56.78496868,75.60652009,73.90717755,85.62279152,69.56521739,47.1017008,52.34449761,59.14742451,84.75446198,71.74592156,62.00351494,66.09116022,80.92377018,59.84251969,58.95124429,68.9025641,77.51729439,87.42659238,67.83320923,46.63097656,68.35241269,78.76447876,54.87714073,71.92584185,79.2746114,80.51017484,66.47398844,69.03690369,60.2892562,64.43514644,55.68627451,75.60875513,70.46632124,53.24368955,61.42857143,77.81026641,89.94245684,57.00560448,72.03538346,91.49377593,62.56339106,54.34314429,65.30889341,48.23788546,60.04123711,85.42999289,72.60273973,60.88531187,80.83242059,73.31606218
Economy & Employment,Jobs and businesses,% of jobs that are part-time,2016,Percent of jobs being part time.,City of Ottawa: 2016 City of Ottawa Employment Survey,23,19.29053064,52.17391304,24.70760234,27.00871249,38.78923767,23.4939759,31.29432624,36.86244204,56.58654742,13.796254,30.32786885,10.10996977,23.13138275,42.66666667,27.43362832,51.95493704,9.886201991,47.52018454,34.56790123,40.64386318,7.348242812,21.3059034,16.96014829,44.58762887,43.19654428,15.19439483,26.43171806,30.83365055,8.506409619,8.743169399,35.60939794,28.30917874,34.67417538,41.6967509,25.43142598,0,55.56737589,27.38853503,36.51647613,28.87323944,31.12947658,40.63492063,66.21621622,7.032967033,23.64217252,38.43630399,9.724261707,22.06098843,32.35294118,53.71229698,46.13636364,20.63492063,20.5078125,59.62962963,23.68045649,28.32891767,30.96729297,50.03762227,40.69892473,6.046692607,20.92229299,43.21503132,24.39347991,26.09282245,14.37720848,30.43478261,52.8982992,47.65550239,40.85257549,15.24553802,28.25407844,37.99648506,33.90883978,19.07622982,40.15748031,41.04875571,31.0974359,22.48270561,12.57340762,32.16679077,53.36902344,31.64758731,21.23552124,45.12285927,28.07415815,20.7253886,19.48982516,33.52601156,30.96309631,39.7107438,35.56485356,44.31372549,24.39124487,29.53367876,46.75631045,38.57142857,22.18973359,10.05754316,42.99439552,27.96461654,8.506224066,37.43660894,45.65685571,34.69110659,51.76211454,39.95876289,14.57000711,27.39726027,39.11468813,19.16757941,26.68393782
Economy & Employment,Jobs and businesses,# of businesses in the neighbourhood,2016,Total number of businesses in a neighbourhood.,City of Ottawa: 2016 City of Ottawa Employment Survey,28039,132,2,376,125,94,61,137,148,24,393,168,3263,355,23,56,403,53,108,106,65,77,500,175,90,64,1023,125,123,201,5,319,361,159,62,156,1,175,32,129,117,137,171,13,104,53,108,79,458,229,75,99,221,102,283,80,656,119,96,166,675,851,70,403,320,221,86,155,432,93,1733,184,149,255,168,40,511,359,232,108,114,318,302,44,406,196,109,123,153,122,229,248,198,720,23,241,193,264,83,106,112,26,627,206,721,122,268,256,54,26,671,478
Economy & Employment,Jobs and businesses,% of jobs in agriculture and resource extraction,2016,"Agriculture and resource extraction includes (11) Agriculture, forestry, fishing and hunting, and (21) Mining, quarrying, and oil and gas extraction.",City of Ottawa: 2016 City of Ottawa Employment Survey,0.159173815,0.234535327,0,0.292397661,0,0,0,0,0,0.167691448,0,0,0.016214102,0.062652716,0,2.654867257,0,0,0.115340254,0,0,0,0,0,0,0,0,0,0,0,0,0.734214391,0.231884058,4.183427192,3.790613718,2.452316076,0,0,1.910828025,0,7.042253521,0,0,6.756756757,0,0,0,0,0.126182965,0,0,0,0,0,0,0,0,0.417536534,0,0,0,0,0,0,1.699946033,0,0,0,0,6.039076377,0.343031053,1.596667824,0,0,0.150206534,0,0,0,6.725595696,1.294985695,0,0,0,0.386100386,0,0.075671585,0,0,0,2.250225023,0,0,0,0,0,0,0,1.299545159,0,0,0,0,0,0,0.144263408,0,0,0,0,0,0,0.16763182
Economy & Employment,Jobs and businesses,% of jobs in construction and utilities,2016,Construction and utilities includes (22) Utilities and (23) Construction.,City of Ottawa: 2016 City of Ottawa Employment Survey,4.246246381,0.674289065,0,5.062134503,0.225879316,4.596412556,0.15060241,8.687943262,4.250386399,0,3.715547434,1.239504198,1.281867865,0.27567195,22.66666667,32.30088496,1.882041087,0.924608819,14.87889273,4.663923182,4.024144869,8.09371672,1.520572451,0.324374421,7.603092784,6.911447084,11.04547328,6.167400881,3.425961172,0.377620988,1.092896175,7.599118943,15.57487923,11.82622687,26.53429603,28.5195277,0,10.42553191,15.92356688,3.093476799,28.99061033,2.387511478,4.507936508,6.756756757,1.593406593,5.431309904,1.640240569,0.146842878,15.09989485,9.59653092,2.088167053,1.931818182,2.763080541,1.85546875,1.018518519,0.713266762,2.011578844,1.113430759,3.837471783,1.021505376,0.560311284,0.494267516,5.845511482,4.681576952,30.94981112,0.66254417,1.185770751,1.735508504,0.622009569,11.36767318,10.01753843,42.31169733,2.073813708,7.216850829,40.48066091,9.448818898,2.145759269,10.62564103,25.82628747,0.42162325,2.084884587,0.590732878,3.361831619,4.247104247,1.290642839,19.22058267,5.440414508,0.11464603,0.867052023,21.78217822,2.851239669,3.207810321,2.287581699,3.638850889,3.626943005,3.137532437,3.351648352,30.63677713,7.230422817,6.405124099,0.19193858,0.829875519,0.129174242,2.08183776,5.8299389,1.629955947,4.12371134,1.759061834,37.15753425,0.402414487,1.549053356,1.996342578
Economy & Employment,Jobs and businesses,% of jobs in manufacturing and transportation,2016,"Manufacturing and transportation includes (31-33) Manufacturing, (41) Wholesale trade, and (48-49) Transportation and warehousing.",City of Ottawa: 2016 City of Ottawa Employment Survey,8.386664618,0.996775139,0,21.21710526,4.09809616,0.896860987,2.861445783,0.709219858,0.540958269,0.037264766,6.182427288,0.05997601,1.815025704,0.400977382,6.666666667,16.15044248,1.391650099,69.77240398,2.76816609,1.371742112,2.213279678,28.0085197,6.189624329,31.52224282,0.386597938,2.375809935,17.49324541,5.601006923,3.387894937,0.476994932,0,2.496328928,15.63285024,14.80289622,9.205776173,4.995458674,0,1.134751773,2.547770701,2.420981843,6.338028169,0.183654729,2.158730159,64.86486486,1.703296703,4.792332268,5.440131219,37.41230217,9.947423764,6.184012066,4.292343387,3.181818182,10.31746032,0.537109375,0.37037037,1.141226819,2.384456874,2.087682672,0,0.698924731,23.74319066,5.85477707,12.4217119,3.241091736,23.42147868,0.655182568,6.324110672,0.381811871,2.320574163,15.63055062,28.54379449,20.34015967,0.421792619,7.458563536,21.89260233,20.47244094,3.42813611,11.85641026,10.26133743,1.174521909,3.648548027,1.255307366,13.57774236,30.11583012,1.216182676,7.11312902,0.431778929,0.745199197,2.601156069,25.29252925,1.983471074,2.092050209,1.764705882,19.11080711,4.14507772,3.302665723,2.307692308,15.46458739,1.526144608,2.081665332,0.125177335,40.45643154,0.48799158,1.36396267,13.59470468,1.27753304,1.237113402,1.083866382,13.35616438,0.402414487,2.065404475,7.985370314
Economy & Employment,Jobs and businesses,"% of jobs in information, education and science",2016,"Information, education and science includes (51) Information and cultural industries, (54) Professional, scientific and technical services, and (61) Educational services.",City of Ottawa: 2016 City of Ottawa Employment Survey,20.26703911,31.48636763,0,22.00292398,30.94546628,35.0896861,26.65662651,45.03546099,25.88871716,96.70206819,26.23724684,12.63494602,18.62141978,11.53436501,17.33333333,10.39823009,47.03777336,10.0284495,28.14302191,8.641975309,40.24144869,11.18210863,22.91592129,25.57924004,17.26804124,38.66090713,18.73425837,28.6972939,18.76665398,4.193580443,0,15.12481645,13.64251208,14.64199517,5.9566787,14.71389646,0,7.340425532,37.57961783,13.31540013,15.49295775,42.14876033,31.61904762,6.756756757,22.39010989,47.60383387,16.32039366,2.626855931,20.3575184,13.2918552,1.392111369,14.77272727,28.5420341,63.18359375,8.395061728,63.7660485,6.230988127,23.79958246,20.91798345,12.84946237,58.77431907,10.23694268,15.34446764,24.39347991,8.580679978,10.99087161,29.44664032,10.72544255,12.91866029,7.104795737,7.691117301,0.867754252,22.35500879,31.25,2.741269245,14.96062992,15.4773997,21.25128205,6.149116065,4.276464388,12.06254654,8.934834779,28.66251268,28.57142857,16.35641598,17.93416572,11.48531952,25.45141874,12.71676301,18.54185419,29.09090909,31.0088331,20,11.10123119,62.1761658,14.22505308,19.28571429,7.699805068,15.63672755,29.46357086,13.00175248,48.34024896,49.37804995,13.92677674,18.38934148,16.16740088,12.53608247,5.810234542,9.246575342,1.690140845,17.95493663,24.62663822
Economy & Employment,Jobs and businesses,"% of jobs in finance, real estate and enterprises",2016,"Finance, real estate and enterprises includes (52) Finance and insurance, (53) Real estate and rental and leasing, and (55) Management of companies and enterprises.",City of Ottawa: 2016 City of Ottawa Employment Survey,4.915915828,17.20902961,0,6.670321637,4.453049371,4.820627803,6.927710843,2.659574468,7.496136012,0.298118129,9.837064108,1.139544182,6.664949879,3.013595639,0,1.548672566,4.095427435,1.137980085,1.499423299,14.81481481,3.621730382,4.153354633,5.134168157,1.679796108,4.25257732,2.159827214,5.064798278,5.22341095,1.141987057,1.520421346,0.546448087,7.672540382,1.487922705,3.539823009,2.888086643,2.72479564,0,3.581560284,1.27388535,9.616677875,1.877934272,4.958677686,1.079365079,6.756756757,50.93406593,15.01597444,5.658829962,1.076847773,7.970557308,3.337104072,0.928074246,8.181818182,4.585537919,3.076171875,2.222222222,1.711840228,5.485232068,3.201113431,4.514672686,8.655913978,2.249027237,1.650955414,1.878914405,8.301743745,3.022126282,2.348351001,8.300395257,6.803193336,9.258373206,1.065719361,3.14660064,4.894133981,2.284710018,2.555248619,3.342095381,3.543307087,6.589639411,6.071794872,3.727901614,0.557145008,0.819061802,4.264352963,2.144616722,1.544401544,6.180193596,5.82671207,2.331606218,2.063628547,7.514450867,1.440144014,1.52892562,10.78568108,5.359477124,6.073871409,3.10880829,5.520169851,8.461538462,3.671215075,0.525394046,2.56204964,11.98364349,0.414937759,0.97598316,4.16367552,3.827223354,2.334801762,6.144329897,2.114427861,0,0.160965795,6.540447504,12.86193234
Economy & Employment,Jobs and businesses,% of jobs in health care and social assistance,2016,(62) Health care and social assistance.,City of Ottawa: 2016 City of Ottawa Employment Survey,9.667996568,7.15332747,0,11.45833333,3.743142949,33.52017937,40.06024096,18.26241135,14.68315301,0.838457239,6.045378407,8.456617353,2.517000963,44.82801829,0,0,10.74884029,8.819345661,5.651672434,13.4430727,13.68209256,22.68370607,12.84436494,5.375347544,29.76804124,28.72570194,1.291386179,2.831969792,11.19147316,0.894365497,0,9.581497797,4.193236715,14.07884151,1.985559567,2.906448683,0,5.673758865,0.636942675,6.45595158,6.455399061,19.10009183,12.57142857,0,15.46703297,6.07028754,64.78950246,8.631098058,13.64879075,7.239819005,9.280742459,6.931818182,20.781893,7.861328125,5.185185185,10.27104137,19.56628398,11.20389701,4.364183597,16.88172043,1.953307393,4.805095541,18.05845511,15.65579985,4.560172693,4.06360424,9.486166008,6.317250955,14.28229665,10.65719361,2.349633756,0.451232211,49.10369069,9.737569061,4.393541119,0,11.23666836,8.676923077,5.111452729,5.737087788,7.967237528,8.362562304,11.88233589,4.247104247,18.96252172,3.934922437,21.41623489,16.68099742,16.1849711,7.02070207,21.81818182,14.73733147,15.35947712,6.59370725,2.07253886,10.00235905,20.6043956,2.306692658,2.852139104,8.807045637,66.09363265,3.319502075,2.68873792,13.13711414,7.586558045,2.334801762,15.09278351,7.462686567,13.52739726,79.63782696,12.19683931,11.96281621
Economy & Employment,Jobs and businesses,"% of jobs in retail, accommodation and recreation",2016,"Retail, accommodation and recreation includes (44-45) Retail trade, (71) Arts, entertainment and recreation, and (72) Accommodation and food services.",City of Ottawa: 2016 City of Ottawa Employment Survey,19.16887789,18.00058634,0,24.72587719,30.5582446,13.11659193,5.722891566,11.96808511,24.3431221,0.111794298,9.410689813,2.339064374,8.304481769,4.811728588,44,25.22123894,27.93903247,6.685633001,39.79238754,44.71879287,15.2917505,10.96911608,15.49194991,14.45783133,24.22680412,5.183585313,17.85043733,42.85714286,38.25656643,6.499055948,97.26775956,36.63729809,10.16425121,18.42316975,39.71119134,20.70844687,0,54.36170213,12.7388535,40.95494284,25.70422535,17.53902663,32.12698413,6.756756757,2.912087912,5.431309904,3.717878622,2.83896231,12.51314406,39.44193062,77.84222738,58.29545455,14.90299824,3.80859375,77.99382716,3.423680456,23.24600137,15.72720946,59.96990218,46.1827957,7.070038911,29.18726115,33.08977035,26.42153146,14.13923368,9.761484099,27.07509881,62.54772648,48.89952153,33.39253996,16.756938,16.17493926,15.50087873,25.03453039,15.28351483,41.73228346,48.09547994,31.87692308,31.3989239,10.39000151,33.65599404,72.78936681,31.50268077,5.019305019,49.46636883,27.88497919,21.84801382,10.80538836,40.65510597,5.850585059,32.52066116,16.31799163,45.62091503,33.83036936,20.20725389,54.2108988,26.20879121,18.58349578,5.954465849,39.23138511,1.276808812,2.074688797,18.40493733,59.54773869,38.67107943,59.86784141,23.3814433,10.73205402,19.00684932,4.748490946,13.64418714,23.78847912
Economy & Employment,Jobs and businesses,% of jobs in other services,2016,"Other services include (56) Administrative and support, waste management and remediation services, (81) Other services (except public administration) and (91) Public administration.",City of Ottawa: 2016 City of Ottawa Employment Survey,33.18808579,24.24508942,100,8.570906433,25.97612133,7.959641256,17.62048193,12.67730496,22.79752705,1.844605925,38.57164611,74.13034786,60.77903993,35.07299041,9.333333333,11.72566372,6.905235255,2.631578947,7.151095732,12.34567901,20.92555332,14.90947817,35.90339893,21.06116775,16.49484536,15.98272138,28.52040115,8.621774701,23.82946327,86.03796085,1.092896175,20.15418502,39.07246377,18.50362027,9.927797834,22.9791099,100,17.4822695,27.38853503,24.14256893,8.098591549,13.68227732,15.93650794,1.351351351,5,15.65495208,2.43302351,47.26709088,20.33648791,20.90874811,4.176334107,6.704545455,18.10699588,19.67773438,4.814814815,18.97289586,41.07545874,42.44954767,6.395786305,13.70967742,5.649805447,47.77070064,13.3611691,17.30477635,13.62655154,71.51796231,18.18181818,11.4890663,11.69856459,14.74245115,31.15134633,13.36341548,8.260105448,16.74723757,11.71610965,9.842519685,13.02691722,9.641025641,10.79938509,76.14817046,39.76172748,3.802842902,8.868279959,25.86872587,6.527674361,18.00983731,37.04663212,44.1387217,19.46050096,17.82178218,10.20661157,21.85030219,9.607843137,19.65116279,4.663212435,9.601321066,19.78021978,20.33788174,66.27470603,11.44915933,7.327046649,4.564315353,27.93512583,5.778894472,11.9568907,16.3876652,37.48453608,71.0376688,7.705479452,12.95774648,46.04913159,16.61078939
Health & Wellness,Community Health and Resource Centres,% residents within 15 min walking distance of CHC/CRC,27-Sep-19,"Community Health and Resource Centre refers to a multi-service, community-based health and resource centre, which recognizes the importance of responding to the diversity of needs within local communities and pay particular attention to those members of the community who are most vulnerable and at risk.",Coalition of Community Health and Resource Centres of Ottawa,15.90535036,13.0618937,0,0,0,0,0,0,0,0,84.54787496,0,92.73367254,16.0546015,0,0,28.06390347,0,0,0,0,0,15.89158916,0,0,0,0,0,0,8.2960043,100,0,0,0,0,0,100,0,0,0,0,0,57.93744717,0,12.52832632,0,0,0,0,0,0,0,25.76549664,0,0,0,45.03182736,0,24.92530943,82.10691824,0,80.7903952,0,39.19603406,0,25.76939939,0,0,0.99445944,0,0,0,0,0,0,0,12.7460743,21.77226407,0,0,0,0,48.20521649,0,0,0,66.97195192,100,0,0,0,0,2.371820751,50.04113534,31.57494294,0,30.79436707,0,0,0,0,1.345755694,79.69539141,41.10760082,0.565957027,0,98.6952862,77.25195341,0,0,82.06175299,5.178412493
Health & Wellness,Community Health and Resource Centres,Avg. distance to nearest CHC/CRC (km),27-Sep-19,"Community Health and Resource Centre refers to a multi-service, community-based health and resource centre, which recognizes the importance of responding to the diversity of needs within local communities and pay particular attention to those members of the community who are most vulnerable and at risk.",Coalition of Community Health and Resource Centres of Ottawa,5.791894718,1.767229808,2.337816999,6.004989001,5.323176906,2.427067027,3.908754644,4.131020577,3.22960174,2.488872886,0.962099322,3.35066898,0.784394702,1.860520912,29.5795598,18.6895648,1.583265389,4.551455347,18.52954974,5.265378613,5.512331563,5.423393821,1.705405297,6.783925389,5.346990284,6.497360114,2.843981551,6.286495889,3.041776829,1.987480966,1.056390228,16.76172098,4.818043913,26.8194804,20.92586657,25.76458564,1.270394279,6.615974013,2.105428286,3.555272984,29.43576546,2.188636816,1.241221971,32.64166785,1.910440636,2.964047494,3.409884016,3.07217054,3.43614199,4.484545462,2.842794527,4.97267205,1.666419335,4.346188589,2.629703527,3.859390944,1.346047254,5.839326667,1.607687607,0.759352925,8.130452546,1.011216665,4.777030388,1.71021781,16.65445106,1.924376722,4.388195358,10.65919516,2.969676575,10.71716901,4.131348431,18.76093972,3.999151093,2.971260782,11.20998403,34.81196766,1.688895459,2.28288784,18.42597539,8.276306144,4.823894152,4.285655588,1.299668518,28.79461818,2.443370644,2.976137112,1.198473385,0.423922936,2.413583923,11.35306571,9.779882678,11.1795971,3.025003521,1.387299978,1.572997721,5.346801781,1.921720763,12.93658029,8.784680653,11.35493377,2.222934882,2.191689567,0.850847653,1.316495024,5.335859474,13.39834288,0.883306963,0.962937702,22.95167615,2.585560279,0.746178995,2.344242773
Health & Wellness,Community Health and Resource Centres,Number of Community CHC/CRCs,27-Sep-19,"Community Health and Resource Centre refers to a multi-service, community-based health and resource centre, which recognizes the importance of responding to the diversity of needs within local communities and pay particular attention to those members of the community who are most vulnerable and at risk.",Coalition of Community Health and Resource Centres of Ottawa,13,0,0,0,0,0,0,0,0,0,1,0,1,0,0,0,0,0,0,0,0,0,0,0,0,0,0,0,0,0,0,0,0,0,0,0,0,0,0,0,0,0,0,0,0,0,0,0,0,0,0,0,0,0,0,0,1,0,0,1,0,0,0,0,0,1,0,0,0,0,0,0,0,0,0,0,0,0,0,0,0,0,1,0,0,0,0,1,0,0,0,0,0,1,0,0,1,0,0,0,0,0,1,1,0,0,0,1,0,0,1,0
Education & Learning,French Elementary Schools,Avg. distance to nearest 3 French elementary schools (km),2019,"Elementary School, also known as a primary school, refers to an educational institution that administers the initial level of standardized academic instruction. Does not include private schools.","Conseil des écoles publiques de l'Est de l'Ontario, Conseil des écoles catholiques du Centre-Est",3.906291844,2.47010006,2.503027959,5.238109057,4.957967011,2.133888976,2.646063178,2.489694396,3.382156454,3.259899363,3.340962939,2.355262179,2.125585395,3.04433879,25.64478751,16.71281349,2.74543598,5.367765637,14.777933,2.309507571,2.730400297,2.660364308,2.23706686,4.501832477,3.131932707,3.607383372,4.368340949,2.239993397,1.811595182,3.141015645,2.62411181,7.229462864,5.075817853,17.32926455,17.51962244,15.40829209,1.768362923,2.174948601,3.093743618,1.753544976,17.97678503,2.038377587,2.940335267,19.51756595,2.840186701,2.116873569,2.828259269,2.186834857,2.262579759,2.587199881,3.790673603,3.661619988,2.530920382,3.370986415,3.801865145,3.490595216,2.274732232,2.858725701,3.60482601,2.949227725,4.241670398,1.664068951,1.821143473,2.443542763,13.90229336,2.677612552,1.844941348,2.040659589,1.968750938,9.100665424,2.589756909,13.27613943,2.154724238,1.526240187,6.934141569,31.10179206,2.390096936,2.934467759,12.96942943,4.711919441,3.190708661,3.656786302,3.520384255,25.93841671,3.144586115,1.89480245,1.482754499,1.041007896,2.629172348,6.554499347,1.976875769,3.637940735,1.688468029,2.046737459,3.568386296,1.367336612,1.528658558,10.07975167,2.38519595,2.810012765,2.966356971,2.283074893,1.128710957,3.4343255,5.340579714,2.959684472,1.188894911,1.437178312,12.60788137,2.568388556,2.051414404,3.595958754
Education & Learning,French Elementary Schools,Number of French elementary schools,2019,"Elementary School, also known as a primary school, refers to an educational institution that administers the initial level of standardized academic instruction. Does not include private schools.","Conseil des écoles publiques de l'Est de l'Ontario, Conseil des écoles catholiques du Centre-Est",54,0,0,0,0,1,1,2,0,0,0,0,0,0,0,0,0,0,0,0,0,0,1,0,0,0,0,2,1,0,0,0,0,1,0,0,0,2,0,0,0,1,0,0,1,0,0,0,2,0,0,0,1,0,0,0,1,1,1,0,1,0,0,0,0,1,1,1,2,0,0,0,2,3,0,0,0,0,0,0,1,1,1,0,0,1,0,1,0,0,2,0,1,0,0,4,2,0,0,2,0,0,1,0,1,1,1,2,1,0,1,0
Education & Learning,French Elementary Schools,% residents within 15 min walking distance,2019,"Elementary School, also known as a primary school, refers to an educational institution that administers the initial level of standardized academic instruction. Does not include private schools.","Conseil des écoles publiques de l'Est de l'Ontario, Conseil des écoles catholiques du Centre-Est",35.76519733,14.16860227,0,0,0,56.89781557,69.07063197,55.44262295,1.797334986,0,0,23.13319531,22.36704538,20.31704095,0,0,0.05585968,0,0,32.84591482,0,36.14013522,97.03970397,0,0,0,75.63822028,76.62575983,76.94166935,25.81974557,0,0,0,0,0,0,0,69.82925883,0,100,0,84.39839572,0,0,100,22.42912263,61.22679946,26.58282741,65.38142238,0,0,23.84359826,24.37142146,1.003824092,0,4.781420765,30.00310511,70.73588833,42.35310855,11.82389937,57.86833856,73.75354344,51.7208413,32.2125229,0,64.47172293,59.25381364,62.72315919,54.48217076,0,28.40753892,0,80.94983039,74.9301826,0,0,14.5614707,20.46964998,0,0,36.14112086,23.21929667,33.78669192,0,0,67.99583395,73.97443236,100,0,5.214940099,59.82648794,13.25703926,47.51715785,35.10386672,0,87.77544116,55.26336264,0,16.8443804,69.78986759,0,28.57142857,95.77020202,0,8.209667336,47.96053089,92.71885522,70.1754386,26.25737079,0,42.36055777,0
Education & Learning,French High Schools,Avg. distance to nearest 3 French high schools (km),2019,"High School, also known as a secondary school, refers to an educational institution that administers the second level of standardized academic instruction. Does not include private schools.","Conseil des écoles publiques de l'Est de l'Ontario, Conseil des écoles catholiques du Centre-Est",7.259449502,3.78900655,3.110426868,5.658963659,4.568848417,8.012386149,7.296132705,3.584965202,6.716424147,6.058295671,7.508763652,7.191018403,5.19320801,7.296288543,32.45113563,21.36874906,7.355206503,8.485537301,21.52413561,9.112106221,8.37412742,5.091992813,6.978801307,9.108031172,8.678104154,8.095325455,7.405880836,9.611863299,7.726743279,7.515969996,6.058660013,11.5453508,6.89829687,26.82918811,19.63200145,17.60322376,2.8887104,4.13533498,5.678497256,4.200988796,20.76792348,4.544293151,5.43130736,21.25035399,4.449957645,5.719384171,7.558782444,6.842002537,4.351508972,8.259434623,6.8320321,6.826559717,8.481978831,6.776702415,8.579090327,7.047318223,5.636522263,4.44002398,7.158845247,9.111732284,11.07340881,4.223018047,3.480966,8.72049342,19.62939908,2.912541782,3.755069612,5.394991537,5.292587534,10.47873183,4.766712087,18.49033024,4.680708926,3.778658203,13.30388809,37.56791034,5.589541036,3.746809419,18.51901593,6.899527667,7.89896716,7.945615898,5.118118907,31.77785886,8.522870944,6.809771418,3.704431792,3.473974986,3.016813664,7.951856175,4.804109042,4.943682597,3.706108201,3.061420576,7.039944614,3.261325715,3.900453449,10.75966388,5.5618045,7.904035188,4.150206705,4.048470987,3.679074236,7.316563472,6.597708881,6.813219816,3.073906069,2.780307065,18.48951704,2.727953679,6.328449856,8.231375862
Education & Learning,French High Schools,Number of French high schools,2019,"High School, also known as a secondary school, refers to an educational institution that administers the second level of standardized academic instruction. Does not include private schools.","Conseil des écoles publiques de l'Est de l'Ontario, Conseil des écoles catholiques du Centre-Est",15,0,0,0,1,0,0,1,0,0,0,0,0,0,0,0,0,0,0,0,0,0,0,0,0,0,0,0,0,0,0,0,0,0,0,0,0,1,0,0,0,0,0,0,0,0,0,0,0,0,0,0,0,0,0,0,0,1,1,0,0,0,0,0,0,2,0,1,0,0,0,0,1,0,0,0,0,0,0,0,0,0,0,0,0,0,0,1,0,1,1,0,1,0,0,1,0,0,0,0,0,0,0,0,1,0,0,0,0,0,0,0
Education & Learning,French High Schools,% residents within 15 min walking distance,2019,"High School, also known as a secondary school, refers to an educational institution that administers the second level of standardized academic instruction. Does not include private schools.","Conseil des écoles publiques de l'Est de l'Ontario, Conseil des écoles catholiques du Centre-Est",9.7581406,0,0,33.00852619,100,0,0,29.48360656,0,0,0,0,0,0,0,0,0,0,0,0,0,0,0,0,0,0,74.47118891,0,0,0,0,0,0,0,0,0,0,10.24447031,0,0,0,0,0,0,0,2.214393558,0,0,0,0,0,0,0,0,0,0,1.342959168,40.50446921,64.81718594,0,0,83.72519593,48.23570311,0,0,59.75449364,5.155302334,39.9259564,2.862622532,0,0,0,33.1101589,0.784103115,0,0,0,20.46964998,0,1.421800948,0,0,0,0,0,0,16.39000191,100,0,0,41.14658642,0,42.82398062,18.10983135,26.50266295,11.6485325,0,0,0,0,4.124926341,0,41.42992424,0,6.304498042,0,2.304292929,0,0,0,0,0
Environment & Sustainability,Networks and Trails,Total road network length (km),2019,Road network refers to a detailed road and highway network from DMTI CanMap route logistics combined with NCC-maintained road network at the Greenbelt Research Farm.,"DMTI Spatial Inc., National Capital Commission",7401.806872,27.03407492,1.601674932,34.53507947,15.81378178,28.04579586,21.0490677,79.90295021,21.79024656,9.476749296,35.795177,25.48775988,55.76536577,63.81690053,31.36793097,189.6687245,52.46626443,35.73997726,183.6557978,16.01728033,33.90918987,17.67669398,29.76605345,55.99558385,30.49773789,26.43146594,31.49136074,35.0784058,26.18056112,38.78089584,9.487181529,172.8978545,38.29130038,183.3119081,180.689396,219.5868822,0.38143903,58.72402277,25.48974479,4.716533568,194.9898993,34.81894266,24.75941202,163.2564914,24.2406485,22.95093853,24.55401209,34.55242933,56.25940354,29.58444253,19.64697913,19.01742907,43.76376689,39.24338467,20.44288,35.96456663,80.77858402,32.66692118,30.79667294,19.44186202,85.7746088,21.53578465,64.18553354,45.40847478,275.5999297,45.71639498,45.27158948,49.72047856,66.87228096,118.6876146,97.13960142,231.756703,46.89774225,74.19313359,50.07228286,199.7577893,50.21921738,49.28470712,165.5782942,334.1191201,41.95435145,84.80354599,67.72853652,151.3549144,43.84823256,26.9731106,22.55729012,13.99058993,22.8198947,156.470059,85.20072212,70.96836867,45.73120565,87.46481788,5.67727687,95.37930079,58.61371394,259.2926361,58.24738785,98.0843141,14.56085351,27.66608566,36.99065854,26.22259269,215.9113995,89.77172619,30.05898695,21.09151076,115.6859347,30.79833348,31.90698755,46.04577477
Environment & Sustainability,Networks and Trails,Road network density (km/km2),2019,Road network refers to a detailed road and highway network from DMTI CanMap route logistics combined with NCC-maintained road network at the Greenbelt Research Farm.,"DMTI Spatial Inc., National Capital Commission",2.646337816,12.11180237,2.407299287,10.29362295,11.5370136,11.89055517,11.06431574,12.27395253,10.21412747,10.39287397,13.19125112,12.04006853,16.64799127,8.499067512,5.317314243,1.361515895,13.2771345,6.47970727,1.447915901,8.837373814,15.60115121,15.27042345,16.24043984,3.659373735,8.904563235,14.51910395,6.880515186,8.041345786,12.14763997,15.50972037,10.90320332,2.953470741,5.895694209,1.310545712,1.326192025,1.509814241,1.860994885,5.891466032,6.706528891,8.97692915,1.434948927,20.26858362,17.14648615,0.666051609,13.33724916,11.10586643,13.3466322,10.73307856,9.459277784,9.325251347,8.965587173,10.98874334,13.70870909,12.16909778,12.71376817,12.66719354,13.01555997,11.056475,11.92587562,9.201942164,9.084344129,17.31225565,6.740214781,15.27473527,1.540413529,10.2538236,11.94472665,13.68676287,10.93329435,2.177915056,7.452202463,1.389651965,11.71415634,13.00631766,5.149106564,1.477498691,18.4271446,10.87659583,2.382047089,2.012981413,8.158640096,7.077556671,12.27398829,1.114776795,16.04426711,10.05343826,13.26532178,17.64738132,18.49769018,1.407495296,13.82785667,13.90914409,13.99352246,14.34112671,11.15130561,12.04666083,13.30810789,1.535814811,12.15417279,4.009304277,8.063325997,12.31121997,17.06431492,13.58159888,7.196768815,6.179623786,17.64910481,15.84463297,1.500642504,6.673057783,17.87093082,14.53507096
Environment & Sustainability,Networks and Trails,Road network length per capita (km/1000 residents),2019,Road network refers to a detailed road and highway network from DMTI CanMap route logistics combined with NCC-maintained road network at the Greenbelt Research Farm.,"DMTI Spatial Inc., National Capital Commission",8.073391984,3.72370178,na,7.540410364,3.819754052,4.142658177,4.063526583,3.296326329,3.412724598,na,3.645130041,3.656780471,1.992687717,5.84403851,14.0979465,51.54041426,6.068972173,9.319420408,31.12810132,2.855130183,3.18396149,2.662152708,3.043563747,27.78937164,2.903164007,2.996764845,38.17134635,4.193473497,4.448693479,6.732794417,16.07996869,18.96849748,12.89269373,35.08361877,50.12188516,41.82607279,na,5.840280733,6.054571208,27.74431511,36.37871256,4.73727111,3.98702287,86.37909598,3.951205949,3.854061885,5.736918712,7.755876393,5.459427806,6.993958045,4.158090821,3.8890448,3.820494709,4.77704013,2.219639522,5.49916921,6.388183789,4.03046529,4.239046516,3.049703846,5.433931504,4.210319579,5.667596781,5.003688682,41.41246126,4.090952571,4.26889104,4.136479082,4.522981465,28.19183245,55.03660137,65.19175893,4.030747078,3.946443276,5.732373539,61.84451682,3.962068433,4.444067369,16.82706242,204.9810553,6.946084678,5.147407951,5.95677542,77.02540174,4.529776091,2.000230671,4.594152774,2.254728433,3.262315183,37.74910952,3.369615271,3.948170719,4.409952329,4.567353414,1.064156864,4.14062517,4.788702119,34.41176325,4.025389623,6.99602811,2.404765237,13.83304283,3.222182799,6.326319105,6.877254323,5.401427569,2.912692534,3.225001645,45.54564358,120.7777784,3.372831665,4.024980312
Environment & Sustainability,Walkability & Cyclability,Perceived Walkability,2018,"Neighbourhood perceived walkability is derived from comparisons of Google Street View images and answers to “where would you rather walk?”. A machine-learning model was trained to do this task. Neighbourhoods were classified in deciles, with 10 being the most walkable and 1 being the least walkable.","Laboratory for Applied Geomatics and GIS Science, University of Ottawa",na,6,6,4,8,9,5,8,5,3,9,7,10,8,2,1,3,3,1,10,9,9,8,3,7,9,5,5,7,8,6,2,3,1,1,2,2,5,5,3,1,4,5,1,5,5,4,4,4,10,9,7,6,7,3,3,4,4,7,4,9,10,9,5,1,6,8,7,9,2,3,1,6,8,3,1,8,6,2,2,4,6,4,1,6,6,7,10,4,2,10,7,10,7,8,9,5,2,10,8,7,2,10,3,6,10,8,9,1,2,10,5
Community & Belonging,Walkability & Cyclability,Perceived Walkability,2018,"Neighbourhood perceived walkability is derived from comparisons of Google Street View images and answers to “where would you rather walk?”. A machine-learning model was trained to do this task. Neighbourhoods were classified in deciles, with 10 being the most walkable and 1 being the least walkable.","Laboratory for Applied Geomatics and GIS Science, University of Ottawa",na,6,6,4,8,9,5,8,5,3,9,7,10,8,2,1,3,3,1,10,9,9,8,3,7,9,5,5,7,8,6,2,3,1,1,2,2,5,5,3,1,4,5,1,5,5,4,4,4,10,9,7,6,7,3,3,4,4,7,4,9,10,9,5,1,6,8,7,9,2,3,1,6,8,3,1,8,6,2,2,4,6,4,1,6,6,7,10,4,2,10,7,10,7,8,9,5,2,10,8,7,2,10,3,6,10,8,9,1,2,10,5
Environment & Sustainability,Public Transit,Avg. # of public transit stops within 600m,20-Mar,Number of public transit stops within 600m.,"OC Transpo, Société de transport de l'Outaouais",10.12948366,13.50170788,0,6.601299229,13.20455591,9.2536285,5.259107807,9.284631148,6.930895569,4,17.13568682,8.922567288,19.91946051,10.92426244,0,0,7.932633225,6.217465268,0.057420832,14.35733869,12.68154415,11.10233559,17.0580058,3.110903659,13.52736904,10.31228847,6.218088986,6.513246932,10.57508862,14.91005196,17.70081301,1.664400442,8.041212534,1.04590638,1.055238095,0.510612974,2,6.276969344,6.241446453,9,0.155677656,9.655080214,13.17633136,0,8.288766591,8.348934742,10.47804436,11.37424111,8.680103312,11.2804151,8.331785564,8.379248658,14.02821343,9.601338432,12.39589276,9.930631451,12.42563267,10.72303171,10.70835112,18.0663522,8.196050157,19.10105053,12.49435077,14.64069404,0.141004415,9.194300745,9.35609263,7.856519951,11.27674386,0.805246987,5.974597105,0.060923774,9.552401357,13.95988185,6.485154257,0,13.58843355,8.785999114,0.342548683,0.422447221,6.4270763,6.255358529,12.73452699,0,14.68080265,10.05973813,13.82827705,21.57687973,14.71459044,1.668957012,11.4953691,9.819047079,11.008478,14.09132044,13.07380167,9.367833958,13.2705983,3.154769921,7.833429395,2.900043178,8.292722451,4.398033126,21.46338384,9.364430403,5.188707183,5.543951081,18.97253788,14.36517765,0.575095387,7,20.37181275,17.3683955
Environment & Sustainability,Public Transit,Avg. # of public transit routes stopping within 600m,20-Mar,Number of public transit routes at stops within 600m.,"OC Transpo, Société de transport de l'Outaouais",5.415479537,8.596939473,0,4.049939099,4.94178555,2.139275766,2.604089219,4.503401639,2.911682677,4,4.185386057,6.092615597,12.61214888,3.66111845,0,0,4.12769523,3.038559682,0.030141167,10.34198501,4.654609102,3.478948986,13.73147315,0.953323376,5.124975476,4.625097631,2.345733042,2.193141415,8.080889462,14.10231141,10.62601626,0.852978669,2.992166213,0.233688776,0.262857143,0.178734378,3,5.30878929,5.178303199,8,0.077838828,4.484090909,2.567202029,0,2.798478472,2.510317061,5.754187415,3.577406765,4.68425422,8.069551777,4.590966653,2.432660363,9.950211601,4.097872849,13.43650884,6.915300546,6.714562956,4.384841435,4.795134443,8.528459119,4.743824451,34.19843255,3.988353902,8.753852786,0.071743929,4.792108724,7.398548061,4.026573427,6.305938344,0.352871662,9.620322316,0.060923774,3.461613998,5.340601504,1.869171886,0,3.515511298,4.526539654,0.188376551,0.343171047,1.820729237,3.839453102,5.492381854,0,5.026789408,5.542553191,4.121350887,23.59732732,3.559300341,0.750880902,4.359490406,3.086114101,7.743540573,4.868726861,5.208470708,4.801225199,6.431105578,1.085746352,3.222334294,1.974165227,13.40601061,1.5936853,17.34651199,3.878461253,2.675923793,2.455631992,4.944970539,3.602093469,0.196323274,7,6.248605578,17.71494457
Environment & Sustainability,Public Transit,Number of public transit stops,20-Mar,Total number of public transit stops,"OC Transpo, Société de transport de l'Outaouais",5829,51,6,39,35,39,16,103,32,9,83,42,102,95,0,0,51,45,4,21,43,26,39,49,63,32,69,35,39,51,15,68,76,12,22,18,1,69,28,17,3,37,31,0,23,31,36,48,86,53,29,28,76,51,33,48,124,56,44,45,116,32,75,59,11,77,54,44,127,61,184,29,60,138,42,0,52,74,18,125,50,103,95,0,61,48,28,27,37,90,116,103,68,136,21,110,108,78,50,56,37,7,64,28,198,55,51,34,18,11,53,83
Environment & Sustainability,Public Transit,Number of public transit stops per 1000 people,20-Mar,Number of public transit stops per 1000 people.,"OC Transpo, Société de transport de l'Outaouais",6.254694508,6.96816505,10.71428571,7.917174178,8.053382421,5.71763671,2.973977695,4.221311475,4.958165479,1800,8.18459718,5.797101449,3.554750122,8.366358432,0,0,5.697687409,12.75871846,0.763067531,3.838420764,4.181252431,3.995082975,3.900390039,18.29723674,6.180105945,4.16558188,50.32822757,4.014221814,6.284241057,9.138147285,24.3902439,5.77887312,25.88555858,2.16880535,5.986394558,3.570720095,2.34741784,6.693830035,7.788595271,128.7878788,0.549450549,4.946524064,5.240912933,0,3.722887666,5.20046972,8.148483477,10.40763226,7.932847523,11.70236255,6.120726045,7.155635063,6.306530578,6.094646272,3.76497433,7.285974499,9.625834498,6.856862985,6.259780908,7.075471698,7.272727273,5.336001334,6.518338258,6.358443798,1.517660044,6.751424814,4.962323102,3.619909502,9.02116778,14.41739541,50.25949194,8.21762539,5.356186395,7.411385607,4.871259569,0,3.983148219,6.557377049,1.816163858,26.92804826,8.440243079,6.149620873,8.177670655,0,6.309474555,3.570897188,5.342491891,4.347126067,5.261660978,15.85623679,4.533197858,5.835363435,6.863140896,6.993006993,5.325893989,5.028801317,8.402707539,8.754208754,3.602305476,4.029936672,5.450795522,3.623188406,5.050505051,5.203493774,6.515086703,3.82183309,5.366161616,5.012531328,6.243496358,30.05464481,5.278884462,6.715753702
Environment & Sustainability,Public Transit,Number of public transit stops per km2,20-Mar,Number of public transit stops per square kilometer.,"OC Transpo, Société de transport de l'Outaouais",2.084005628,22.84901268,9.017932059,11.62444972,25.53440294,16.53480093,8.410303692,15.8219078,14.99992569,9.870036953,30.58718896,19.84022451,30.45071231,12.65199981,0,0,12.90608101,8.158562189,0.031535425,11.58653943,19.78370774,22.46070504,21.27850624,3.202204543,18.39439652,17.57796286,15.0757394,8.023372102,18.09579086,20.39653086,17.23884478,1.161587638,11.70168564,0.0857912,0.161471703,0.123762659,4.878879036,6.922399676,7.366994472,32.3559227,0.022077281,21.53820698,21.46824287,0,12.65464209,15.00077475,19.56823828,14.91031979,14.4597674,16.70602111,13.23368984,16.17909616,23.80649485,15.81474157,20.52325062,16.90623151,19.97966981,18.95380946,17.03880573,21.29875199,12.28549956,25.72426265,7.875857389,19.84672212,0.061482413,17.27048727,14.24768263,12.11206295,20.76388545,1.119348627,14.11582128,0.173888852,14.98684898,24.19188609,4.319005712,0,19.08057452,16.33099065,0.258952104,0.753092719,9.723234675,8.59620112,17.21621265,0,22.32017659,17.89059645,16.46602974,34.05712685,19.86303958,0.8095771,18.82649975,20.18704767,20.80766325,22.29917446,41.248194,13.89329425,24.52114967,0.462001378,10.43323421,2.289061626,20.48939382,3.11594344,29.52410684,14.50218036,6.599745215,3.786039577,29.94460016,25.54191243,0.233490486,2.759531934,29.68501279,26.20025173
Arts & Culture,Coffee Shops,Avg. distance to nearest 3 coffee shops (km),19-Sep,A coffee shop is a fast-food outlet that primarily serves coffee.,ONS Food Environment Database,2.520364592,1.349762792,1.709600371,1.409957141,1.816880569,1.175499609,1.517155024,1.952704151,1.967453511,0.710826281,1.320418857,0.982540365,0.367894203,0.971208471,22.4748309,10.87656581,0.91348868,2.635981425,11.94056694,1.068959713,1.285601074,1.16678498,0.596701523,1.68827506,1.739110754,1.806384893,2.105324674,1.445386277,1.033712574,0.920295959,0.811335133,3.811986353,1.758701257,18.53324064,14.49154944,12.42181831,1.428300988,3.492856036,2.051024158,1.216829494,14.7369275,1.366313121,0.574326359,15.07755529,1.044631594,1.602308586,1.213686458,1.939222437,2.100156941,1.250569557,1.346669269,2.00282163,1.088760346,1.721559786,0.968699507,2.267207183,1.1683648,2.91954204,1.458769986,0.805300937,1.71156589,0.345689,2.145310762,0.870670756,10.03913263,1.042384667,1.820630083,1.508435836,1.664619374,6.597976203,1.388662698,13.47407301,1.182182886,1.518163433,4.479605259,17.31553224,0.634549388,1.207836553,9.683444306,3.728670207,1.808665475,1.788290193,1.38719932,18.24532889,0.714674815,1.435785415,0.671255378,0.627755707,1.425066702,7.466747515,1.253690477,2.101466978,1.004647295,0.995103986,1.547448802,2.044695419,1.216339023,9.051027911,1.624976915,4.413236546,1.389779408,1.464718566,0.547975686,1.102883377,1.964481736,2.934980044,0.874332073,1.067239008,18.5189013,0.952283174,0.585279574,0.796874068
Arts & Culture,Coffee Shops,Number of coffee shops,19-Sep,A coffee shop is a fast-food outlet that primarily serves coffee.,ONS Food Environment Database,275,1,0,2,1,0,0,0,1,3,0,2,52,8,0,0,5,0,0,1,2,0,5,3,0,0,4,1,3,1,0,3,2,0,0,0,0,1,0,0,0,0,4,0,2,0,0,1,1,3,2,1,1,0,2,0,6,1,1,3,4,13,0,5,0,5,1,2,5,1,8,0,1,3,1,0,5,5,0,0,1,6,2,0,7,1,3,0,1,0,4,1,2,8,0,4,0,0,3,0,2,0,21,3,6,1,1,0,0,1,5,4
Arts & Culture,Coffee Shops,Number of coffee shops (with 50m buffer) per 1000 people,19-Sep,A coffee shop is a fast-food outlet that primarily serves coffee.,ONS Food Environment Database,na,0.137741047,NA,0.436681223,0.241545894,0,0,0.041254125,0.156617071,NA,0,0.430416069,1.858138288,0.824175824,0,0,0.809716599,0,0,0.178253119,0.187793427,0.301204819,0.511247444,1.488833747,0,0,4.848484848,0.239091452,0.509770603,0.347222222,0,0.329127811,0.673400673,0,0,0,NA,0.198906017,0,5.882352941,0,0,0.644122383,0,0.488997555,0,0,0.224466891,0.194080543,0.945626478,0.423280423,0.204498978,0.174596246,0.121728545,0.325732899,0,0.474495848,0.123380629,0.412938747,0.470588235,0.253405131,3.323558162,0,0.550964187,0,0.536912752,0.094295144,0.166389351,0.338180588,0.237529691,4.532577904,0.281293952,0.085947572,0.159574468,0.114481969,0,0.394477318,0.541027953,0,0,0.165562914,0.364188164,0.263852243,0,1.136363636,0.07415647,0.610997963,0.161160355,0.142959257,0.241254524,0.158196559,0.055632823,0.385728062,0.522193211,0,0.173648795,0.245098039,0,0.207325501,0,0.330305533,0,2.090592334,0.965018094,0.191113235,0.120336943,0.290697674,0.305810398,0,3.921568627,0.528541226,0.611888112
Arts & Culture,Coffee Shops,% residents within 15 min walking distance,19-Sep,A coffee shop is a fast-food outlet that primarily serves coffee.,ONS Food Environment Database,63.82012423,72.22298128,0,63.37799432,81.20110446,88.33015687,56.18959108,26.63934426,79.34614193,100,74.78552411,96.65976536,100,87.92602378,0,0,94.04535806,0.992344769,0,73.73423506,99.0470634,100,100,48.43166542,48.61683343,58.18797188,5.324580598,94.689758,84.54721238,100,100,18.74734427,57.86784741,0,0,0,100,0,41.61335188,100,0,53.2486631,100,0,100,64.18386177,77.56903576,59.34518647,47.02518218,68.95561934,100,64.6818298,98.48145382,82.63623327,100,26.03217972,73.9481447,87.96375658,49.210414,90.01572327,58.79623824,100,53.1461846,100,1.145143488,100,26.43815475,66.50761004,45.81616707,6.263294729,97.13193117,0,88.43956436,66.69172932,31.08327534,0,100,82.76473195,0,0,49.66239028,39.02322527,67.69389688,0,100,84.24341616,99.71379508,100,51.79180887,0,87.16245262,35.94697184,97.3960436,97.24393254,34.39005833,32.65977873,73.46922897,0,84.14985591,0,100,50.36231884,100,70.86043486,41.50241848,0,98.61111111,100,0,100,100,100
Community & Belonging,Coffee Shops,Avg. distance to nearest 3 coffee shops (km),19-Sep,A coffee shop is a fast-food outlet that primarily serves coffee.,ONS Food Environment Database,2.520364592,1.349762792,1.709600371,1.409957141,1.816880569,1.175499609,1.517155024,1.952704151,1.967453511,0.710826281,1.320418857,0.982540365,0.367894203,0.971208471,22.4748309,10.87656581,0.91348868,2.635981425,11.94056694,1.068959713,1.285601074,1.16678498,0.596701523,1.68827506,1.739110754,1.806384893,2.105324674,1.445386277,1.033712574,0.920295959,0.811335133,3.811986353,1.758701257,18.53324064,14.49154944,12.42181831,1.428300988,3.492856036,2.051024158,1.216829494,14.7369275,1.366313121,0.574326359,15.07755529,1.044631594,1.602308586,1.213686458,1.939222437,2.100156941,1.250569557,1.346669269,2.00282163,1.088760346,1.721559786,0.968699507,2.267207183,1.1683648,2.91954204,1.458769986,0.805300937,1.71156589,0.345689,2.145310762,0.870670756,10.03913263,1.042384667,1.820630083,1.508435836,1.664619374,6.597976203,1.388662698,13.47407301,1.182182886,1.518163433,4.479605259,17.31553224,0.634549388,1.207836553,9.683444306,3.728670207,1.808665475,1.788290193,1.38719932,18.24532889,0.714674815,1.435785415,0.671255378,0.627755707,1.425066702,7.466747515,1.253690477,2.101466978,1.004647295,0.995103986,1.547448802,2.044695419,1.216339023,9.051027911,1.624976915,4.413236546,1.389779408,1.464718566,0.547975686,1.102883377,1.964481736,2.934980044,0.874332073,1.067239008,18.5189013,0.952283174,0.585279574,0.796874068
Community & Belonging,Coffee Shops,Number of coffee shops,19-Sep,A coffee shop is a fast-food outlet that primarily serves coffee.,ONS Food Environment Database,275,1,0,2,1,0,0,0,1,3,0,2,52,8,0,0,5,0,0,1,2,0,5,3,0,0,4,1,3,1,0,3,2,0,0,0,0,1,0,0,0,0,4,0,2,0,0,1,1,3,2,1,1,0,2,0,6,1,1,3,4,13,0,5,0,5,1,2,5,1,8,0,1,3,1,0,5,5,0,0,1,6,2,0,7,1,3,0,1,0,4,1,2,8,0,4,0,0,3,0,2,0,21,3,6,1,1,0,0,1,5,4
Community & Belonging,Coffee Shops,Number of coffee shops (with 50m buffer) per 1000 people,19-Sep,A coffee shop is a fast-food outlet that primarily serves coffee.,ONS Food Environment Database,na,0.137741047,NA,0.436681223,0.241545894,0,0,0.041254125,0.156617071,NA,0,0.430416069,1.858138288,0.824175824,0,0,0.809716599,0,0,0.178253119,0.187793427,0.301204819,0.511247444,1.488833747,0,0,4.848484848,0.239091452,0.509770603,0.347222222,0,0.329127811,0.673400673,0,0,0,NA,0.198906017,0,5.882352941,0,0,0.644122383,0,0.488997555,0,0,0.224466891,0.194080543,0.945626478,0.423280423,0.204498978,0.174596246,0.121728545,0.325732899,0,0.474495848,0.123380629,0.412938747,0.470588235,0.253405131,3.323558162,0,0.550964187,0,0.536912752,0.094295144,0.166389351,0.338180588,0.237529691,4.532577904,0.281293952,0.085947572,0.159574468,0.114481969,0,0.394477318,0.541027953,0,0,0.165562914,0.364188164,0.263852243,0,1.136363636,0.07415647,0.610997963,0.161160355,0.142959257,0.241254524,0.158196559,0.055632823,0.385728062,0.522193211,0,0.173648795,0.245098039,0,0.207325501,0,0.330305533,0,2.090592334,0.965018094,0.191113235,0.120336943,0.290697674,0.305810398,0,3.921568627,0.528541226,0.611888112
Community & Belonging,Coffee Shops,% residents within 15 min walking distance,19-Sep,A coffee shop is a fast-food outlet that primarily serves coffee.,ONS Food Environment Database,63.82012423,72.22298128,0,63.37799432,81.20110446,88.33015687,56.18959108,26.63934426,79.34614193,100,74.78552411,96.65976536,100,87.92602378,0,0,94.04535806,0.992344769,0,73.73423506,99.0470634,100,100,48.43166542,48.61683343,58.18797188,5.324580598,94.689758,84.54721238,100,100,18.74734427,57.86784741,0,0,0,100,0,41.61335188,100,0,53.2486631,100,0,100,64.18386177,77.56903576,59.34518647,47.02518218,68.95561934,100,64.6818298,98.48145382,82.63623327,100,26.03217972,73.9481447,87.96375658,49.210414,90.01572327,58.79623824,100,53.1461846,100,1.145143488,100,26.43815475,66.50761004,45.81616707,6.263294729,97.13193117,0,88.43956436,66.69172932,31.08327534,0,100,82.76473195,0,0,49.66239028,39.02322527,67.69389688,0,100,84.24341616,99.71379508,100,51.79180887,0,87.16245262,35.94697184,97.3960436,97.24393254,34.39005833,32.65977873,73.46922897,0,84.14985591,0,100,50.36231884,100,70.86043486,41.50241848,0,98.61111111,100,0,100,100,100
Food Environment,Convenience Stores,Avg. distance to nearest 3 convenience stores (km),19-Sep,"Convenience stores are primarily engaged in retailing a limited line of convenience items that generally includes milk, bread, soft drinks, snacks, tobacco products, newspapers and magazines. These establishments may retail a limited line of canned goods, dairy products, fresh and prepared meats, baked goods, household paper and cleaning products, as well as alcoholic beverages, and provide related services, such as lottery ticket sales and video rental.",ONS Food Environment Database,1.692924259,1.045297769,0.967216048,1.051697266,0.960227911,1.231708816,0.976198865,1.68282928,0.742511747,1.781530899,0.695341846,0.994697353,0.311151933,0.904560328,8.014866657,10.20695706,1.051197692,1.542479684,8.225289062,0.798785713,0.933442769,0.940701479,0.370690887,1.752261399,0.979468125,1.089046218,1.455170545,0.877780284,0.81641402,0.866007307,0.593458966,3.265220324,1.591093145,7.431923283,12.25468245,8.761407018,0.837769999,2.388857386,1.489865172,0.612641639,9.105151433,0.858014966,0.834302497,11.77922181,0.70613562,1.299951312,1.012283016,1.463312968,1.352918033,1.029553784,1.351772548,1.620111139,0.927522846,1.173274502,1.138319214,1.574820276,1.165626414,0.868238096,1.108023222,0.73205794,1.375080784,0.308170771,1.397910356,0.74085356,7.353194545,0.94708926,1.103321806,1.436232558,1.195895157,4.616538704,1.169549759,6.156558046,0.938232189,1.112606648,1.856009133,9.728145035,0.579014522,1.223185582,4.191706559,2.889744105,1.391790422,1.621396283,1.045166035,8.696201362,0.993523144,0.675588627,0.764796231,0.45380126,0.637921885,4.618534312,1.068795258,1.266805515,0.90279879,0.578851097,1.261430448,1.469303015,0.944651008,3.167960707,1.292087566,2.428127781,0.988518964,1.322287557,0.418656723,0.933386736,1.692112045,2.790908201,0.438241943,0.506874941,7.414706728,0.954099522,0.456922583,1.334090997
Food Environment,Convenience Stores,Number of convenience stores,19-Sep,"Convenience stores are primarily engaged in retailing a limited line of convenience items that generally includes milk, bread, soft drinks, snacks, tobacco products, newspapers and magazines. These establishments may retail a limited line of canned goods, dairy products, fresh and prepared meats, baked goods, household paper and cleaning products, as well as alcoholic beverages, and provide related services, such as lottery ticket sales and video rental.",ONS Food Environment Database,388,2,0,4,3,1,1,2,6,0,4,1,33,3,1,0,4,2,2,2,2,0,10,2,2,1,4,4,5,1,0,6,1,1,0,1,0,4,1,1,2,4,2,0,5,0,0,1,3,4,2,0,2,2,2,1,5,3,2,3,5,9,2,5,1,6,4,1,7,2,12,3,4,6,2,1,6,6,3,2,2,6,5,1,2,9,0,2,4,2,6,3,4,18,0,4,3,4,2,2,3,0,13,4,12,3,10,6,1,0,8,2
Food Environment,Convenience Stores,Number of convenience stores (with 50m buffer) per 1000 people,19-Sep,"Convenience stores are primarily engaged in retailing a limited line of convenience items that generally includes milk, bread, soft drinks, snacks, tobacco products, newspapers and magazines. These establishments may retail a limited line of canned goods, dairy products, fresh and prepared meats, baked goods, household paper and cleaning products, as well as alcoholic beverages, and provide related services, such as lottery ticket sales and video rental.",ONS Food Environment Database,na,0.41322314,NA,1.091703057,0.724637681,0.147710487,0.579150579,0.082508251,0.939702428,NA,0.407331976,0.286944046,1.250670002,0.641025641,0.449438202,0,0.809716599,0.521512386,0.338983051,0.356506239,0.187793427,0.301204819,1.022494888,0.992555831,0.190385531,0.22675737,6.060606061,0.717274357,0.849617672,0.520833333,0,0.658255623,0.673400673,0.19138756,0,0.19047619,NA,0.596718051,0.237529691,11.76470588,0.373134328,0.544217687,0.322061192,0,0.814995925,0.167926113,0.46728972,0.224466891,0.291120815,1.182033097,0.423280423,0.204498978,0.174596246,0.365185636,0.217155266,0.152905199,0.395413207,0.370141888,0.550584997,0.470588235,0.316756414,2.541544477,0.264900662,0.771349862,0.15026296,0.536912752,0.471475719,0.166389351,0.743997295,0.475059382,8.498583569,1.406469761,0.343790288,0.319148936,0.343445907,0.619195046,0.473372781,0.631199279,0.508130081,4.90797546,0.496688742,0.364188164,0.527704485,0.508905852,0.309917355,0.741564702,0.407331976,0.966962127,0.85775554,0.723763571,0.276843979,0.222531293,0.578592093,1.044386423,0,0.173648795,0.571895425,0.663570007,0.207325501,0.142653352,0.495458299,0,1.480836237,1.206272618,0.382226469,0.180505415,1.259689922,1.681957187,0.393700787,0,0.951374207,0.174825175
Food Environment,Convenience Stores,% residents within 15 min walking distance,19-Sep,"Convenience stores are primarily engaged in retailing a limited line of convenience items that generally includes milk, bread, soft drinks, snacks, tobacco products, newspapers and magazines. These establishments may retail a limited line of canned goods, dairy products, fresh and prepared meats, baked goods, household paper and cleaning products, as well as alcoholic beverages, and provide related services, such as lottery ticket sales and video rental.",ONS Food Environment Database,78.28151671,99.07091133,100,74.74624442,86.60837552,95.1473391,100,75.57786885,96.6067555,0,100,100,100,97.89520035,40.19014693,0,92.01206569,72.41281542,1.487981686,83.82379821,100,98.98586355,100,44.62285288,93.54522268,96.48529029,96.86360321,95.99724739,100,90.87977065,100,18.01648679,37.56811989,27.07392012,0,2.777226741,100,22.52619325,75.02086231,100,35.21978022,100,100,0,100,68.89783593,91.8741512,100,54.19241767,83.08677412,100,61.43623818,98.48145382,98.24330784,100,67.28901032,68.89458159,88.75964246,86.47033717,84.88993711,66.43260188,100,83.33043629,99.68746632,8.567880795,87.60192898,100,71.46853147,83.40673391,13.40108721,66.86697624,3.627089827,95.87573648,94.26960258,46.38135003,0,100,88.58661941,6.296034709,5.622576476,65.04051317,48.17601051,84.18696738,0.780843311,97.64170459,92.02499628,99.61839344,100,100,19.11557435,96.04126773,96.30615829,100,97.56273139,36.19071773,61.6485325,92.88103945,31.57126824,97.64409222,77.61945884,94.90276959,63.35403727,100,96.58056123,48.23138429,0,100,100,0,100,100,100
Food Environment,Fast Food,Avg. distance to nearest 3 fast food outlets (km),19-Sep,"Fast food outlet refers to an establishment where customers generally order and pay for prepared food (e.g. burgers, fries, pizza, shawarma, fried chicken, coffee and other non-alcoholic beverages) in advance at a counter or over the phone. The food is expected to be provided in a timely manner and can be either consumed on the premises, readied for take-out or delivered to a location selected by the customer.",ONS Food Environment Database,1.531014832,0.663871574,0.993601742,0.960465495,0.932857318,0.908064932,0.952079258,1.302988071,0.66158892,0.698866436,0.65148702,0.728974955,0.263573922,0.685803952,19.36365032,9.708832947,0.654012684,2.426803844,10.67686548,0.615054734,0.812455445,0.675951613,0.395687985,1.269860399,0.607570226,1.037102039,1.554473588,0.803244846,0.524939441,0.657580231,0.764326336,3.175804024,1.634482797,5.405582891,11.52381042,6.455404264,0.739793391,2.267738212,1.219110944,0.670847601,6.84441765,0.707588184,0.424471766,10.60850139,0.591401257,1.001129308,0.958309153,1.708377845,1.320665813,0.83993562,1.049326099,1.073397437,0.700501321,1.048604621,0.631885938,1.196498728,0.834596589,0.829854891,1.008906146,0.498351744,0.969940475,0.248415968,0.960493386,0.576655096,6.576017844,0.615968435,1.110749347,0.845260743,0.853146378,4.589710401,0.857756486,7.636489566,0.657815931,1.00097178,1.644946118,12.96299965,0.460455442,0.837476001,5.686314633,2.79270124,1.117330124,1.338476062,0.994808285,12.99691921,0.512124554,0.628401476,0.575661729,0.383590499,0.772836206,6.279611208,0.752677545,0.922105244,0.650494194,0.580693699,1.179504201,1.41551016,0.864247749,2.522637857,1.076964613,1.439334297,0.904708579,1.289491609,0.368013666,0.726121166,1.226521052,2.776643702,0.458212976,0.397625154,8.663184908,0.801457814,0.284012553,0.588589735
Food Environment,Fast Food,Number of fast food outlets,19-Sep,"Fast food outlet refers to an establishment where customers generally order and pay for prepared food (e.g. burgers, fries, pizza, shawarma, fried chicken, coffee and other non-alcoholic beverages) in advance at a counter or over the phone. The food is expected to be provided in a timely manner and can be either consumed on the premises, readied for take-out or delivered to a location selected by the customer.",ONS Food Environment Database,1148,15,0,7,3,1,1,3,7,7,5,4,157,18,0,0,22,0,0,5,3,3,19,9,3,2,17,5,12,3,0,9,2,3,0,2,0,13,2,2,2,7,12,0,5,0,0,1,1,23,8,3,5,3,21,1,29,4,5,12,17,42,5,11,2,24,6,14,27,2,37,1,9,13,4,1,14,24,1,2,5,23,11,0,21,15,4,3,5,0,17,13,10,49,0,22,3,4,4,4,4,0,58,13,29,7,10,9,1,1,29,12
Food Environment,Fast Food,Number of fast food outlets (with 50m buffer) per 1000 people,19-Sep,"Fast food outlet refers to an establishment where customers generally order and pay for prepared food (e.g. burgers, fries, pizza, shawarma, fried chicken, coffee and other non-alcoholic beverages) in advance at a counter or over the phone. The food is expected to be provided in a timely manner and can be either consumed on the premises, readied for take-out or delivered to a location selected by the customer.",ONS Food Environment Database,na,2.066115702,NA,1.528384279,0.724637681,0.295420975,0.579150579,0.247524752,1.096319499,NA,0.509164969,1.004304161,5.860282294,2.380952381,0,0,3.817235396,0,0.169491525,1.247771836,0.375586854,1.355421687,1.942740286,4.466501241,0.571156592,0.22675737,24.24242424,0.717274357,2.039082413,0.868055556,0,0.987383434,1.346801347,0.574162679,0,0.380952381,NA,1.790154152,0.475059382,17.64705882,0.373134328,0.952380952,1.93236715,0,1.140994295,0.167926113,0,0.224466891,0.679281902,5.673758865,1.904761905,1.022494888,0.785683108,0.486914181,2.497285559,0.152905199,2.293396599,0.493522517,1.65175499,1.882352941,1.076971809,9.775171065,0.441501104,1.542699725,0.30052592,2.237136465,0.660066007,1.164725458,2.096719648,0.475059382,23.22946176,0.562587904,1.031370864,0.85106383,0.572409845,0.309597523,1.104536489,2.524797115,0.101626016,4.294478528,0.82781457,1.396054628,1.231310466,0,3.409090909,1.334816463,1.018329939,1.611603546,1.000714796,0.241254524,0.711884517,0.778859527,1.639344262,2.976501305,0,0.955068374,0.89869281,0.796284008,0.276434001,0.285306705,0.660611065,0,5.662020906,3.860072376,0.955566173,0.481347774,1.550387597,2.905198777,0.393700787,3.921568627,3.171247357,1.660839161
Food Environment,Fast Food,% residents within 15 min walking distance,19-Sep,"Fast food outlet refers to an establishment where customers generally order and pay for prepared food (e.g. burgers, fries, pizza, shawarma, fried chicken, coffee and other non-alcoholic beverages) in advance at a counter or over the phone. The food is expected to be provided in a timely manner and can be either consumed on the premises, readied for take-out or delivered to a location selected by the customer.",ONS Food Environment Database,78.98446319,97.47233229,100,76.10637434,88.56419696,92.81630259,92.99256506,75.83606557,96.6067555,100,100,100,100,89.23822105,0,0,100,0.992344769,0.534147272,85.21294096,100,100,100,48.43166542,95.40906416,77.1023171,57.40335522,98.47459571,100,100,100,23.74436985,57.86784741,28.70052413,0,3.630232097,100,21.75009701,75.02086231,100,25.43956044,100,100,0,100,75.02096964,93.07378904,61.01474415,47.32958214,83.08677412,100,70.81523128,100,98.72131931,100,94.03460838,92.12855147,89.45757316,66.70934699,100,75.67398119,100,87.7107596,100,5.918874172,100,63.93126264,87.37967914,95.46810627,6.263294729,98.77082764,0,97.36654169,96.12781955,49.0605428,8.62590799,100,94.91360213,3.20855615,5.730288669,65.93517893,62.68433936,93.59559267,0,100,84.24341616,99.71379508,100,97.22696246,0,95.63875103,96.44212792,97.92087202,97.56273139,36.19071773,60.72963335,90.74924142,30.56116723,85.05043228,62.18336212,100,51.24223602,100,97.52834046,65.22983778,0,100,100,24.52306625,100,100,100
Food Environment,Grocery Stores,Avg. distance to nearest 3 grocery stores (km),19-Sep,"Grocery store refers to a store where the primary food lines include products such as canned, dry and frozen foods; fresh fruits and vegetables; fresh and prepared meats, fish, poultry, dairy products, baked products and snack foods. Other non-food household products are also sold (e.g. cleaning supplies, cookware, toiletries, and non-prescription drugs). This includes both supermarkets and small grocers.",ONS Food Environment Database,2.480981803,1.336827842,1.606792568,1.422146855,1.037646596,1.518068667,2.207757493,2.46643987,1.572639556,1.957003492,1.409792853,1.893351268,0.517093898,1.164352525,22.76617107,11.74522629,1.03278929,2.464210173,12.25002571,0.728293898,1.868111057,1.063342683,0.623540291,2.516509454,1.560148225,3.45718233,2.156061344,1.466180575,1.814078588,0.62851667,0.930371941,5.531934219,2.626979757,11.71296966,14.23360704,9.246493528,1.148857928,3.145895504,2.355977999,1.828098756,10.68212905,1.345916837,1.086766814,14.29128841,1.852041489,1.150972039,1.877097939,1.999507178,2.216661971,1.266220445,1.698029372,2.5143901,0.816294087,2.184087683,0.772703111,1.446468574,1.158952707,2.937964235,1.232337285,0.772054189,2.007687729,0.594915886,2.503870448,1.041534481,10.72197225,1.308987742,1.753653479,1.241997544,1.674442972,8.600150924,1.508649912,11.33657207,1.163883927,1.913487282,4.390980982,20.97945748,0.713759234,1.416476403,7.894542161,3.843458301,2.184550841,1.63965606,1.240929708,20.18853223,0.922070786,0.86830852,0.698094532,0.661512416,1.457458981,7.24826757,1.189490432,2.212533325,1.073193222,0.812393177,1.30452064,1.71775684,1.443705437,7.301838593,1.308401473,2.999861493,1.977343888,1.407929483,0.848816038,0.918494102,2.060953048,2.857061989,0.705300354,0.567998868,15.45924007,1.507508435,0.49364256,0.807649086
Food Environment,Grocery Stores,Total number of grocery stores,19-Sep,"Grocery store refers to a store where the primary food lines include products such as canned, dry and frozen foods; fresh fruits and vegetables; fresh and prepared meats, fish, poultry, dairy products, baked products and snack foods. Other non-food household products are also sold (e.g. cleaning supplies, cookware, toiletries, and non-prescription drugs). This includes both supermarkets and small grocers.",ONS Food Environment Database,190,2,0,2,2,0,0,0,2,0,1,0,10,1,0,0,8,0,0,3,0,0,3,1,1,0,0,1,0,3,0,1,1,0,0,1,0,2,0,0,1,0,1,0,0,1,0,0,0,4,0,1,4,0,5,1,6,1,2,3,4,3,0,1,0,4,0,3,4,0,4,0,3,1,1,0,5,4,1,0,0,3,2,0,3,4,2,1,1,0,3,1,3,8,0,5,0,1,2,1,0,0,2,4,6,1,3,5,0,0,11,5
Food Environment,Grocery Stores,Number of grocery stores (with 50m buffer) per 1000 people,19-Sep,"Grocery store refers to a store where the primary food lines include products such as canned, dry and frozen foods; fresh fruits and vegetables; fresh and prepared meats, fish, poultry, dairy products, baked products and snack foods. Other non-food household products are also sold (e.g. cleaning supplies, cookware, toiletries, and non-prescription drugs). This includes both supermarkets and small grocers.",ONS Food Environment Database,na,0.275482094,NA,0.436681223,0.483091787,0,0,0,0.313234143,NA,0.101832994,0,0.357334286,0.091575092,0,0,1.041064199,0,0,0.534759358,0,0.15060241,0.306748466,0.496277916,0.095192765,0,0,0.119545726,0,0.520833333,0,0.10970927,0.336700337,0,0,0.19047619,NA,0.298359025,0,0,0.186567164,0,0.161030596,0,0,0.167926113,0,0,0,1.182033097,0.211640212,0.204498978,0.349192492,0,0.651465798,0.152905199,0.474495848,0.123380629,0.275292498,0.470588235,0.253405131,0.586510264,0,0.330578512,0,0.357941834,0,0.249584027,0.338180588,0,2.83286119,0,0.257842716,0.053191489,0.114481969,0,0.394477318,0.360685302,0.101626016,0.613496933,0,0.182094082,0.175901495,0,0.516528926,0.296625881,0.407331976,0.161160355,0.142959257,0,0.118647419,0.055632823,0.289296046,0.574412533,0,0.217060994,0.081699346,0.132714001,0.207325501,0.071326676,0,0.5,0.348432056,0.965018094,0.191113235,0.060168472,0.484496124,1.22324159,0,0,1.162790698,0.437062937
Food Environment,Grocery Stores,% residents within 15 min walking distance to a grocery store,19-Sep,"Grocery store refers to a store where the primary food lines include products such as canned, dry and frozen foods; fresh fruits and vegetables; fresh and prepared meats, fish, poultry, dairy products, baked products and snack foods. Other non-food household products are also sold (e.g. cleaning supplies, cookware, toiletries, and non-prescription drugs). This includes both supermarkets and small grocers.",ONS Food Environment Database,60.3469469,87.68957508,0,58.95249695,92.42982052,72.68728925,0,22.43032787,88.25534552,0,74.31219801,63.09178744,100,85.53940995,0,0,95.58708524,0.992344769,0,85.21294096,33.58615325,98.38660111,100,3.771471247,92.57406317,0,0.364697301,80.92671178,22.4137931,100,100,12.79000595,15.15667575,0,0,3.630232097,100,3.463329453,21.36300417,0,24.92673993,69.93315508,94.47168216,0,22.98478472,98.15467203,12.67541874,1.669557676,42.59754635,66.08522853,54.68552132,69.02632251,99.31955854,65.64292543,100,75.47055252,77.51125602,82.19664503,67.81903542,84.88993711,65.31661442,100,38.60594472,100,0,49.42569049,41.99595663,77.83628137,59.73859923,0,37.99508331,0,88.57346902,43.94736842,43.9921132,0,99.57870548,71.4576872,8.697406922,0.107712193,25.06752194,54.64803869,90.35034863,0,100,92.02499628,97.50047701,100,51.79180887,0,87.13118918,27.19959209,89.03916027,95.29514603,36.19071773,48.34049557,76.6202443,11.44781145,70.69884726,29.11629246,31.26104891,51.60455487,89.91477273,80.09663631,34.98733178,0.166770898,100,100,0,100,100,100
Food Environment,Grocery Stores,Supermarkets: Avg. distance to nearest 3 supermarkets (km),19-Sep,"Supermarkets refer to grocery stores that also typically retail a range of non-food household products, such as household paper products, toiletries and non-prescription drugs. E.g. Loblaws, Walmart Supercenter, Sobey. Residents should be able to access supermarkets for all of their basic food needs and basic non-food household items.",ONS Food Environment Database,3.026482859,2.084214483,2.195633603,1.486407973,1.601838247,1.703548775,2.588686435,2.515932982,3.067056982,2.613110342,1.91775873,2.545091366,0.99505872,1.629753804,24.4000699,12.99674826,1.396593454,3.410005125,13.73508188,1.301681713,2.026702784,1.863315934,2.132086255,2.549744387,1.609768307,3.530928917,2.301034512,2.321193011,2.502788431,1.259262747,1.972602537,5.692180435,3.715954755,11.87653053,14.33609275,12.4951837,1.614564715,3.445156946,2.885692259,2.708986158,11.51037434,1.585202026,1.360174412,15.90947196,2.848402229,2.026322621,2.557209724,2.534288042,3.121082988,1.340338585,2.277928604,2.875129328,2.095324067,2.811524229,2.294360941,2.264203805,1.635800559,3.238244807,1.375251699,2.099371289,3.499520121,1.122011631,2.53516697,1.943822718,11.87447578,2.070169861,2.226412071,1.252303544,2.186324749,8.649836647,2.029339328,11.55437975,1.803855233,2.055409098,5.088494961,21.25883286,1.089933195,1.716761602,7.97968804,4.403616077,2.432525002,2.697252432,1.645483052,20.56750045,1.850419731,1.678165693,1.54159902,0.882070305,2.168093594,7.35241848,1.687571891,2.215728087,1.37500221,1.402698708,1.512280593,1.874118263,1.750493631,7.482506449,1.849916848,2.999861493,2.290963022,2.421675376,1.153030084,1.032717667,2.504367611,2.857061989,1.375897269,1.200280351,16.32798467,2.280880623,2.087495925,1.370300747
Food Environment,Grocery Stores,Supermarkets: Number of supermarkets,19-Sep,"Supermarkets refer to grocery stores that also typically retail a range of non-food household products, such as household paper products, toiletries and non-prescription drugs. E.g. Loblaws, Walmart Supercenter, Sobey. Residents should be able to access supermarkets for all of their basic food needs and basic non-food household items.",ONS Food Environment Database,78,1,0,2,1,0,0,0,0,0,0,0,2,1,0,0,1,0,0,0,0,0,0,1,1,0,0,0,0,1,0,1,0,0,0,0,0,2,0,0,1,0,0,0,0,0,0,0,0,3,0,1,0,0,1,0,2,1,2,1,2,1,0,0,0,1,0,3,2,0,1,0,2,1,1,0,3,2,1,0,0,1,1,0,1,2,0,1,0,0,1,1,1,4,0,4,0,1,1,1,0,0,0,3,5,1,1,0,0,0,0,2
Food Environment,Grocery Stores,Supermarkets: Number of supermarkets (with 50m buffer) per 1000 people,19-Sep,"Supermarkets refer to grocery stores that also typically retail a range of non-food household products, such as household paper products, toiletries and non-prescription drugs. E.g. Loblaws, Walmart Supercenter, Sobey. Residents should be able to access supermarkets for all of their basic food needs and basic non-food household items.",ONS Food Environment Database,na,0.137741047,NA,0.436681223,0.241545894,0,0,0,0,NA,0,0,0.071466857,0.091575092,0,0,0.1156738,0,0,0,0,0,0,0.496277916,0.095192765,0,0,0,0,0.173611111,0,0.10970927,0,0,0,0,NA,0.198906017,0,0,0.186567164,0,0,0,0,0,0,0,0,0.709219858,0,0.204498978,0,0,0.108577633,0,0.158165283,0.123380629,0.275292498,0.156862745,0.126702566,0.195503421,0,0,0,0.089485459,0,0.249584027,0.135272235,0,0.566572238,0,0.171895144,0.053191489,0.114481969,0,0.236686391,0.180342651,0.101626016,0,0,0.060698027,0.087950748,0,0.103305785,0.14831294,0,0.161160355,0,0,0.03954914,0.055632823,0.096432015,0.208877285,0,0.173648795,0,0.132714001,0.0691085,0.071326676,0,0,0.174216028,0.723763571,0.159261029,0.060168472,0.096899225,0,0,0,0,0.174825175
Food Environment,Grocery Stores,Supermarkets: % residents within 15 min walking distance,19-Sep,"Supermarkets refer to grocery stores that also typically retail a range of non-food household products, such as household paper products, toiletries and non-prescription drugs. E.g. Loblaws, Walmart Supercenter, Sobey. Residents should be able to access supermarkets for all of their basic food needs and basic non-food household items.",ONS Food Environment Database,47.99319413,87.68957508,0,58.95249695,90.47399908,66.09001613,0,22.43032787,0,0,32.20589685,19.72394755,95.90158221,47.73227653,0,0,73.5671992,0.992344769,0,73.20416743,33.58615325,98.38660111,24.52245225,3.771471247,92.57406317,0,0.364697301,19.93347861,13.19690622,100,0,12.79000595,0,0,0,0,100,2.609623593,0,0,24.92673993,65.88235294,77.58241758,0,19.00291356,61.06357994,4.572204617,0,41.3799465,66.08522853,18.36217813,69.02632251,51.38992615,37.16539197,82.12207644,44.03460838,55.02251203,82.19664503,67.81903542,80.11006289,45.52978056,97.46539937,38.60594472,89.14753745,0,31.41604559,24.50836243,77.83628137,47.22261685,0,32.85987435,0,67.21121228,43.94736842,43.9921132,0,89.82765224,69.21577315,8.697406922,0.107712193,15.51316678,29.7390889,81.828355,0,59.25734381,92.02499628,95.24899828,100,51.79180887,0,49.25553949,27.19959209,88.51433185,94.17935006,31.57494294,48.34049557,53.00708006,11.44781145,42.53602305,29.11629246,31.26104891,31.00414079,82.31534091,76.04534473,33.92122668,0.166770898,81.55513468,100,0,100,14.72111554,86.13156404
Arts & Culture,Nightlife,Avg. distance to nearest 3 nightlife venues (km),19-Sep,Nightlife includes restaurants that are open late to serve alcohol and nightclubs that primarily serve alcohol with limited food service.,ONS Food Environment Database,2.410344253,1.240936046,1.904413906,1.04435182,1.429907886,1.767318966,1.019429414,2.907332858,1.120056639,1.143565005,1.119334458,1.710171855,0.275119698,1.050562831,22.70612061,10.91980517,1.441953781,2.514399681,12.19455755,1.003727126,1.412203013,1.007114718,0.466199357,1.779189319,1.200204336,2.093909143,1.842714471,1.784786858,0.867638867,0.674090535,0.538316641,5.366105406,1.917528593,11.37569839,10.66458637,7.821963984,1.213937421,2.946332408,2.22394562,1.548947713,8.682265514,1.104112251,0.487166817,12.60310116,1.334911316,1.615156628,1.062097365,1.672568133,2.06591039,1.034582415,1.553132827,1.739502073,1.648985556,2.066856983,1.999530758,1.879603935,1.135762223,2.818282439,1.35667049,2.125679938,1.625452907,0.33593692,1.54134175,2.076945,10.1814878,1.160216808,1.676494486,1.205202648,2.081061148,7.920409439,1.199161374,11.97665298,0.956664779,1.376266028,4.520419695,17.22114065,0.511699379,1.777221105,9.640778259,3.894191289,1.613716731,1.965877343,1.146128787,17.99497232,1.271782013,1.481596721,0.601890309,0.528451417,1.988954318,7.155550314,1.394828291,1.957089428,0.977643695,1.013394779,1.163121392,1.565670732,1.168496507,6.988209982,1.682671929,3.218209884,2.148124843,1.495842553,0.465482959,0.987111859,2.056653856,2.935378409,0.710327212,0.940886949,17.59702072,1.77177625,0.409514028,0.669672859
Arts & Culture,Nightlife,Number of nightlife venues,19-Sep,Nightlife includes restaurants that are open late to serve alcohol and nightclubs that primarily serve alcohol with limited food service.,ONS Food Environment Database,400,1,0,4,1,0,0,0,2,1,2,1,71,2,0,0,2,1,0,1,0,0,12,4,1,1,2,1,6,4,1,2,3,1,1,1,0,4,0,0,1,1,8,0,1,0,0,1,2,4,1,1,0,0,1,0,6,1,0,1,4,72,1,2,1,5,0,3,2,0,12,0,3,3,1,0,17,3,0,0,2,10,5,0,3,0,4,1,0,0,4,1,2,8,1,5,3,1,0,1,0,0,21,3,5,1,4,0,0,0,17,7
Arts & Culture,Nightlife,Number of nightlife venues (with 50m buffer) per 1000 people,19-Sep,Nightlife includes restaurants that are open late to serve alcohol and nightclubs that primarily serve alcohol with limited food service.,ONS Food Environment Database,na,0.137741047,NA,0.873362445,0.241545894,0,0.579150579,0,0.313234143,NA,0.305498982,0.143472023,2.608540289,0.366300366,0,0,0.2313476,0.260756193,0,0.178253119,0.187793427,0.451807229,1.431492843,1.985111663,0.190385531,0.113378685,3.636363636,0.119545726,1.019541206,0.868055556,1.694915254,0.219418541,1.346801347,0.19138756,0.27739251,0.19047619,NA,0.497265042,0,0,0.373134328,0.136054422,1.288244767,0,0.162999185,0,0,0.224466891,0.194080543,0.945626478,0.423280423,0.204498978,0.087298123,0,0.108577633,0,0.474495848,0.123380629,0.275292498,0.156862745,0.253405131,15.24926686,0.088300221,0.220385675,0.15026296,0.447427293,0,0.249584027,0.135272235,0,7.365439093,0,0.343790288,0.212765957,0.114481969,0,1.34122288,0.360685302,0,1.226993865,0.496688742,0.606980273,0.439753738,0,0.619834711,0.07415647,0.814663951,0.322320709,0,0,0.158196559,0.055632823,0.675024108,0.46997389,0.187441425,0.217060994,0.326797386,0.132714001,0,0.071326676,0,0.5,2.526132404,0.965018094,0.159261029,0.120336943,0.678294574,0.458715596,0,0,1.797040169,0.961538462
Arts & Culture,Nightlife,% residents within 15 min walking distance,19-Sep,Nightlife includes restaurants that are open late to serve alcohol and nightclubs that primarily serve alcohol with limited food service.,ONS Food Environment Database,61.80388393,100,0,75.03045067,56.58076392,24.64448028,80.48327138,20.40163934,96.6067555,100,77.95089242,87.83988958,100,86.48172611,0,0,59.61345101,40.5727247,0,82.48949004,90.33450019,100,100,40.47796863,95.40906416,63.96771674,55.57986871,56.53171235,87.23815662,98.22612435,100,15.78992097,63.93051771,7.355864811,25.55102041,3.332672089,100,3.463329453,3.810848401,100,0,87.00534759,100,0,100,40.83207516,79.24400181,80.50737207,57.17184762,83.08677412,43.41494301,62.89292103,80.83146627,37.16539197,82.65830006,67.03096539,69.53112871,79.67429901,68.85758998,79.19811321,45.88087774,100,84.42551712,53.02295506,0,93.92371767,37.98934019,75.46688606,24.73362694,0,73.23135755,0,93.97429031,77.83029001,36.11691023,0,100,57.61630483,0,0,57.12356516,26.65830796,89.93716106,0,56.54737278,41.83157268,100,100,21.61547213,0,76.68529446,46.83587332,97.3960436,79.09296586,100,59.27585261,93.19225084,27.38496072,40.70605187,29.90069085,0,52.74327122,100,100,45.81290514,0,100,100,0,100,100,100
Health & Wellness,Pharmacies,Avg. distance to nearest 3 pharmacies (km),19-Sep,Pharmacy refers to an establishment that offers both prescribed and over-the-counter medication.,ONS Food Environment Database,2.144773524,1.04374085,1.515597634,1.075474296,1.273489483,1.182379435,1.170063143,1.583837348,1.579728363,1.281072249,1.05611745,1.083030823,0.485252371,0.965215013,21.54262806,10.42481525,1.076594304,2.672765964,11.01679001,0.903107743,1.348659685,1.086923459,0.675421867,1.90258918,1.231071244,2.627866887,1.893215911,1.400294844,1.340731858,0.772413768,0.920543345,3.745496815,2.233053141,7.884321863,13.69709192,9.189699988,0.933512934,3.662105677,1.805683604,1.520787564,10.03362924,0.89238131,0.964927075,13.49281946,2.664789768,1.217326228,1.413451332,1.262745977,1.286993405,1.009367518,1.535874847,0.930051728,1.028798712,1.229731742,0.920539897,2.491819109,0.855886768,0.921645463,1.352183755,0.827838538,1.280737303,0.431662538,1.254862137,0.893911666,8.107306744,1.278592806,2.12630288,1.144096272,1.544309377,7.015759361,1.394409807,10.36459111,1.038839534,1.399377514,4.419429438,17.33753926,0.70710019,1.188421537,6.831673709,3.760974915,1.538847377,1.883873079,1.222640027,15.2194457,0.871887053,0.962083559,1.218696687,0.473497478,1.152444595,6.79415294,1.365434722,1.607218787,1.111867883,0.815366213,1.38098565,1.50802763,1.139117587,7.105683521,1.453523598,2.136089485,1.05004578,2.075417972,0.698912278,0.956389568,1.922543892,2.906953571,0.75612714,0.528891224,13.25742098,0.734525645,0.607755251,0.86013868
Health & Wellness,Pharmacies,Number of pharmacies,19-Sep,Pharmacy refers to an establishment that offers both prescribed and over-the-counter medication.,ONS Food Environment Database,252,3,0,4,1,0,1,1,1,1,2,2,12,10,0,0,4,0,0,2,0,0,4,2,1,1,3,1,1,1,0,3,1,1,0,1,0,2,0,1,1,2,1,0,0,1,0,2,3,6,1,1,1,3,2,0,10,3,1,3,4,3,2,5,1,5,0,4,7,0,5,0,3,4,1,0,4,6,1,0,2,3,1,0,3,4,1,2,3,0,3,4,1,8,0,5,4,1,1,2,3,0,6,3,8,2,1,6,0,2,6,4
Health & Wellness,Pharmacies,Number of pharmacies (with 50m buffer) per 1000 people,19-Sep,Pharmacy refers to an establishment that offers both prescribed and over-the-counter medication.,ONS Food Environment Database,na,0.41322314,NA,0.873362445,0.241545894,0,0.386100386,0.082508251,0.156617071,NA,0.305498982,0.286944046,0.428801143,1.007326007,0,0,0.4626952,0,0,0.356506239,0.093896714,0,0.408997955,0.992555831,0.095192765,0.113378685,3.636363636,0.239091452,0.169923534,0.347222222,0,0.329127811,0.336700337,0.19138756,0,0.19047619,NA,0.198906017,0,5.882352941,0.186567164,0.272108844,0.161030596,0,0,0.167926113,0,0.448933782,0.388161087,1.891252955,0.211640212,0.613496933,0.174596246,0.486914181,0.325732899,0,0.869909055,0.370141888,0.137646249,0.470588235,0.253405131,0.977517107,0.176600442,0.550964187,0.15026296,0.536912752,0,0.332778702,0.541088941,0,2.83286119,0.281293952,0.343790288,0.212765957,0.114481969,0,0.315581854,0.631199279,0.101626016,0,0.496688742,0.182094082,0.087950748,0,0.619834711,0.370782351,0.203665988,0.805801773,0.42887777,0,0.158196559,0.222531293,0.385728062,0.574412533,0,0.260473193,0.326797386,0.132714001,0.0691085,0.142653352,0.495458299,0,0.696864111,0.965018094,0.254817646,0.120336943,0.484496124,1.22324159,0,7.843137255,0.634249471,0.437062937
Health & Wellness,Pharmacies,% residents within 15 min walking distance,19-Sep,Pharmacy refers to an establishment that offers both prescribed and over-the-counter medication.,ONS Food Environment Database,68.50614328,96.52958054,0,82.25740966,74.98849517,79.69505938,93.62453532,52.93852459,87.10876976,100,96.34158367,92.60179434,100,87.28313518,0,0,88.89509552,0,0,75.26960336,87.68961494,81.59188691,100,29.31292009,94.40847557,63.96771674,34.20860686,85.28500975,81.53399936,97.90360151,100,12.47556726,8.344686649,25.93529731,0,3.630232097,100,0,45.42420028,100,25.12820513,100,100,0,0,100,85.76278859,83.43451865,70.06733696,83.08677412,65.51287463,82.95425505,91.76831798,84.44072658,100,36.83970856,94.37199193,89.45757316,61.43121354,93.83647799,60.56426332,100,83.9214323,99.68746632,3.766556291,49.65366068,23.23102371,74.16700946,78.57650234,0,66.59382682,0,91.94786645,79.5273899,41.57967989,0,99.60168518,88.09924679,6.931692059,0.107712193,68.77110061,29.76894143,87.18257726,0,100,92.02499628,99.61839344,100,60.19624573,0,66.05181914,50.8016543,91.64311667,95.60366104,36.19071773,67.86595959,78.7131409,20.84175084,55.64121037,77.10132412,100,21.63561077,95.77020202,73.610853,36.1587312,0.166770898,100,100,0,100,98.38645418,100
Food Environment,Convenience Stores,Pharmacies: Avg. distance to nearest 3 pharmacies (km),19-Sep,Pharmacy refers to an establishment that offers both prescribed and over-the-counter medication.,ONS Food Environment Database,2.144773524,1.04374085,1.515597634,1.075474296,1.273489483,1.182379435,1.170063143,1.583837348,1.579728363,1.281072249,1.05611745,1.083030823,0.485252371,0.965215013,21.54262806,10.42481525,1.076594304,2.672765964,11.01679001,0.903107743,1.348659685,1.086923459,0.675421867,1.90258918,1.231071244,2.627866887,1.893215911,1.400294844,1.340731858,0.772413768,0.920543345,3.745496815,2.233053141,7.884321863,13.69709192,9.189699988,0.933512934,3.662105677,1.805683604,1.520787564,10.03362924,0.89238131,0.964927075,13.49281946,2.664789768,1.217326228,1.413451332,1.262745977,1.286993405,1.009367518,1.535874847,0.930051728,1.028798712,1.229731742,0.920539897,2.491819109,0.855886768,0.921645463,1.352183755,0.827838538,1.280737303,0.431662538,1.254862137,0.893911666,8.107306744,1.278592806,2.12630288,1.144096272,1.544309377,7.015759361,1.394409807,10.36459111,1.038839534,1.399377514,4.419429438,17.33753926,0.70710019,1.188421537,6.831673709,3.760974915,1.538847377,1.883873079,1.222640027,15.2194457,0.871887053,0.962083559,1.218696687,0.473497478,1.152444595,6.79415294,1.365434722,1.607218787,1.111867883,0.815366213,1.38098565,1.50802763,1.139117587,7.105683521,1.453523598,2.136089485,1.05004578,2.075417972,0.698912278,0.956389568,1.922543892,2.906953571,0.75612714,0.528891224,13.25742098,0.734525645,0.607755251,0.86013868
Food Environment,Convenience Stores,Pharmacies: Number of pharmacies,19-Sep,Pharmacy refers to an establishment that offers both prescribed and over-the-counter medication.,ONS Food Environment Database,252,3,0,4,1,0,1,1,1,1,2,2,12,10,0,0,4,0,0,2,0,0,4,2,1,1,3,1,1,1,0,3,1,1,0,1,0,2,0,1,1,2,1,0,0,1,0,2,3,6,1,1,1,3,2,0,10,3,1,3,4,3,2,5,1,5,0,4,7,0,5,0,3,4,1,0,4,6,1,0,2,3,1,0,3,4,1,2,3,0,3,4,1,8,0,5,4,1,1,2,3,0,6,3,8,2,1,6,0,2,6,4
Food Environment,Convenience Stores,Pharmacies: Number of pharmacies (with 50m buffer) per 1000 people,19-Sep,Pharmacy refers to an establishment that offers both prescribed and over-the-counter medication.,ONS Food Environment Database,na,0.41322314,NA,0.873362445,0.241545894,0,0.386100386,0.082508251,0.156617071,NA,0.305498982,0.286944046,0.428801143,1.007326007,0,0,0.4626952,0,0,0.356506239,0.093896714,0,0.408997955,0.992555831,0.095192765,0.113378685,3.636363636,0.239091452,0.169923534,0.347222222,0,0.329127811,0.336700337,0.19138756,0,0.19047619,NA,0.198906017,0,5.882352941,0.186567164,0.272108844,0.161030596,0,0,0.167926113,0,0.448933782,0.388161087,1.891252955,0.211640212,0.613496933,0.174596246,0.486914181,0.325732899,0,0.869909055,0.370141888,0.137646249,0.470588235,0.253405131,0.977517107,0.176600442,0.550964187,0.15026296,0.536912752,0,0.332778702,0.541088941,0,2.83286119,0.281293952,0.343790288,0.212765957,0.114481969,0,0.315581854,0.631199279,0.101626016,0,0.496688742,0.182094082,0.087950748,0,0.619834711,0.370782351,0.203665988,0.805801773,0.42887777,0,0.158196559,0.222531293,0.385728062,0.574412533,0,0.260473193,0.326797386,0.132714001,0.0691085,0.142653352,0.495458299,0,0.696864111,0.965018094,0.254817646,0.120336943,0.484496124,1.22324159,0,7.843137255,0.634249471,0.437062937
Food Environment,Convenience Stores,Pharmacies: % residents within 15 min walking distance,19-Sep,Pharmacy refers to an establishment that offers both prescribed and over-the-counter medication.,ONS Food Environment Database,68.50614328,96.52958054,0,82.25740966,74.98849517,79.69505938,93.62453532,52.93852459,87.10876976,100,96.34158367,92.60179434,100,87.28313518,0,0,88.89509552,0,0,75.26960336,87.68961494,81.59188691,100,29.31292009,94.40847557,63.96771674,34.20860686,85.28500975,81.53399936,97.90360151,100,12.47556726,8.344686649,25.93529731,0,3.630232097,100,0,45.42420028,100,25.12820513,100,100,0,0,100,85.76278859,83.43451865,70.06733696,83.08677412,65.51287463,82.95425505,91.76831798,84.44072658,100,36.83970856,94.37199193,89.45757316,61.43121354,93.83647799,60.56426332,100,83.9214323,99.68746632,3.766556291,49.65366068,23.23102371,74.16700946,78.57650234,0,66.59382682,0,91.94786645,79.5273899,41.57967989,0,99.60168518,88.09924679,6.931692059,0.107712193,68.77110061,29.76894143,87.18257726,0,100,92.02499628,99.61839344,100,60.19624573,0,66.05181914,50.8016543,91.64311667,95.60366104,36.19071773,67.86595959,78.7131409,20.84175084,55.64121037,77.10132412,100,21.63561077,95.77020202,73.610853,36.1587312,0.166770898,100,100,0,100,98.38645418,100
Food Environment,Restaurants,Avg. distance to nearest 3 restaurants (km),19-Sep,"Restaurant refers to an establishment where customers are seated at a table, orders are taken by a server, food is brought to the table, and meals are paid for after eating. Some restaurants also operate a bar and/or provide take-out services. Diners, family restaurants, and haute cuisine are examples of establishments considered as restaurants.",ONS Food Environment Database,1.583211985,0.722750805,0.986248683,0.873579233,0.828230169,1.101776782,0.980397132,1.797459092,0.746504121,0.537649963,0.68587424,0.680123338,0.214720151,0.806896809,3.46705182,9.386502902,0.715782739,1.561815249,5.703069775,0.710434615,1.126224449,0.768413323,0.352021722,1.544729133,1.149437692,1.195681027,1.086451847,1.155075417,0.6205074,0.435260977,0.509035116,2.924556861,1.621482818,6.598932714,9.483335697,5.615580348,0.845563697,2.924087007,1.972566104,0.703806883,5.480256615,0.554312564,0.417620961,10.11490379,0.707632252,1.015532362,1.043154554,0.892825916,1.202729181,0.852604266,1.295150201,1.059031397,0.83318835,1.24370279,0.725761446,1.002112505,0.906717731,0.833906507,0.918248229,0.680259516,1.193645622,0.241590485,1.38141945,0.668092299,5.231481989,0.689441011,1.447064156,1.378658893,1.483338041,7.765512407,1.034814749,8.842494797,0.720142836,1.23930414,1.904000627,10.37496189,0.406180518,1.16726215,5.300212042,3.131685343,1.070034648,1.573065405,1.001124415,11.27592134,0.556040381,0.676481014,0.451473672,0.35785788,0.741510473,4.789885442,1.045013539,1.30899483,0.743856023,0.56972444,0.720107103,1.527903502,1.003557288,2.71947132,1.897161254,3.498218926,1.3780808,1.187989106,0.358357784,0.61091072,1.334395019,2.825974706,0.452504985,0.478175031,8.740894481,0.901159852,0.256019078,0.535001767
Food Environment,Restaurants,Number of restaurants,19-Sep,"Restaurant refers to an establishment where customers are seated at a table, orders are taken by a server, food is brought to the table, and meals are paid for after eating. Some restaurants also operate a bar and/or provide take-out services. Diners, family restaurants, and haute cuisine are examples of establishments considered as restaurants.",ONS Food Environment Database,1156,7,0,14,7,1,0,1,5,5,9,4,188,7,2,0,18,2,4,4,0,1,35,9,1,2,16,3,9,20,1,10,6,2,1,2,0,6,0,2,2,5,15,1,3,1,0,3,5,11,1,4,3,2,12,2,21,4,4,5,12,114,2,17,4,12,1,5,9,0,32,2,6,3,3,0,49,10,1,4,8,16,9,0,7,9,10,4,3,2,8,4,6,30,2,13,3,4,0,1,1,0,39,22,18,4,18,5,0,0,93,23
Food Environment,Restaurants,Number of restaurants (with 50m buffer) per 1000 people,19-Sep,"Restaurant refers to an establishment where customers are seated at a table, orders are taken by a server, food is brought to the table, and meals are paid for after eating. Some restaurants also operate a bar and/or provide take-out services. Diners, family restaurants, and haute cuisine are examples of establishments considered as restaurants.",ONS Food Environment Database,na,0.964187328,NA,3.056768559,1.93236715,0.147710487,0.579150579,0.041254125,0.939702428,NA,1.018329939,0.860832138,6.825084867,1.098901099,0.898876404,0,2.776171197,0.521512386,0.677966102,0.713012478,0.187793427,1.204819277,3.783231084,4.466501241,0.190385531,0.22675737,21.81818182,0.478182905,1.52931181,4.861111111,1.694915254,1.097092704,2.693602694,0.38277512,0.27739251,0.380952381,NA,0.795624068,0,11.76470588,0.746268657,0.680272109,2.415458937,0.529100529,0.97799511,0.167926113,0,0.673400673,0.873362445,3.309692671,0.634920635,1.226993865,0.523788739,0.365185636,1.302931596,0.305810398,1.73981811,0.493522517,1.101169993,0.784313725,0.760215394,23.26490714,0.176600442,2.314049587,0.601051841,1.073825503,0.282885431,0.415973378,0.87926953,0,19.26345609,0.562587904,0.601633004,0.265957447,0.343445907,0,4.181459566,1.082055906,0.304878049,3.680981595,1.655629139,0.971168437,0.791556728,0,2.582644628,1.112347052,2.647657841,1.450443191,0.571837026,0.482509047,0.395491398,0.278164117,1.542912247,1.879895561,0.374882849,0.564358585,0.653594771,0.530856005,0,0.071326676,0.165152766,0.5,4.094076655,6.996381182,0.573339704,0.300842359,2.61627907,3.363914373,0,3.921568627,10.0422833,2.534965035
Food Environment,Restaurants,% residents within 15 min walking distance,19-Sep,"Restaurant refers to an establishment where customers are seated at a table, orders are taken by a server, food is brought to the table, and meals are paid for after eating. Some restaurants also operate a bar and/or provide take-out services. Diners, family restaurants, and haute cuisine are examples of establishments considered as restaurants.",ONS Food Environment Database,73.87983923,100,100,82.25740966,87.82788771,81.68890192,87.49070632,50.02459016,96.6067555,100,100,100,100,98.68780273,35.91184097,0,98.6370238,68.41508364,3.548264021,82.48949004,94.4185142,100,100,48.43166542,95.40906416,73.52252018,100,92.93496961,100,100,100,22.4441234,64.7479564,7.355864811,25.55102041,3.431858758,100,3.463329453,3.810848401,100,24.92673993,100,100,0,100,98.15467203,79.24400181,83.43451865,59.55170187,83.08677412,59.39214859,72.1185791,96.73885985,58.46080306,100,99.28658166,82.8287533,89.45757316,91.22207995,90.01572327,70.73981191,100,84.42551712,100,12.5,100,37.98934019,85.21596051,27.85907089,0,99.72685059,3.343723434,97.36654169,80.51020408,48.23706797,0,100,75.14399646,0.797094138,0.107712193,66.25590817,40.59943877,97.66721184,0,100,92.02499628,100,100,100,17.01902748,85.49376685,71.75230865,97.92087202,97.56273139,100,59.27585261,82.64996499,31.0325477,40.70605187,29.90069085,86.25515616,59.05797101,100,100,71.01444507,0,100,100,0,100,100,100
Arts & Culture,Specialty Food Stores,Avg. distance to nearest 3 specialty food stores (km),19-Sep,"Specialty food stores include: bakeries, deli, seafood and cheese stores, farmer's markets and health stores.",ONS Food Environment Database,2.758306962,1.826667379,1.303025384,2.315842246,3.032529272,1.729038968,1.617960324,3.742850319,1.722772023,1.652000236,1.431794436,2.098712589,0.433511557,1.372896479,19.05133879,10.91317743,1.623543013,3.284187612,10.40671977,1.146912413,1.490949145,1.361276958,0.568809848,3.433868661,2.465496054,2.515855151,2.234734511,1.567990147,1.08189021,0.602671468,0.904805691,4.059499101,3.666626633,13.44387935,13.37527233,9.672785746,1.052060486,2.835152839,2.357820265,1.593489222,13.34998628,1.481259244,0.60465169,13.25656839,1.964249249,1.529862626,1.528870839,2.206791511,2.396171149,1.207079395,2.713630998,1.108468869,1.299453641,1.65713743,1.482279815,3.043117155,1.247416532,3.7499328,1.704883475,1.84588015,3.885387128,0.474944843,2.153873472,1.478759316,7.083014336,1.696629334,1.442468264,2.939905345,1.745663983,4.686412165,1.667552395,12.73526985,1.475010091,1.574108444,6.269768442,17.58563298,0.617682925,2.088624721,10.22230233,4.205462419,2.980338908,2.509315662,1.436840369,14.25957604,0.935574041,1.026018269,0.680012062,0.611261749,1.310809276,6.073127283,2.64382283,1.985466647,1.437506847,0.972251409,1.368399299,2.712646565,1.411069541,6.691608838,3.605871406,5.381359904,1.771151618,1.335608719,1.05088654,1.294585914,1.923788851,4.258888154,0.649182225,0.765874174,10.31482486,1.62851795,0.448759278,0.774575877
Arts & Culture,Specialty Food Stores,Number of specialty food stores,19-Sep,"Specialty food stores include: bakeries, deli, seafood and cheese stores, farmer's markets and health stores.",ONS Food Environment Database,184,1,0,2,0,0,0,0,1,0,1,0,17,1,0,0,3,0,1,1,0,1,5,0,0,1,2,1,3,5,0,3,0,1,0,1,0,1,0,0,0,0,4,0,1,0,0,0,1,2,0,2,2,1,1,0,7,0,0,0,1,11,1,2,2,1,3,1,1,2,9,0,1,0,0,0,7,4,0,1,0,2,1,0,3,3,2,2,1,2,1,1,1,9,1,2,3,1,0,0,0,0,3,0,5,1,3,1,1,0,10,5
Arts & Culture,Specialty Food Stores,Number of specialty food stores (with 50m buffer) per 1000 people,19-Sep,"Specialty food stores include: bakeries, deli, seafood and cheese stores, farmer's markets and health stores.",ONS Food Environment Database,na,0.137741047,NA,0.436681223,0,0,0.193050193,0,0.313234143,NA,0.101832994,0,0.607468287,0.091575092,0,0,0.3470214,0,0.169491525,0.178253119,0,0.15060241,0.511247444,0,0,0.113378685,2.424242424,0.119545726,0.509770603,0.868055556,0,0.329127811,0,0.19138756,0,0.19047619,NA,0.198906017,0,0,0,0,0.644122383,0,0.162999185,0,0,0,0.194080543,0.709219858,0,0.613496933,0.174596246,0.121728545,0.108577633,0,0.55357849,0,0,0,0.063351283,2.346041056,0.088300221,0.330578512,0.30052592,0.089485459,0.282885431,0.083194676,0.202908353,0.475059382,6.232294618,0,0.085947572,0,0,0,0.552268245,0.360685302,0,0.613496933,0,0.121396055,0.175901495,0,0.516528926,0.22246941,0.814663951,0.483481064,0.142959257,0.482509047,0.03954914,0.055632823,0.192864031,0.46997389,0.187441425,0.086824398,0.245098039,0.132714001,0,0,0,0,0.261324042,0.241254524,0.159261029,0.060168472,0.581395349,0.305810398,0.393700787,3.921568627,1.057082452,0.524475524
Arts & Culture,Specialty Food Stores,% residents within 15 min walking distance,19-Sep,"Specialty food stores include: bakeries, deli, seafood and cheese stores, farmer's markets and health stores.",ONS Food Environment Database,53.3900126,51.87867195,100,35.28217621,0,27.82583199,80.48327138,0,92.96560273,100,52.59836308,8.281573499,100,76.3099956,0,0,43.00078204,0,3.014116749,80.88100896,84.37378452,93.70006146,100,0,3.207769276,65.07419943,0.364697301,78.11675651,97.64743796,100,100,14.31970766,4.325613079,18.59750587,0,3.332672089,100,10.44819558,3.810848401,100,0,36.45721925,100,0,74.95953383,55.0746519,67.83612494,0,73.30504566,83.08677412,0,69.02632251,90.43232927,41.07313576,100,1.214329083,64.00403664,0,39.72115521,38.23899371,20.84639498,100,73.03146185,93.6846643,8.278145695,59.08811925,87.77798199,56.77498972,57.52237534,14.37012527,38.9784212,0,85.02945903,56.37486574,0,0,100,40.39875942,0,2.089616545,4.068197164,53.54946564,59.12886287,0,100,84.24341616,97.53863766,100,100,1.585623679,39.65375747,47.01716617,63.504239,95.44426162,100,22.36445095,57.18509297,29.64085297,55.31700288,0,34.35474367,54.76190476,80.11363636,76.37985505,48.6657234,0,100,100,0,100,100,100
Food Environment,Specialty Food Stores,Avg. distance to nearest 3 specialty food stores (km),19-Sep,"Specialty food stores include: bakeries, deli, seafood and cheese stores, farmer's markets and health stores.",ONS Food Environment Database,2.758306962,1.826667379,1.303025384,2.315842246,3.032529272,1.729038968,1.617960324,3.742850319,1.722772023,1.652000236,1.431794436,2.098712589,0.433511557,1.372896479,19.05133879,10.91317743,1.623543013,3.284187612,10.40671977,1.146912413,1.490949145,1.361276958,0.568809848,3.433868661,2.465496054,2.515855151,2.234734511,1.567990147,1.08189021,0.602671468,0.904805691,4.059499101,3.666626633,13.44387935,13.37527233,9.672785746,1.052060486,2.835152839,2.357820265,1.593489222,13.34998628,1.481259244,0.60465169,13.25656839,1.964249249,1.529862626,1.528870839,2.206791511,2.396171149,1.207079395,2.713630998,1.108468869,1.299453641,1.65713743,1.482279815,3.043117155,1.247416532,3.7499328,1.704883475,1.84588015,3.885387128,0.474944843,2.153873472,1.478759316,7.083014336,1.696629334,1.442468264,2.939905345,1.745663983,4.686412165,1.667552395,12.73526985,1.475010091,1.574108444,6.269768442,17.58563298,0.617682925,2.088624721,10.22230233,4.205462419,2.980338908,2.509315662,1.436840369,14.25957604,0.935574041,1.026018269,0.680012062,0.611261749,1.310809276,6.073127283,2.64382283,1.985466647,1.437506847,0.972251409,1.368399299,2.712646565,1.411069541,6.691608838,3.605871406,5.381359904,1.771151618,1.335608719,1.05088654,1.294585914,1.923788851,4.258888154,0.649182225,0.765874174,10.31482486,1.62851795,0.448759278,0.774575877
Food Environment,Specialty Food Stores,Number of specialty food stores,19-Sep,"Specialty food stores include: bakeries, deli, seafood and cheese stores, farmer's markets and health stores.",ONS Food Environment Database,184,1,0,2,0,0,0,0,1,0,1,0,17,1,0,0,3,0,1,1,0,1,5,0,0,1,2,1,3,5,0,3,0,1,0,1,0,1,0,0,0,0,4,0,1,0,0,0,1,2,0,2,2,1,1,0,7,0,0,0,1,11,1,2,2,1,3,1,1,2,9,0,1,0,0,0,7,4,0,1,0,2,1,0,3,3,2,2,1,2,1,1,1,9,1,2,3,1,0,0,0,0,3,0,5,1,3,1,1,0,10,5
Food Environment,Specialty Food Stores,Number of specialty food stores (with 50m buffer) per 1000 people,19-Sep,"Specialty food stores include: bakeries, deli, seafood and cheese stores, farmer's markets and health stores.",ONS Food Environment Database,na,0.137741047,NA,0.436681223,0,0,0.193050193,0,0.313234143,NA,0.101832994,0,0.607468287,0.091575092,0,0,0.3470214,0,0.169491525,0.178253119,0,0.15060241,0.511247444,0,0,0.113378685,2.424242424,0.119545726,0.509770603,0.868055556,0,0.329127811,0,0.19138756,0,0.19047619,NA,0.198906017,0,0,0,0,0.644122383,0,0.162999185,0,0,0,0.194080543,0.709219858,0,0.613496933,0.174596246,0.121728545,0.108577633,0,0.55357849,0,0,0,0.063351283,2.346041056,0.088300221,0.330578512,0.30052592,0.089485459,0.282885431,0.083194676,0.202908353,0.475059382,6.232294618,0,0.085947572,0,0,0,0.552268245,0.360685302,0,0.613496933,0,0.121396055,0.175901495,0,0.516528926,0.22246941,0.814663951,0.483481064,0.142959257,0.482509047,0.03954914,0.055632823,0.192864031,0.46997389,0.187441425,0.086824398,0.245098039,0.132714001,0,0,0,0,0.261324042,0.241254524,0.159261029,0.060168472,0.581395349,0.305810398,0.393700787,3.921568627,1.057082452,0.524475524
Food Environment,Specialty Food Stores,% residents within 15 min walking distance,19-Sep,"Specialty food stores include: bakeries, deli, seafood and cheese stores, farmer's markets and health stores.",ONS Food Environment Database,53.3900126,51.87867195,100,35.28217621,0,27.82583199,80.48327138,0,92.96560273,100,52.59836308,8.281573499,100,76.3099956,0,0,43.00078204,0,3.014116749,80.88100896,84.37378452,93.70006146,100,0,3.207769276,65.07419943,0.364697301,78.11675651,97.64743796,100,100,14.31970766,4.325613079,18.59750587,0,3.332672089,100,10.44819558,3.810848401,100,0,36.45721925,100,0,74.95953383,55.0746519,67.83612494,0,73.30504566,83.08677412,0,69.02632251,90.43232927,41.07313576,100,1.214329083,64.00403664,0,39.72115521,38.23899371,20.84639498,100,73.03146185,93.6846643,8.278145695,59.08811925,87.77798199,56.77498972,57.52237534,14.37012527,38.9784212,0,85.02945903,56.37486574,0,0,100,40.39875942,0,2.089616545,4.068197164,53.54946564,59.12886287,0,100,84.24341616,97.53863766,100,100,1.585623679,39.65375747,47.01716617,63.504239,95.44426162,100,22.36445095,57.18509297,29.64085297,55.31700288,0,34.35474367,54.76190476,80.11363636,76.37985505,48.6657234,0,100,100,0,100,100,100
Food Environment,Sweets and Treats,Avg. distance to nearest 3 sweet and treats (km),19-Sep,"Sweet and treats refer to establishments primarily engaged in retailing candy, ice cream, chocolate, frozen yogurt",ONS Food Environment Database,3.944713633,2.483854613,2.10676753,2.358684424,2.225265458,2.42709388,2.883658396,3.520004377,2.577161988,2.234872618,2.828788493,3.53661554,0.833069259,2.269126828,25.37706957,11.34283687,2.136528137,2.638389783,14.86381891,4.387442071,4.52617241,3.045699009,1.821580885,5.504477998,4.478465276,5.016792255,2.937774677,5.402694767,2.793083451,1.880112198,1.454218493,8.77435801,3.95640444,21.69031638,16.50561085,17.16925902,1.671885024,4.028466479,2.206816466,2.016410126,19.77597125,1.63008864,1.146965664,19.20382476,3.510642893,2.522464589,2.118948276,2.492140135,2.775683693,3.540782603,2.704901771,4.206759833,1.302505476,4.163556238,1.038868969,2.267053678,1.299761022,4.257420725,1.981752716,1.286421631,5.242059442,0.525449121,3.270018713,1.418615946,8.696489344,2.53613401,2.478077142,2.982627163,2.099724637,10.70109113,2.756449577,16.68684988,2.846832163,2.074437208,9.606768771,19.40331694,1.021310219,2.22132846,14.88706157,5.7390593,3.713602902,1.693240278,1.670055213,13.26742798,1.418350017,1.866031706,2.258441317,1.142985275,1.982500274,8.689957296,3.828683123,5.311139931,1.717815358,1.336454445,1.863525635,2.533307629,1.374160895,10.9324719,3.399342533,3.929252567,2.559260399,2.837916621,1.36536881,1.825482625,4.04014709,4.967506483,1.839054985,1.25091156,18.33602191,2.213333854,1.466617707,2.051471842
Food Environment,Sweets and Treats,Number of sweet and treats,19-Sep,"Sweet and treats refer to establishments primarily engaged in retailing candy, ice cream, chocolate, frozen yogurt",ONS Food Environment Database,72,2,0,1,1,0,0,0,1,0,0,0,4,0,0,0,1,0,0,0,0,0,0,0,0,0,1,0,0,1,0,0,0,0,0,0,0,1,0,0,0,0,1,0,0,0,0,0,0,0,0,0,0,0,3,1,3,0,0,2,0,9,0,0,1,0,1,2,2,0,1,0,0,2,0,0,2,2,0,0,0,6,1,0,2,1,0,0,1,0,0,0,0,3,0,1,2,0,0,1,0,0,3,1,1,0,0,2,0,0,1,1
Food Environment,Sweets and Treats,Number of sweet and treats (with 50m buffer) per 1000 people,19-Sep,"Sweet and treats refer to establishments primarily engaged in retailing candy, ice cream, chocolate, frozen yogurt",ONS Food Environment Database,na,0.275482094,NA,0.218340611,0.241545894,0,0,0,0.156617071,NA,0,0,0.142933714,0,0,0,0.2313476,0,0,0,0,0,0,0,0,0,1.212121212,0,0,0.173611111,0,0,0,0,0,0,NA,0.099453008,0,0,0,0,0.161030596,0,0,0,0,0,0,0,0,0,0,0,0.325732899,0.152905199,0.237247924,0,0,0.31372549,0,1.759530792,0,0,0.15026296,0,0.094295144,0.166389351,0.270544471,0,0.566572238,0,0,0.106382979,0,0,0.157790927,0.270513977,0,0,0,0.364188164,0.087950748,0,0.309917355,0.07415647,0,0,0.142959257,0,0,0,0.096432015,0.261096606,0,0.043412199,0.163398693,0,0,0.071326676,0,0,0.348432056,0.241254524,0.031852206,0,0,0.305810398,0,3.921568627,0.105708245,0.087412587
Food Environment,Sweets and Treats,% residents within 15 min walking distance,19-Sep,"Sweet and treats refer to establishments primarily engaged in retailing candy, ice cream, chocolate, frozen yogurt",ONS Food Environment Database,33.73117887,19.14195928,100,54.91270808,82.09848136,8.576455065,0,2.348360656,88.25534552,0,0,0,100,46.95728754,0,0,37.90637918,0.992344769,0,0,0,37.09280885,88.34883488,0,0,0,0,0,0,83.49758108,100,0,0.170299728,0,0,0,0,1.309662398,29.56884562,100,0,23.28877005,91.07354184,0,0,8.824022815,5.658669081,0,33.85296559,0,11.60827353,0,79.06397809,0,93.20022818,70.58287796,68.53749418,0,24.62654716,84.27672956,0,100,0,66.09548443,9.050772627,0,18.81088035,62.41875771,29.14476488,0,33.67932259,0,28.36993394,37.28249194,0,0,99.18039065,43.2255206,0,0,2.295746117,37.92465222,43.22114143,0,84.65039305,75.554233,0,66.18901948,100,0,31.93950526,0,59.58821155,68.9479638,35.50595993,10.30447106,61.98552867,0,53.07636888,31.31116868,0,6.884057971,44.34185606,61.5870656,15.97512421,0,34.76430976,100,0,0,93.46613546,61.19427138
Arts & Culture,Restaurants,Number of restaurants,19-Sep,"Restaurant refers to an establishment where customers are seated at a table, orders are taken by a server, food is brought to the table, and meals are paid for after eating. Some restaurants also operate a bar and/or provide take-out services. Diners, family restaurants, and haute cuisine are examples of establishments considered as restaurants.",ONS Food Environment Database,1156,7,0,14,7,1,0,1,5,5,9,4,188,7,2,0,18,2,4,4,0,1,35,9,1,2,16,3,9,20,1,10,6,2,1,2,0,6,0,2,2,5,15,1,3,1,0,3,5,11,1,4,3,2,12,2,21,4,4,5,12,114,2,17,4,12,1,5,9,0,32,2,6,3,3,0,49,10,1,4,8,16,9,0,7,9,10,4,3,2,8,4,6,30,2,13,3,4,0,1,1,0,39,22,18,4,18,5,0,0,93,23
Health & Wellness,Optometrists,Avg. distance to nearest optometry clinic (km),19-Sep,"Optometrist refers to all optometrists in Ottawa, not including opthomologists or eye surgeons.",ONS maintained database,2.522318018,1.411402235,0.923622136,1.358662162,0.848595114,1.074905984,0.922894981,1.571887801,3.0565838,2.521020004,1.433613375,1.117330367,0.487065688,1.136690387,22.4365279,14.49473461,0.927429412,2.673125351,11.98831908,1.255179919,1.396241269,1.027690511,0.926857212,1.49753294,1.238025353,2.985485026,2.118040035,2.471340691,0.946938613,0.888823475,1.030966674,3.684085968,2.438844763,15.80872907,11.81489614,11.77204735,1.565273696,2.917768116,1.770141242,0.64913792,14.30408146,1.513273686,1.474005386,14.10769737,1.154983536,2.212578311,0.987434961,3.228237594,1.45231574,0.814324794,1.701078767,1.878150974,0.973453699,2.337509381,1.106827287,0.958426149,1.130814691,3.705117586,1.393115204,0.902412896,1.435918289,0.49504306,3.457859226,0.960356161,11.98140142,1.008776015,1.601590004,0.967339182,1.087287861,10.33922121,0.977029997,13.54584776,1.141668713,2.209740284,7.22311652,28.35000742,0.660187726,1.206436202,10.95829913,3.677007185,2.247713163,1.751704274,0.878558259,24.15588909,0.716059135,2.408107272,0.838895414,0.702694082,0.619958801,8.118963936,1.204057635,1.440196877,1.011827138,1.067704299,1.516653797,2.062466217,1.143298754,2.761714423,1.568424099,1.841897455,1.688126113,1.237834017,0.85651294,0.909861817,1.76679575,2.697741902,0.773992973,1.174006117,14.25592715,0.780136088,0.519330311,0.651215091
Health & Wellness,Optometrists,Number of optometry clinics,19-Sep,"Optometrist refers to all optometrists in Ottawa, not including opthomologists or eye surgeons.",ONS maintained database,112,2,0,1,1,1,1,2,0,0,0,1,13,1,0,0,3,0,0,0,0,0,1,2,0,0,1,0,0,0,0,1,0,0,0,0,0,2,0,2,0,0,0,0,0,0,0,0,2,2,0,0,1,0,4,1,1,0,0,1,1,3,0,1,0,4,0,3,6,0,3,0,1,0,0,0,2,3,0,1,0,2,2,0,3,0,0,0,1,0,1,1,1,3,0,3,1,1,0,1,0,0,3,2,3,2,1,0,0,0,2,4
Health & Wellness,Optometrists,Number of optometry clinics (with 50m buffer) per 1000 people,19-Sep,"Optometrist refers to all optometrists in Ottawa, not including opthomologists or eye surgeons.",ONS maintained database,na,0.275482094,NA,0.218340611,0.241545894,0.147710487,0.193050193,0.082508251,0,NA,0,0.143472023,0.464534572,0.091575092,0,0,0.4626952,0,0,0,0,0,0.102249489,0.992555831,0,0,1.212121212,0,0,0.173611111,0,0.10970927,0,0,0,0,NA,0.198906017,0,11.76470588,0,0,0,0,0,0,0,0,0.194080543,0.472813239,0,0,0.087298123,0,0.434310532,0.152905199,0.079082641,0,0,0.156862745,0.063351283,0.782013685,0,0.220385675,0,0.447427293,0,0.332778702,0.405816706,0,1.699716714,0,0.085947572,0,0,0,0.157790927,0.270513977,0,1.226993865,0,0.121396055,0.175901495,0,0.309917355,0,0.203665988,0.161160355,0.142959257,0,0.07909828,0.055632823,0.096432015,0.156657963,0,0.130236596,0.081699346,0.132714001,0,0.071326676,0,0,0.348432056,0.482509047,0.095556617,0.120336943,0.096899225,0.152905199,0,0,0.21141649,0.437062937
Health & Wellness,Optometrists,% residents within 15 min walking distance,19-Sep,"Optometrist refers to all optometrists in Ottawa, not including opthomologists or eye surgeons.",ONS maintained database,45.77943077,40.94821697,100,42.2452294,83.15692591,74.10936813,83.38289963,33.98770492,0,0,33.41879499,63.91994479,100,74.18758256,0,0,77.28745392,0.992344769,0,61.12228112,43.93232205,80.86969883,89.00890089,18.18521285,52.06984501,0,0.364697301,0,81.53399936,84.03511915,100,11.23480921,0.170299728,0,0,0,0,1.309662398,34.24200278,100,0,20.32085561,28.52071006,0,62.96536096,0,71.91036668,0,40.61433447,83.08677412,11.60827353,18.86020956,83.78557796,1.003824092,83.25156874,66.3630844,58.11985717,0,36.07910087,80.11006289,39.6677116,100,0,91.77713116,0,79.74572556,18.81088035,74.88276429,54.38272482,0,65.50122917,0,57.96286377,6.348012889,0,0,97.95480659,51.73238813,0,0,6.85347738,27.73896949,91.1336834,0,98.15887464,0,83.2093112,100,100,0,59.63890734,42.89275395,75.07064998,67.99156726,31.57494294,17.76081192,58.8033922,20.84175084,28.40778098,22.60362694,27.94637596,50.05175983,79.00094697,73.610853,17.52492514,0.166770898,92.48737374,56.14035088,0,100,100,100
Health & Wellness,Optometrists,Number of optometrists,19-Sep,"Optometrist refers to all optometrists in Ottawa, not including opthomologists or eye surgeons.",ONS maintained database,194,4,0,3,3,1,1,6,0,0,0,1,20,1,0,0,4,0,0,0,0,0,1,3,0,0,2,0,0,0,0,3,0,0,0,0,0,6,0,2,0,0,0,0,0,0,0,0,4,4,0,0,1,0,6,1,3,0,0,1,2,4,0,1,0,8,0,3,8,0,5,0,1,0,0,0,3,3,0,2,0,3,4,0,3,0,0,0,3,0,2,3,2,4,0,6,3,1,0,3,0,0,7,4,7,2,3,0,0,0,5,8
Health & Wellness,Optometrists,Number of optometrists (with 50m buffer) per 1000 people,19-Sep,"Optometrist refers to all optometrists in Ottawa, not including opthomologists or eye surgeons.",ONS maintained database,na,0.550964187,NA,0.655021834,0.724637681,0.147710487,0.193050193,0.247524752,0,NA,0,0.143472023,0.714668572,0.091575092,0,0,0.578368999,0,0,0,0,0,0.102249489,1.488833747,0,0,2.424242424,0,0,0.173611111,0,0.329127811,0,0,0,0,NA,0.596718051,0,11.76470588,0,0,0,0,0,0,0,0,0.388161087,0.945626478,0,0,0.087298123,0,0.651465798,0.152905199,0.237247924,0,0,0.156862745,0.126702566,1.368523949,0,0.220385675,0,0.894854586,0,0.332778702,0.541088941,0,2.83286119,0,0.085947572,0,0,0,0.236686391,0.270513977,0,1.840490798,0,0.182094082,0.35180299,0,0.309917355,0,0.610997963,0.322320709,0.42887777,0,0.118647419,0.16689847,0.192864031,0.208877285,0,0.260473193,0.245098039,0.132714001,0,0.213980029,0,0,0.696864111,0.965018094,0.22296544,0.120336943,0.290697674,0.152905199,0,0,0.528541226,0.786713287
Health & Wellness,Socioeconomic Index,Socioeconomic Index,2015/2016,"This index is the result of a Principal Component Analysis (PCA) of eight variables derived from the 2016 Statistics Canada census: (1) lone-parent families, (2) participation rate, (3) unemployment rate, (4) residents aged 25 to 64 with no high school diploma, (5) median market income, (6) residents living in low income (LIM-AT), (7) households with unsuitable housing, and (8) households with inadequate housing.
Factor scores from the index were converted to quintile scores. A score of “5” (darkest shade) indicates a neighbourhood in the quintile of highest socioeconomic disadvantage, and a score of “1” (lightest shade) indicates a neighbourhood in the quintile of least disadvantage.","ONS-derived analysis, using data from: Statistics Canada Census of Population; Ottawa Community Data Consortium, Community Data Program of the Canadian Council on Social Development",NA,4,NA,4,4,4,3,1,5,NA,5,3,3,3,4,1,4,2,1,5,5,5,3,2,5,5,NA,4,4,1,NA,1,1,2,1,1,NA,1,3,NA,2,3,2,2,4,3,4,4,3,4,4,3,5,4,5,3,4,3,3,5,2,3,1,4,1,5,2,3,3,2,4,4,4,2,2,2,2,3,1,NA,2,1,3,1,3,5,1,5,5,2,2,2,2,5,5,2,2,2,1,1,5,1,5,4,1,1,5,5,1,NA,5,3
Basic Needs & Standard of Living,Socioeconomic Index,Socioeconomic Index,2015/2016,"This index is the result of a Principal Component Analysis (PCA) of eight variables derived from the 2016 Statistics Canada census: (1) lone-parent families, (2) participation rate, (3) unemployment rate, (4) residents aged 25 to 64 with no high school diploma, (5) median market income, (6) residents living in low income (LIM-AT), (7) households with unsuitable housing, and (8) households with inadequate housing. Factor scores from the index were converted to quintile scores. A score of “5” (darkest shade) indicates a neighbourhood in the quintile of highest socioeconomic disadvantage, and a score of “1” (lightest shade) indicates a neighbourhood in the quintile of least disadvantage.","ONS-derived analysis, using data from: Statistics Canada Census of Population; Ottawa Community Data Consortium, Community Data Program of the Canadian Council on Social Development",NA,4,NA,4,4,4,3,1,5,NA,5,3,3,3,4,1,4,2,1,5,5,5,3,2,5,5,NA,4,4,1,NA,1,1,2,1,1,NA,1,3,NA,2,3,2,2,4,3,4,4,3,4,4,3,5,4,5,3,4,3,3,5,2,3,1,4,1,5,2,3,3,2,4,4,4,2,2,2,2,3,1,NA,2,1,3,1,3,5,1,5,5,2,2,2,2,5,5,2,2,2,1,1,5,1,5,4,1,1,5,5,1,NA,5,3
Arts & Culture,Outdoor Sport Area (Summer),% residents within 15 min walking distance,15-Nov-19,"Outdoor Sport Area (Summer) includes: Ball diamonds, Basketball courts, Lawn bowling, Skateboard parks, Tennis courts and Sports fields. Facilities on school properties were included.",Open Data Ottawa,90.58815189,100,100,100,100,100,100,100,100,100,100,100,100,98.68780273,33.92394123,0,100,89.93478877,4.425791683,100,100,100,100,22.74085138,95.40906416,100,76.00291758,98.47459571,100,100,100,38.85442339,92.74523161,32.0802458,26.74829932,22.27732593,100,49.62165308,75.02086231,100,47.05128205,100,100,0,100,100,96.084201,100,100,83.08677412,100,100,100,100,100,100,96.86384102,100,100,100,96.57053292,100,83.80844777,100,19.05353201,100,91.44458739,99.14438503,100,18.36445285,99.31712647,7.169169736,100,99.27497315,71.88587335,9.231234867,100,100,38.4623146,13.07626023,96.23565159,78.35094633,100,3.435710567,100,92.02499628,100,100,100,19.11557435,100,100,100,97.56273139,100,98.10734205,100,51.41414141,97.64409222,87.66551526,100,100,100,100,89.76012635,89.20853311,100,100,26.25737079,100,100,97.88817866
Arts & Culture,Outdoor Sport Area (Summer),Avg. distance to nearest 3 outdoor summer sport areas (km),15-Nov-19,"Outdoor Sport Area (Summer) includes: Ball diamonds, Basketball courts, Lawn bowling, Skateboard parks, Tennis courts and Sports fields. Facilities on school properties were included.",Open Data Ottawa,0.932360198,0.507251033,1.019127795,0.52329675,0.589218333,0.778979918,0.637354249,0.504810597,0.636270897,0.998719763,0.515493666,0.543415576,0.763004866,0.719989712,1.787162629,5.655261074,0.687345109,0.745358707,4.608925775,0.585794541,0.455033594,0.526575206,0.544253338,1.407553785,0.561970235,0.681401615,0.840835771,0.564371389,0.452708622,0.553688993,1.145745696,1.691960241,0.734668018,2.883886681,4.692669881,3.397560753,1.007764741,1.391525006,1.026120526,0.987863564,2.783993323,0.594776538,0.589737839,8.494850421,0.506778852,0.423614933,0.529708176,0.619771404,0.682058731,0.699973538,0.527429814,0.562284505,0.461208223,0.512937802,0.472280354,0.411374023,0.718385197,0.434197765,0.474765947,0.696040029,0.715711784,0.661872769,0.892804136,0.871565113,4.49831902,0.62432589,0.545205945,0.619515174,0.465097687,3.362817261,0.734719508,4.151844189,0.523896652,0.565389256,1.179277686,6.806596004,0.627919995,0.57349987,1.865291019,2.278163332,0.770943376,1.033302512,0.54098933,4.478679231,0.498671484,0.473756618,0.541790793,0.658699299,0.622049123,2.227253324,0.625373563,0.618941045,0.449335786,0.483954503,0.39954232,0.632717487,0.54587978,1.692964204,0.495928675,0.738885908,0.896514239,0.682641832,0.743436583,0.629203498,0.889754054,0.858950323,0.714686549,0.675495083,3.873027885,0.80428385,0.538494498,0.8181438
Arts & Culture,Outdoor Sport Area (Summer),Number of outdoor summer sport areas,15-Nov-19,"Outdoor Sport Area (Summer) includes: Ball diamonds, Basketball courts, Lawn bowling, Skateboard parks, Tennis courts and Sports fields. Facilities on school properties were included.",Open Data Ottawa,1458,12,0,16,4,7,9,31,7,1,18,12,5,9,11,8,10,10,12,6,9,6,5,0,13,7,10,14,16,9,0,34,21,17,14,17,0,10,9,1,19,7,11,5,11,16,10,10,31,4,9,14,22,24,6,25,19,21,15,12,17,3,8,3,16,12,20,9,31,7,10,8,23,21,15,13,9,25,23,30,14,14,34,10,16,18,6,3,7,23,29,27,18,35,6,18,19,28,15,18,3,4,7,4,40,14,4,4,4,8,7,7
Arts & Culture,Outdoor Sport Area (Summer),Number of outdoor summer sport areas (with 50m buffer) per 1000 people,15-Nov-19,"Outdoor Sport Area (Summer) includes: Ball diamonds, Basketball courts, Lawn bowling, Skateboard parks, Tennis courts and Sports fields. Facilities on school properties were included.",Open Data Ottawa,na,1.652892562,NA,3.930131004,0.966183575,1.033973412,2.123552124,1.278877888,1.096319499,NA,1.83299389,1.865136298,0.178667143,0.915750916,4.943820225,2.173913043,1.156737999,2.60756193,2.033898305,1.426024955,0.938967136,0.903614458,0.613496933,0,1.23750595,0.793650794,12.12121212,1.673640167,2.718776551,1.5625,0,3.730115195,7.070707071,3.253588517,3.883495146,3.238095238,NA,0.994530085,2.137767221,5.882352941,3.544776119,0.952380952,1.771336554,2.645502646,1.792991035,2.854743913,2.336448598,2.469135802,3.008248423,0.945626478,1.904761905,2.862985685,1.920558708,2.921485088,0.977198697,3.822629969,1.660735469,2.590993214,2.339986235,1.882352941,1.203674374,0.586510264,0.706401766,0.330578512,2.404207363,1.163310962,1.885902876,0.74875208,2.164355766,1.662707838,5.66572238,2.250351617,1.976794156,1.117021277,1.717229536,4.024767802,0.710059172,2.254283138,2.337398374,22.6993865,2.317880795,0.91047041,2.990325418,5.089058524,1.652892562,1.334816463,1.221995927,0.644641418,1.28663331,5.548854041,1.186474194,1.557719054,1.832208293,1.82767624,1.686972821,0.781419579,1.633986928,3.715992037,1.036627505,1.283880171,0.660611065,2,0.609756098,1.930036188,1.274088231,0.842358604,0.387596899,0.764525994,1.57480315,31.37254902,1.057082452,0.611888112
Arts & Culture,Cool-off Areas (Summer),% residents within 15 min walking distance,15-Nov-19,"Summer Cool-off areas include: Beaches, Outdoor pools, Splash pads and Wading pools.",Open Data Ottawa,76.33497118,100,100,69.30572473,100,96.49611494,89.12639405,72.58196721,100,0,100,98.79917184,96.68223322,77.65741964,0,0,66.66294269,73.29174936,0,46.51800402,100,100,100,3.771471247,85.61899156,100,94.6754194,98.47459571,100,100,100,7.903458826,0,0,0,0,100,70.96429957,75.88317107,100,0,100,100,0,100,47.74366717,82.59393391,100,86.22820773,83.08677412,53.77796539,63.86404293,100,93.0210325,100,97.69277474,68.12606738,97.73478634,99.28866126,100,61.30407524,100,69.36381019,91.03351654,13.46578366,90.01315213,90.53482816,85.34759358,82.4406876,0,34.77192024,6.885803344,94.48312801,84.8603652,71.88587335,0,98.87399464,89.10057599,0,1.421800948,41.05334234,47.72822258,82.73220281,0,98.57261067,92.02499628,100,100,100,5.214940099,59.46305053,60.83508017,88.82721034,97.56273139,100,97.44902624,85.67649576,7.654320988,88.04755043,91.01899827,9.251620507,66.66666667,100,88.10629994,48.85656938,74.72031131,100,100,0,100,100,100
Arts & Culture,Cool-off Areas (Summer),Avg. distance to nearest 3 cool-off areas (km),15-Nov-19,"Summer Cool-off areas include: Beaches, Outdoor pools, Splash pads and Wading pools.",Open Data Ottawa,2.437589746,0.864679368,1.047545412,2.149467829,2.444576201,1.388682168,1.182402248,1.710481443,1.236316542,1.968577975,0.76227102,1.497657953,1.061562456,1.13770604,22.82517514,14.12577478,1.65698983,1.641216371,12.27027992,1.296380164,0.768109648,0.884931106,0.70717548,2.865505078,1.368757491,1.240845416,1.546868043,0.948418829,1.040763841,0.883477987,1.0789944,4.001939362,4.018858997,17.24297781,15.09063458,13.82107339,0.877920508,1.377320864,1.766563457,1.830506569,17.3403538,0.923709277,1.110748203,25.12211194,0.774948946,1.518234572,1.067608899,1.106680262,1.459006803,1.266211916,1.835633364,1.556773038,0.98352617,1.330067636,0.870304348,1.413456498,1.42145918,1.379790788,1.214457447,1.022068018,2.460255589,0.900138103,1.684175145,1.31022022,10.24885591,0.902144492,1.076511605,1.094870417,1.400855349,8.146056824,1.49124371,12.2019446,0.995385729,1.522719414,1.398355854,27.08886152,1.080592565,1.653647024,8.756505071,3.518287759,1.786890869,2.032571595,1.585477941,20.96110425,1.053434665,1.111078076,0.905123124,0.679100852,0.897037509,6.335140726,1.652436926,2.166775089,0.97264301,0.942153742,1.182061326,1.066338455,1.287197435,8.191372205,1.236601286,1.125502259,1.849877976,1.380508452,0.726236485,1.393694161,2.220839874,1.301346518,0.600269398,0.732592955,17.76269327,0.841853207,0.597171163,0.826137522
Arts & Culture,Cool-off Areas (Summer),Number of cool-off areas,15-Nov-19,"Summer Cool-off areas include: Beaches, Outdoor pools, Splash pads and Wading pools.",Open Data Ottawa,208,3,0,1,1,2,1,2,2,0,5,1,2,2,0,0,1,1,0,1,3,2,3,0,2,2,1,4,2,2,0,3,0,0,0,0,0,4,2,0,0,2,2,0,5,0,2,2,2,1,0,1,4,2,2,2,3,2,2,3,2,1,2,1,1,5,3,2,4,0,1,0,4,2,5,0,2,2,0,0,2,2,2,0,3,3,1,2,2,1,2,2,4,6,0,6,2,0,2,6,0,0,4,0,5,3,5,3,0,2,5,4
Arts & Culture,Cool-off Areas (Summer),Number of cool-off areas (with 50m buffer) per 1000 people,15-Nov-19,"Summer Cool-off areas include: Beaches, Outdoor pools, Splash pads and Wading pools.",Open Data Ottawa,na,0.41322314,NA,0.218340611,0.241545894,0.295420975,0.193050193,0.082508251,0.313234143,NA,0.509164969,0.143472023,0.071466857,0.274725275,0,0,0.1156738,0.260756193,0,0.178253119,0.281690141,0.301204819,0.306748466,0,0.190385531,0.22675737,1.212121212,0.478182905,0.509770603,0.347222222,0,0.329127811,0,0,0,0,NA,0.397812034,0.712589074,0,0,0.272108844,0.322061192,0,0.814995925,0,0.46728972,0.673400673,0.194080543,0.236406619,0,0.204498978,0.436490615,0.243457091,0.325732899,0.305810398,0.237247924,0.246761258,0.275292498,0.470588235,0.126702566,0.195503421,0.176600442,0.110192837,0.15026296,0.447427293,0.282885431,0.166389351,0.270544471,0,0.566572238,0,0.343790288,0.106382979,0.572409845,0,0.157790927,0.180342651,0,0,0.331125828,0.121396055,0.175901495,0,0.309917355,0.22246941,0.203665988,0.322320709,0.285918513,0.241254524,0.07909828,0.111265647,0.385728062,0.313315927,0.187441425,0.260473193,0.163398693,0,0.138217001,0.427960057,0,0,0.348432056,0,0.159261029,0.180505415,0.484496124,0.458715596,0,7.843137255,0.528541226,0.437062937
Arts & Culture,Outdoor Recreation Area (Winter),% residents within 15 min walking distance,15-Nov-19,Outdoor Recreation Area (Winter) includes: Outdoor rinks and Sledding hills.,Open Data Ottawa,86.10052844,100,0,95.31059683,100,100,100,100,100,100,100,100,98.71401687,88.44561867,0,0,86.22500279,89.93478877,2.575352919,100,100,100,100,23.33831217,95.40906416,100,33.04157549,98.47459571,100,100,7.479674797,23.45542619,88.89645777,18.76016628,26.74829932,12.29914699,100,82.52813349,95.99443672,100,34.83516484,97.48663102,100,0,100,100,96.084201,100,96.08892169,79.81894458,67.58125791,97.18885765,100,100,100,96.47844566,86.01925167,99.3020693,83.1270451,100,95.22257053,100,88.46688684,100,14.61092715,99.04427883,91.44458739,90.22624434,94.06165649,11.29756559,68.50587271,0,98.06284592,100,66.57388077,8.746973366,100,93.93885689,12.95530219,4.954760879,48.2950709,67.88464983,88.17250581,0.780843311,100,92.02499628,100,100,61.51877133,19.11557435,92.99308297,99.39380205,100,96.21040724,100,98.20334644,98.825177,32.03142536,97.64409222,89.39982729,86.0047142,95.60041408,100,98.86638171,69.1388898,79.82072128,100,93.12988353,26.25737079,100,100,89.28715916
Arts & Culture,Outdoor Recreation Area (Winter),Avg. distance to nearest 3 winter outdoor recreation areas (km),15-Nov-19,Outdoor Recreation Area (Winter) includes: Outdoor rinks and Sledding hills.,Open Data Ottawa,1.615252526,0.660196507,1.445834783,1.29703796,1.672721438,1.056989266,0.876147397,0.767393612,1.055363226,1.523787278,0.809350771,0.991343931,1.007528086,1.019935642,14.75887126,10.15226067,1.445824467,0.96713784,8.388164935,0.885648859,1.084770542,0.86990168,1.00616944,1.913398261,0.968003829,1.202218873,2.086611152,0.810831002,0.91417199,1.036759664,1.52532793,3.052185114,2.154267454,5.172085488,8.54762539,4.870923309,1.239843029,1.116600731,1.227318134,1.647640368,7.836985439,1.248359356,0.909419373,13.41464898,0.879397069,0.888149924,0.814360078,0.969735639,0.903611941,1.36351984,1.745161889,1.20667878,0.893062394,1.012813741,0.684956519,1.101330733,1.014082687,0.814751281,1.236389072,1.024005885,1.300443247,1.031462028,0.83613711,1.195951162,7.908088236,0.959070761,0.872111104,1.297368565,1.149624731,4.621203192,1.333622445,7.985161831,0.957006201,0.798963965,1.340084442,10.79433984,0.86338416,0.813748686,5.176183633,3.095971024,1.586460058,1.490831762,1.347653469,9.082092589,0.81025918,0.826138942,0.781527211,0.764815091,1.488959852,4.17593579,1.189221256,1.108621573,0.834318187,1.016842738,0.980494946,0.819442325,0.764325944,2.672935138,0.797063671,1.008716975,1.388616327,1.035456156,1.030674065,1.095865864,1.46098,1.090244039,0.800724338,1.280041464,8.696408734,1.308183166,0.897443449,1.216765204
Arts & Culture,Outdoor Recreation Area (Winter),Number of winter outdoor recreation areas,15-Nov-19,Outdoor Recreation Area (Winter) includes: Outdoor rinks and Sledding hills.,Open Data Ottawa,335,5,0,2,1,3,4,11,2,0,5,2,3,3,1,1,1,4,2,3,1,2,1,1,3,2,0,6,3,2,0,4,3,3,2,5,0,6,4,0,2,1,3,0,4,2,3,2,6,1,1,1,5,3,2,3,5,5,2,2,3,1,7,2,1,5,6,2,5,2,3,1,4,8,4,2,4,6,2,3,2,4,3,1,5,5,2,2,1,4,5,5,7,5,0,9,6,4,5,7,1,1,1,1,10,6,3,0,1,1,2,1
Arts & Culture,Outdoor Recreation Area (Winter),Number of winter outdoor recreation areas (with 50m buffer) per 1000 people,15-Nov-19,Outdoor Recreation Area (Winter) includes: Outdoor rinks and Sledding hills.,Open Data Ottawa,na,0.688705234,NA,0.436681223,0.241545894,0.443131462,0.772200772,0.45379538,0.313234143,NA,0.509164969,0.430416069,0.107200286,0.274725275,0.449438202,0.27173913,0.1156738,1.043024772,0.338983051,0.713012478,0.093896714,0.301204819,0.102249489,0.496277916,0.285578296,0.22675737,0,0.717274357,0.679694138,0.347222222,0,0.438837082,1.01010101,0.574162679,0.554785021,0.952380952,NA,0.596718051,0.950118765,0,0.373134328,0.136054422,0.483091787,0,0.65199674,0.335852225,0.700934579,0.448933782,0.58224163,0.236406619,0.211640212,0.204498978,0.436490615,0.365185636,0.217155266,0.458715596,0.395413207,0.616903146,0.275292498,0.31372549,0.190053849,0.195503421,0.618101545,0.220385675,0.15026296,0.447427293,0.565770863,0.166389351,0.405816706,0.475059382,1.699716714,0.281293952,0.343790288,0.425531915,0.457927876,0.619195046,0.315581854,0.541027953,0.203252033,2.45398773,0.331125828,0.242792109,0.263852243,0.508905852,0.516528926,0.370782351,0.407331976,0.322320709,0.142959257,0.965018094,0.197745699,0.278164117,0.675024108,0.261096606,0,0.434121988,0.653594771,0.530856005,0.345542502,0.499286733,0.165152766,0.5,0.087108014,0.241254524,0.318522058,0.36101083,0.290697674,0,0.393700787,3.921568627,0.21141649,0.087412587
Environment & Sustainability,Networks and Trails,Total pedestrian network length (km),2019,"Total length (in km) of pedestrian network. Pedestrian network refers to existing sidewalks, paths and multi-use pathways in Ottawa.",Open Data Ottawa,2864.296485,14.64919038,0.523359515,16.64815785,9.782833951,14.44565731,13.26913821,52.77143562,15.29590423,7.932317242,30.51741011,17.51998131,94.69794667,60.9296593,0,0.731282909,21.01521922,23.02816537,0.073709763,9.384051569,25.7310727,9.003299292,42.26600816,13.76131694,28.38180593,20.12212181,12.82435504,18.09716358,15.03769023,48.77571918,12.50907777,20.51581388,11.61124295,7.057150195,8.945445208,5.225555529,0.427531221,21.38295352,11.17553467,3.140272888,16.11601768,35.45432062,37.00974736,0.033429251,16.62358486,13.97515108,9.915492193,29.11438001,27.12798228,24.41738476,11.67148124,10.21841848,26.49763631,25.32587542,17.0045933,26.16764545,36.14525013,22.82988461,17.12064111,17.64454077,60.83352577,30.09243088,27.86158769,21.94187525,8.189624108,31.87625324,28.142176,38.40773118,49.45670931,4.514465871,48.15877133,5.114942677,27.21633734,41.40197025,18.70197698,1.326837906,76.46125487,33.54708291,14.53538153,87.06644869,18.89984176,58.02993517,45.63320052,0.389498712,23.74490074,21.08540989,31.29116107,19.63717537,8.642342775,27.18693785,67.99313902,37.51021331,29.42956497,58.49696536,5.767939889,50.74936644,37.51861975,19.07109071,48.63362846,44.26549652,16.35229364,9.659084345,55.55467092,10.38693681,96.68946571,55.11451711,31.36249486,17.89872443,2.731661835,11.50488518,47.11309412,41.48483592
Environment & Sustainability,Networks and Trails,Pedestrian network density (km/km2),2019,"Total length (in km) of pedestrian network, divided by the total area (km2) of the neighbourhood. Pedestrian network refers to existing sidewalks, paths and multi-use pathways in Ottawa.",Open Data Ottawa,1.024060238,6.563128174,0.786603425,4.962196766,7.137109257,6.124514565,6.974842631,8.106260083,7.169919588,8.699140478,11.24628662,8.276199108,28.27078363,8.114547769,0,0.005249433,5.318120034,4.175038207,0.000581117,5.177556359,11.83851215,7.777709608,23.06044919,0.89931738,8.286764957,11.05330968,2.801980212,4.148579354,6.977407625,19.50696984,14.37613667,0.350454644,1.787777828,0.050453449,0.065656194,0.035929369,2.085873112,2.145236964,2.94036079,5.976848636,0.118599283,20.63844583,25.63013694,0.000136384,9.14632681,6.762519143,5.389686497,9.043848261,4.561212953,7.696553683,5.326095263,5.904456254,8.300208453,7.853375973,10.5754403,9.216589003,5.823952925,7.727022911,6.629892679,8.351259953,6.442847021,24.19079987,2.925785216,7.380920353,0.04577435,7.149589945,7.425199855,10.57265586,8.085932654,0.082840347,3.694568529,0.030670052,6.798118958,7.257911219,1.923189176,0.009813891,28.05624368,7.403474288,0.209109312,0.524552869,3.675351935,4.843077609,8.269798779,0.002868781,8.688366845,7.858969984,18.40147102,24.76984342,7.005438945,0.244554692,11.03511047,7.351654991,9.005301138,9.591426734,11.32938588,6.409780737,8.518515652,0.112959874,10.14812072,1.809400883,9.055367142,4.298226845,25.62815687,5.379758249,3.222857771,3.793922601,18.4144582,13.44610741,0.03543428,2.492757072,26.38778871,13.09533908
Environment & Sustainability,Networks and Trails,Pedestrian network length per capita (km/1000 residents),2019,"Pedestrian network refers to existing sidewalks, paths and multi-use pathways in Ottawa.",Open Data Ottawa,3.124181525,2.017794819,na,3.634968962,2.36300337,2.133775083,2.561609693,2.177039423,2.395599724,na,3.107679237,2.51362716,3.383882318,5.57963913,0,0.198718182,2.430910262,6.004736733,0.01249318,1.672736465,2.416063165,1.355918568,4.321677726,6.829437686,2.701742592,2.281419707,15.54467278,2.163438563,2.555257473,8.468006802,21.20182673,2.250774974,3.909509412,1.350650755,2.481399503,0.99534391,na,2.126599057,2.654521299,18.47219346,3.006719716,4.823717091,5.959701668,0.017687435,2.709630784,2.346792792,2.316703783,6.535214368,2.632506772,5.772431385,2.47015476,2.089656131,2.313193916,3.082881974,1.846318491,4.001169029,2.858461853,2.816765529,2.356592032,2.767771101,3.853881899,5.883173192,2.460184343,2.417837493,1.230597161,2.85246114,2.653670533,3.195318734,3.345059812,1.072319684,27.28542285,1.438802441,2.339178113,2.20223246,2.14103915,0.410785729,6.032446144,3.024984933,1.477172919,53.4149992,3.129112874,3.52230259,4.0134741,0.198218174,2.452985614,1.563619569,6.372945227,3.164734144,1.235502899,6.558971738,2.689070161,2.086799072,2.837952263,3.05467182,1.08115087,2.203141586,3.065246711,2.531000758,3.360997129,3.157310736,2.70062653,4.829542172,4.839257049,2.50589549,3.079772757,3.316156264,3.03900144,2.736808017,1.075457415,45.11719678,4.980242508,3.626296846
Environment & Sustainability,Networks and Trails,Total cycling network length (km),2019,"Cycling network: cycling facility information was collected through airphotos, ground surveys, and input from City staff and members of the public.",Open Data Ottawa,2026.919907,9.166698869,4.190562275,9.210642934,6.410644544,6.105734673,8.414026117,26.34046627,7.731434875,10.04186904,9.958364209,9.905513903,24.14435886,28.77692145,6.240660941,12.56917891,11.11947107,14.92760039,40.43518584,5.940946445,19.51449695,3.609689677,10.13249542,17.74296048,9.563821414,8.322329143,15.10351999,14.37521161,7.000822463,18.05088497,5.230516286,39.11318827,24.08961899,16.21123073,29.22103682,30.49838421,0.461049726,20.88711275,9.946485722,1.274985867,24.25360971,11.84525684,12.02818392,2.695834591,8.938860411,5.884257097,9.949019021,14.86573412,21.93375571,11.22546718,13.53527546,6.447180515,6.983208295,18.59766596,5.831872104,18.02440673,17.24184402,10.88165056,7.845728861,8.429199294,43.78584302,5.277069431,29.28746999,13.61861011,35.19757653,17.58067351,15.17670455,18.19025593,25.31281599,23.45755232,24.21311825,14.0883957,15.16596721,24.78670023,10.87435988,33.06666082,18.76503022,24.40653963,55.90328203,168.9420782,12.59856862,33.4026106,22.62153787,8.383576471,19.08122348,4.495121086,7.895544743,4.599644057,7.003185984,48.17234547,39.06759398,27.26080612,15.6802756,25.12699259,0.236159538,28.97013911,16.41242215,51.07592966,23.61012823,30.82366135,7.011871812,8.666431341,12.31539942,5.648639466,61.06249304,23.29406081,8.225385508,4.405194882,16.16919402,13.64516272,8.963887932,24.4798819
Environment & Sustainability,Networks and Trails,Cycling network density (km/km2),2019,"Cycling network: cycling facility information was collected through airphotos, ground surveys, and input from City staff and members of the public.",Open Data Ottawa,0.724676406,4.106863112,6.298367648,2.745350147,4.67691374,2.588643779,4.422782182,4.046178919,3.624092143,11.01262427,3.669859853,4.679229041,7.207969858,3.832480051,1.057881546,0.090226456,2.813897931,2.70639458,0.318785191,3.277857631,8.978351264,3.118314428,5.528317103,1.159522217,2.792392434,4.571549767,3.299952628,3.295362052,3.248344081,7.219126125,6.011203892,0.668138176,3.709067745,0.115898411,0.21447139,0.20969784,2.249405841,2.095491921,2.616989476,2.426667304,0.178484585,6.89528631,8.329805606,0.010998429,4.918177356,2.847368236,5.407910412,4.617767701,3.68787216,3.538356447,6.176608182,3.725341196,2.187443583,5.767005508,3.626938568,6.34843319,2.778115729,3.683013058,3.038223861,3.989587228,4.637335822,4.242147502,3.075519159,4.581097806,0.196730177,3.943205168,4.004312405,5.007307385,4.138522926,0.430445557,1.85754375,0.084476378,3.788167668,4.345195859,1.118248154,0.244575935,6.885529948,5.386256358,0.80423736,1.017832392,2.449976784,2.787723871,4.099549542,0.061747691,6.981906188,1.675424945,4.643152661,5.801876337,5.676746816,0.433324753,6.340569383,5.342865947,4.798086682,4.11993523,0.463864497,3.659006065,3.726402407,0.302527563,4.926599951,1.259951078,3.882946026,3.856503009,5.681268253,2.925628155,2.03533786,1.603495202,4.829527062,3.309326527,0.209741831,2.956489816,5.020625055,7.727458651
Environment & Sustainability,Networks and Trails,Cycling network length per capita (km/1000 residents),2019,"Cycling network: cycling facility information was collected through airphotos, ground surveys, and input from City staff and members of the public.",Open Data Ottawa,2.210827601,1.262630698,na,2.011057409,1.548464866,0.901881045,1.624329366,1.086652899,1.210874687,na,1.014090042,1.421164118,0.862760724,2.635249217,2.804791434,3.415537747,1.286231471,3.892464248,6.853421329,1.058992236,1.832347131,0.543627963,1.036042477,8.805439443,0.910406608,0.943574733,18.30729695,1.718495112,1.189604497,3.133834196,8.86528184,4.291079349,8.110982824,3.102627891,8.105696759,5.80921604,na,2.077286201,2.362585682,7.499916865,4.524927184,1.61159957,1.936905624,1.426367509,1.457026962,0.988120419,2.324537155,3.336865122,2.128457613,2.653774747,2.864608563,1.318441823,0.609620977,2.263866824,0.633210869,2.756025494,1.363530567,1.342584893,1.079935149,1.32222734,2.773889327,1.031685128,2.586090066,1.500673291,5.28889204,1.573214632,1.431089538,1.51333244,1.712060601,5.571865159,13.71848059,3.962980507,1.303478058,1.318441502,1.244918132,10.23735629,1.480475757,2.20077003,5.681227849,103.6454468,2.085855731,2.027472571,1.989581167,4.26645113,1.971200772,0.333342313,1.608053919,0.741280267,1.001170262,11.62179625,1.545089736,1.516595612,1.512080579,1.312114495,0.04426608,1.257657439,1.340884162,6.778490997,1.631660555,2.198549312,1.158030027,4.33321567,1.072769984,1.362759823,1.944975093,1.401568039,0.797033479,0.673577199,6.365824418,53.51044204,0.947556864,2.139849816
Crime & Safety,Collisions,Total # of collisions between 2014-2018,2014-2018,Count of all collisions in 2014-2018.,Open Data Ottawa,72834,630,65,316,256,781,373,545,494,369,1008,463,3976,1559,27,474,987,270,461,166,327,342,1188,475,367,310,1076,305,623,946,392,695,649,327,358,384,133,519,229,400,309,1223,675,207,518,161,523,638,307,728,738,167,1365,468,486,396,1733,262,465,195,777,1568,396,1499,926,922,391,837,796,384,3776,1053,617,798,362,263,1792,986,573,4984,538,768,1170,117,619,775,216,406,191,308,1025,438,490,2853,167,585,940,979,329,504,459,91,1849,887,1344,538,998,625,167,115,1429,1321
Crime & Safety,Collisions,# of collisions involving pedestrian(s) 2014-2018,2014-2018,Count of pedestrian collisions (included in count of all collisions) in 2014-2018.,Open Data Ottawa,1385,10,4,3,4,8,4,4,14,10,19,5,200,39,1,0,22,3,1,3,5,1,36,0,7,3,8,4,5,22,13,4,7,0,0,1,4,6,3,1,0,30,36,0,4,7,3,8,9,9,6,3,11,7,6,6,48,5,6,6,11,61,2,19,6,18,8,10,15,1,31,1,12,17,5,2,52,19,4,28,6,12,16,1,17,12,14,18,7,1,21,3,8,62,1,15,8,8,3,3,9,1,48,16,18,4,32,20,0,5,87,35
Crime & Safety,Collisions,# of collisions involving cyclist(s) 2014-2018,2014-2018,Count of bicycle collisions (included in count of all collisions) in 2014-2018.,Open Data Ottawa,1708,15,5,8,12,14,6,11,13,14,18,7,232,31,0,2,24,3,1,2,7,13,36,5,9,6,12,9,7,15,5,7,4,1,1,1,3,9,1,7,3,19,31,0,5,2,8,7,9,15,16,4,31,8,22,8,34,4,17,10,12,111,8,28,3,25,11,17,24,2,25,2,23,14,7,1,40,21,3,13,10,12,20,0,19,23,2,34,13,3,17,9,8,79,7,14,17,11,10,3,2,1,95,23,16,7,59,35,1,3,58,31
Crime & Safety,Collisions,Total collisions (with 50m buffer) 2014-2018,2014-2018,Count of all collisions in 2014-2018. A 50m buffer was applied.,Open Data Ottawa,72834,901,85,422,275,1364,414,637,668,443,1385,757,4581,2583,28,579,1702,335,482,246,561,607,1330,925,477,510,1241,421,1237,1211,483,728,970,382,378,413,150,653,269,455,336,1260,718,214,964,258,767,701,594,919,1067,357,1488,815,571,432,2004,342,666,557,838,1746,578,1951,1106,1162,726,925,1191,424,4282,1169,852,1309,480,274,2098,1076,642,6195,963,1003,1281,143,872,907,378,808,532,338,1457,655,773,3755,250,1098,1259,1144,573,545,758,138,2544,1185,1768,996,1151,1352,187,334,1884,1679
Crime & Safety,Collisions,Pedestrian collisions (with 50m buffer) 2014-2018,2014-2018,Count of pedestrian collisions (included in count of all collisions) in 2014-2018. A 50m buffer was applied.,Open Data Ottawa,1385,16,5,4,4,17,4,5,15,11,22,9,214,50,2,1,27,4,1,4,9,4,38,4,7,6,11,7,12,36,16,4,10,0,0,2,4,7,3,2,1,30,37,0,9,8,6,10,10,14,10,5,12,9,7,6,48,5,6,11,11,63,6,24,6,20,8,11,16,1,37,1,15,17,7,2,70,20,4,40,11,14,17,1,22,14,18,24,17,1,26,4,13,69,2,18,10,9,6,3,15,5,66,21,24,5,38,38,0,10,100,42
Crime & Safety,Collisions,Cyclist collisions (with 50m buffer) 2014-2018,2014-2018,Count of bicycle collisions (included in count of all collisions) in 2014-2018. A 50m buffer was applied.,Open Data Ottawa,1708,15,5,9,12,19,6,13,16,15,20,8,250,41,0,2,39,3,2,2,8,17,38,7,10,8,13,10,12,23,9,7,4,1,1,1,3,14,1,9,3,20,33,0,6,7,10,9,13,17,17,6,40,10,23,8,41,4,28,25,13,118,10,42,3,28,12,18,29,2,32,2,25,16,7,1,45,23,3,20,19,13,21,0,33,25,8,56,27,3,24,10,16,97,14,24,23,12,17,3,5,1,157,33,21,10,69,79,1,9,64,36
Crime & Safety,Collisions,Total collisions per 1km road length (with 50m buffer) 2014-2018,2014-2018,Count of all collisions in 2014-2018 per 1km road length. A 50m buffer was applied.,Open Data Ottawa,9.84,22.89303849,22.96569865,10.88715423,14.61582538,36.37680377,15.18841548,7.559125515,24.94605464,35.42247362,30.71846869,23.90498473,70.14409258,30.71051731,0.855316254,2.441337722,27.21395899,7.122751541,2.305773933,13.36249665,14.11226345,28.01297162,37.14923153,13.3289064,14.12005109,17.55739728,34.01443366,10.11237573,32.45429504,26.75616018,37.59599454,3.59825273,19.56226696,1.762152927,1.849979086,1.678355721,64.79123297,9.925871131,7.77952493,56.48354096,1.493108412,33.48756834,24.75291884,1.201359312,31.10297253,9.864661793,22.24953032,17.63706348,9.509670383,25.05816918,42.32067341,15.23383523,28.2735513,18.71342725,21.43129777,10.11590587,23.03724265,8.865180619,18.2000108,23.74431858,9.014627383,70.0768434,8.622668968,32.8960652,3.581719211,20.74003647,14.59976145,16.06167177,15.91317794,3.178184874,36.67513841,4.244039101,15.75796322,15.25954856,8.539406469,1.271126821,37.29325174,17.93475148,3.483079799,14.8848666,18.17440618,10.33028037,16.18308898,0.826831847,17.30308519,28.60628263,14.97968016,47.58439933,21.71664948,1.873569151,15.2943187,8.449917658,15.71042608,37.05832362,25.38168671,10.00101695,18.2605699,3.881682636,9.12225902,5.251322059,34.42959519,4.555539216,59.21032324,35.50666792,7.353957005,9.358876487,32.86748564,48.87597295,1.435340312,9.188908334,48.64383465,30.51631681
Community & Belonging,Bike Repair Stations,Avg. distance to the nearest bike repair station (km),10-Jan-19,Bike repair stations managed by the City of Ottawa.,Open Data Ottawa,3.320693545,4.404552535,1.422734687,4.175860601,4.919508204,2.0311972,2.406791829,5.10380787,1.909088725,2.420479071,0.811799437,0.84402436,0.729364868,1.83523357,23.07402368,12.65286639,1.722973757,2.843736987,11.96692577,1.907680434,0.797874079,3.859053759,0.639070916,3.594876863,2.462890903,2.447773697,4.383932933,2.348570913,1.858632442,0.666676635,0.550577576,6.96506066,4.036023985,17.9370831,14.97729552,11.54063424,1.18021049,6.160253967,1.086168438,3.352792259,5.345799206,1.641859121,1.420931041,22.46692844,3.665356411,2.572952167,2.329304356,1.025294001,5.645328939,1.128190863,2.596737688,3.278676589,2.147033169,2.339220935,1.357446768,1.126242137,1.306246018,7.012346876,3.52279161,3.178940348,1.692742534,1.177848696,2.181178171,3.147817759,6.520601043,2.427158156,4.182266053,1.301406899,1.442427526,8.2714517,2.409736767,16.02907263,3.399926047,1.471979148,7.548028424,23.88584828,0.759785261,4.299225206,13.51382858,4.612978892,2.426859198,2.799205342,2.178351544,14.91275996,2.423192539,1.790001837,0.874947069,0.529577713,1.785327387,7.575207099,1.774347444,1.551515858,2.761226429,1.149077758,2.852428528,2.699226727,1.497126372,8.915792462,1.245768554,3.609560643,2.259164249,1.242568174,1.192306875,2.654607027,2.36215956,4.123112642,0.598270947,0.661718198,18.07087173,2.161441551,0.753857016,0.968404979
Community & Belonging,Bike Repair Stations,Avg. distance to nearest 3 bike repair stations (km),10-Jan-19,Bike repair stations managed by the City of Ottawa.,Open Data Ottawa,4.642952561,4.876714048,1.975694066,5.603884381,5.463959359,2.691098395,2.981675949,6.028869974,3.212288064,2.807075148,2.236782565,2.285884367,1.187540688,2.587599988,24.25129897,15.56562515,2.660075134,5.241406829,13.89671256,2.876418508,2.527647861,4.47135396,1.207660923,4.509788282,3.266915065,4.077519456,4.89409522,3.531963513,2.484147823,1.229214736,1.185389207,9.34300872,4.947059707,21.90350172,20.13582637,16.31549043,1.394708742,6.500887496,1.821417315,3.508028512,17.3756264,1.947966028,1.803328522,27.05808955,4.515446837,3.532488522,3.10912577,2.36663954,5.9242619,2.106966523,3.345646912,3.724916557,3.226059746,3.180697459,3.931808829,2.441835202,2.386303143,7.486414119,3.919264101,3.788873019,4.456999619,1.655851835,3.082729894,3.493629035,11.44468417,3.027702548,4.412579844,3.271590409,2.068170737,9.620261865,3.356820037,17.46929788,3.886145559,2.695454117,8.5136748,28.38351814,1.360055299,4.906609791,14.63679205,5.916929177,3.456732239,3.803314497,3.661260949,22.09511066,2.940733827,2.742787474,1.320198952,1.286696918,2.223140343,9.426287411,2.734059199,3.52340995,3.09102735,1.666846802,3.454790701,4.01188499,2.227577014,12.23151331,3.210847619,6.211677931,2.770760336,1.936188583,1.640536648,3.214448369,6.10332101,5.233156649,1.042546187,1.25465845,20.3794112,2.572400161,1.267453619,1.803019372
Community & Belonging,Bike Repair Stations,Number of bike repair stations,10-Jan-19,Bike repair stations managed by the City of Ottawa.,Open Data Ottawa,37,0,0,0,0,0,0,0,0,0,1,2,2,0,0,0,0,0,0,0,1,0,1,0,0,0,0,0,0,1,0,0,0,0,0,0,0,0,1,0,1,0,0,0,0,0,0,1,0,1,0,0,0,0,1,1,1,0,0,0,1,0,0,0,1,0,0,1,3,0,0,0,0,1,0,0,2,0,0,1,0,0,0,0,0,0,0,1,0,1,1,1,0,2,0,0,0,0,0,0,0,0,0,0,1,0,1,2,0,0,1,1
Community & Belonging,Bike Repair Stations,Number of bike repair stations per 1000 people,10-Jan-19,Bike repair stations managed by the City of Ottawa.,Open Data Ottawa,0.040355345,0,NA,0,0,0,0,0,0,NA,0.101832994,0.286944046,0.071466857,0,0,0,0,0,0,0,0.093896714,0,0.102249489,0,0,0,0,0,0,0.173611111,0,0,0,0,0,0,NA,0,0.237529691,0,0.186567164,0,0,0,0,0,0,0.224466891,0,0.236406619,0,0,0,0,0.108577633,0.152905199,0.079082641,0,0,0,0.063351283,0,0,0,0.15026296,0,0,0.083194676,0.202908353,0,0,0,0,0.053191489,0,0,0.157790927,0,0,0.613496933,0,0,0,0,0,0,0,0.161160355,0,0.241254524,0.03954914,0.055632823,0,0.104438642,0,0,0,0,0,0,0,0,0,0,0.031852206,0,0.096899225,0.305810398,0,0,0.105708245,0.087412587
Community & Belonging,Publicly Accessible Computers,% residents within 15 min walking distance,16-Aug-19,Computers that are accessible to the public.,Open Data Ottawa,41.50230953,94.52110944,0,98.43686561,51.12747354,4.603430582,4.442379182,1.151639344,0,0,100,98.27467219,100,54.89211801,0,0,52.84325774,0,0,0,89.98444185,73.20221266,100,2.016430172,80.42966451,0,0,18.19015942,83.12922978,49.84769755,100,7.903458826,7.833787466,21.79649376,25.55102041,4.126165443,100,0,0,100,35.87912088,47.8342246,100,0,12.52832632,34.13856735,8.103214124,0,58.06659902,35.23956723,72.11903757,0,97.65994523,5.234225621,65.67027952,63.46387371,66.01459401,85.53936574,44.92815479,90.01572327,0,79.05619476,0,81.05399289,4.208057395,92.20517317,53.5287631,0,26.62309987,0,31.98579623,0,78.39671487,40.10741139,0,8.141646489,93.71122175,49.66770049,7.123398244,1.421800948,8.760972316,6.322765538,77.04226565,0,45.22134878,84.24341616,66.38046174,100,13.92207053,0,0,38.13948218,64.73556722,65.79082682,31.57494294,0,48.91465028,16.83501684,0,0,0,74.22360248,100,41.66511801,20.04869863,0,99.35816498,100,0,0,96.79282869,5.178412493
Community & Belonging,Publicly Accessible Computers,Avg. distance to nearest 1 publicly accessible computer site (km),16-Aug-19,Computers that are accessible to the public.,Open Data Ottawa,2.536613724,0.802320342,1.761543911,0.78389353,1.311710691,1.717602463,2.07818951,3.317757763,3.091881597,2.249073242,0.538943995,0.721891756,0.517659153,1.346203556,15.58017948,13.00304111,1.143250049,3.089417756,13.01175886,2.470878725,0.776446178,1.18452768,0.563378009,2.330205735,0.807277386,2.370722655,2.363761289,2.320042381,0.849116697,1.340730997,1.066189881,3.956719825,3.375166512,4.318163659,5.372114983,4.981106622,0.911557021,3.528527599,2.084406702,0.81474179,2.956293195,1.321277659,0.695412622,12.44780391,2.041500022,1.414542902,1.739477514,2.563772885,1.156513197,1.478622135,1.194395222,3.126329634,0.653539283,2.099164845,1.18188048,1.081016802,1.097894172,0.88830268,1.329644477,0.615183759,5.337757793,1.043013456,3.229967371,1.088640361,6.810369511,0.824470078,1.372368487,4.447791584,1.62729969,10.27014323,1.523781609,11.7704796,0.933894387,1.472936054,7.151368203,8.932671703,0.849693262,1.72684885,3.61327806,4.448609273,1.910644334,2.783180121,0.929412999,11.45763505,1.401429788,0.729394527,1.248083659,0.604959973,1.806865241,9.663762581,2.762580032,1.571559157,1.129099837,1.237643769,1.457171907,3.532147098,1.343949953,2.751991371,4.995509629,6.648387131,2.306673446,0.930087304,0.528304177,1.201092598,2.329358363,5.070294702,0.700998747,0.575804091,21.12408824,1.472997631,0.533308013,2.087701707
Community & Belonging,Publicly Accessible Computers,Avg. distance to nearest 3 publicly accessible computer sites (km),16-Aug-19,Computers that are accessible to the public.,Open Data Ottawa,3.711092762,1.377196426,2.072231969,1.356725796,1.797414871,1.877641578,2.237240487,3.67743547,3.210966658,2.408310854,0.83211623,0.79220865,0.713683178,1.561710235,21.6317741,15.65397842,1.362607217,3.391472759,14.78510602,3.002847425,2.372886461,1.782502045,0.988952547,4.216166715,2.810171733,2.88396111,2.609839579,3.640524041,1.270253891,1.672869177,1.093816015,8.131761321,3.628069546,8.74586591,11.05448766,10.08591995,1.134173847,4.465766866,2.521171586,2.238501741,9.442953128,1.582621345,1.060368794,17.60676018,2.713895119,1.679520592,1.938905253,2.750890866,1.599576733,2.334988954,1.512053409,3.206831617,0.943599408,2.187488483,1.577924785,1.958737987,1.350574994,3.378300755,1.535717599,0.919805372,5.998468743,1.265016078,4.248002586,1.542868645,12.21362949,1.67457408,2.495866375,6.271006247,2.560831006,10.55376786,2.214988779,13.63397495,1.592047548,2.459100821,8.098916801,21.57760881,1.0826351,2.135916696,8.393847027,5.657145061,3.317962395,3.203557418,1.354753971,18.06440026,2.149216766,1.041895607,1.583676117,1.115371548,1.955516637,10.65666196,5.196125109,5.663771871,2.262059604,1.441285033,1.678021529,4.709021901,1.818871872,7.514900201,6.041730285,8.037599284,2.413861825,1.80598184,0.873204659,1.434821902,4.275636499,7.133925648,0.906291406,0.746727035,21.87095472,1.914611915,0.734525572,2.379670706
Community & Belonging,Publicly Accessible Computers,Number of publicly accessible computer sites,16-Aug-19,Computers that are accessible to the public.,Open Data Ottawa,87,1,0,3,0,0,0,0,0,0,4,3,8,0,1,0,1,0,0,0,1,0,2,0,1,0,0,0,1,0,0,1,2,1,1,1,0,0,0,1,2,0,1,0,0,0,0,0,2,0,0,0,3,0,0,2,3,1,0,3,0,0,0,0,1,2,0,0,0,0,1,0,2,1,0,1,0,1,1,0,0,0,3,0,1,2,0,1,0,0,0,1,1,1,0,0,2,1,0,0,0,1,2,2,1,0,2,3,0,0,3,0
Community & Belonging,Publicly Accessible Computers,Number of publicly accessible computer sites (with 50m buffer) per 1000 people,16-Aug-19,Computers that are accessible to the public.,Open Data Ottawa,na,0.137741047,NA,0.655021834,0,0,0,0,0,NA,0.407331976,0.430416069,0.285867429,0,0.449438202,0,0.1156738,0,0,0,0.093896714,0,0.204498978,0,0.095192765,0,0,0,0.169923534,0,0,0.10970927,0.673400673,0.19138756,0.27739251,0.19047619,NA,0,0,5.882352941,0.373134328,0,0.161030596,0,0,0,0,0,0.194080543,0,0,0,0.261894369,0,0,0.305810398,0.237247924,0.123380629,0,0.470588235,0,0,0,0.110192837,0.15026296,0.178970917,0,0,0,0,0.566572238,0,0.171895144,0.053191489,0,0.309597523,0.236686391,0.180342651,0.101626016,0,0,0,0.263852243,0,0.103305785,0.14831294,0,0.161160355,0,0,0,0.055632823,0.096432015,0.052219321,0,0,0.163398693,0.132714001,0,0,0,0.5,0.261324042,0.482509047,0.031852206,0,0.19379845,0.764525994,0,0,0.317124736,0
Community & Belonging,Publicly Accessible Computers,Number of publicly accessible computers,16-Aug-19,Computers that are accessible to the public.,Open Data Ottawa,815,16,0,21,0,0,0,0,0,0,22,54,164,0,2,0,12,0,0,0,53,0,8,0,4,0,0,0,5,0,0,4,2,2,2,2,0,0,0,2,5,0,12,0,0,0,0,0,19,0,0,0,28,0,0,24,26,9,0,18,0,0,0,0,6,12,0,0,0,0,20,0,15,37,0,2,0,9,4,0,0,0,17,0,20,3,0,7,0,0,0,14,17,15,0,0,13,2,0,0,0,6,7,14,6,0,20,24,0,0,9,0
Environment & Sustainability,Networks and Trails,Total length of trails (km),2019,Pedestrian trails collected by City of Ottawa and National Capital Commission,"Open Data Ottawa, National Capital Commission",1761,0.841730225,0,3.576917969,2.260231934,3.012533936,0.87013385,6.564959961,0.426083099,0.383759216,0.960417175,2.053629395,0.495449432,12.35578027,14.48985059,64.75009375,0.582030518,10.67121484,94.64909375,1.163520752,2.734543457,0,1.846346314,9.752469727,1.177342896,1.035902466,0.326467529,4.002998779,1.375684448,3.621201904,2.703341065,40.66895313,13.1956875,76.80704688,70.75853906,85.72222656,0,13.05424316,4.574998535,0,76.78921875,0.201812103,1.290935669,151.2999531,0,1.34751294,1.02015564,5.916825684,1.481711304,1.264935181,3.713480957,1.601650879,3.256562256,3.992062744,4.837068359,5.392019531,2.471895264,4.009198242,2.979277588,7.57514209,3.113399414,1.466413208,2.689668457,5.387419434,90.62222656,3.474088135,5.793617676,0.920091187,10.52681738,32.7200293,7.034208008,79.33244531,1.504459106,1.668419678,10.4450127,58.60557031,2.473401367,4.728394531,46.04469531,217.9157813,1.585072144,3.709267578,7.321557129,39.70322656,2.221985596,2.258472412,2.527631592,0.945888184,0.341848389,48.39326563,2.879533691,3.371320801,0.584556091,0.660186829,0.314109406,2.600594971,3.534304932,120.2199375,4.699640137,6.886422852,0.16580513,1.741155151,0.136730377,0,26.37359375,12.88829785,0.442503174,0.878159729,38.35898438,1.385663086,0,3.561773682
Environment & Sustainability,Networks and Trails,Trails density (km/km2),2019,Pedestrian trails collected by City of Ottawa and National Capital Commission.,"Open Data Ottawa, National Capital Commission",0.629603146,0.377111854,0,1.066146233,1.648962084,1.277221767,0.457380621,1.008448458,0.199725463,0.420857516,0.353933273,0.970106387,0.147909688,1.645529786,2.456237517,0.464801364,0.147288883,1.934705999,0.746199845,0.641960908,1.25812578,0,1.007371578,0.637334752,0.34375416,0.569032971,0.071329556,0.917644249,0.638310207,1.448234439,3.1068318,0.694714017,2.031734039,0.549114059,0.519340992,0.589400592,0,1.309662154,1.20371389,0,0.565099051,0.117477591,0.894003886,0.617271487,0,0.652056067,0.554518018,1.837953398,0.249130242,0.398717619,1.69458811,0.925473699,1.020096481,1.2379106,3.008253521,1.899140219,0.398287509,1.356956778,1.153712092,3.585357171,0.32973851,1.178824954,0.282445936,1.812247736,0.506515745,0.779210323,1.528622702,0.253277327,1.721083703,0.600411801,0.539639256,0.475690615,0.375785024,0.292479846,1.074096893,0.433473226,0.907575367,1.043504958,0.662409484,1.312886306,0.308240569,0.30956903,1.326836679,0.292426816,0.813034604,0.841779552,1.486430605,1.193119772,0.277100559,0.435311996,0.467340865,0.660747706,0.178871269,0.108247215,0.616973604,0.328462101,0.802455743,0.712074062,0.980648925,0.281490112,0.091817476,0.774802201,0.06307566,0,0.879085854,0.887192832,0.259815306,0.65970232,0.497580994,0.30023085,0,1.124329724
Environment & Sustainability,Networks and Trails,Trails length per capita (km/1000 residents),2019,Pedestrian trails collected by City of Ottawa and National Capital Commission.,"Open Data Ottawa, National Capital Commission",1.920780092,0.115940802,na,0.780986456,0.545949742,0.444982856,0.167979508,0.270831682,0.066731887,na,0.097802156,0.294638364,0.017704107,1.13148171,6.512292398,17.59513417,0.067325682,2.782585357,16.04221928,0.207401204,0.256764644,0,0.188787967,4.839935348,0.112074526,0.117449259,0.395718217,0.478541396,0.233761164,0.628680886,4.581934008,4.461761177,4.442992424,14.69991328,19.62788878,16.32804315,na,1.298283756,1.086697989,0,14.32634678,0.027457429,0.20788014,80.05288525,0,0.226282609,0.238354121,1.328131467,0.143785668,0.29903905,0.785921896,0.327535967,0.284291773,0.485947991,0.525197433,0.824467818,0.195484007,0.494657402,0.410086385,1.188257583,0.197237847,0.286688799,0.237498318,0.593655034,13.61716402,0.31088037,0.546310012,0.076546688,0.711993059,7.771978455,3.985386973,22.31573708,0.129304607,0.088745728,1.195765621,18.14413942,0.195140147,0.426365602,4.679338955,133.6906633,0.262429163,0.225145225,0.643936423,20.20520436,0.229543966,0.167480342,0.514792585,0.152439675,0.048870392,11.67509424,0.113883081,0.187556095,0.056369922,0.034474508,0.058877114,0.112897546,0.288750403,15.95486894,0.324785082,0.491185653,0.027383176,0.870577576,0.011910312,0,0.840057135,0.775469185,0.042878215,0.134275188,15.10196235,5.433972886,0,0.311343853
Arts & Culture,Public Toilets,% residents within 15 min walking distance of a public toilet,15-Nov-19,"Aggregated dataset containing ""public washrooms"" from Open Data Ottawa and ""toilets"" from Open Street Map.","Open Data Ottawa, Open Street Map",62.05092408,88.74163137,0,100,58.78969167,62.83536138,41.2267658,58.30327869,100,100,100,98.27467219,100,78.0889476,55.40190147,0,92.62652218,71.2220017,0,69.18296472,88.85647608,74.61585741,100,2.016430172,76.08397096,0,75.63822028,55.56829912,80.26103771,67.33560294,100,24.24577207,26.36239782,21.79649376,25.55102041,14.12418171,100,0.048506015,33.85257302,100,38.6996337,100,100,0,0,100,22.24988683,80.50737207,47.08975187,29.43254582,35.69016463,8.101201124,97.65994523,22.07217973,100,57.63509411,78.62909486,87.66989102,76.4689145,90.01572327,19.3354232,100,61.49834869,91.87412437,14.61092715,37.05392372,49.18213564,16.26491156,42.44921154,4.325218624,58.80906856,0.283366393,86.80592751,56.02577873,13.16399907,8.141646489,100,54.99335401,7.274745233,10.46962516,11.71505739,14.69341453,83.60161832,0.780843311,100,92.02499628,86.22400305,100,13.92207053,2.607470049,44.96463324,57.11291145,74.515543,95.26429453,36.19071773,90.7012892,61.08301564,28.45117845,36.90201729,66.37881405,5.55391868,74.22360248,100,64.72774577,56.36537133,89.67410187,98.34806397,91.59663866,0,0,93.41633466,94.82967878
Arts & Culture,Public Toilets,Number of public toilets,15-Nov-19,"Aggregated dataset containing ""public washrooms"" from Open Data Ottawa and ""toilets"" from Open Street Map.","Open Data Ottawa, Open Street Map",273,2,0,4,0,1,1,3,3,2,2,3,10,2,6,0,1,5,1,0,1,0,4,5,1,0,3,1,2,1,0,7,3,3,3,4,0,1,5,1,5,3,4,0,0,1,0,6,1,0,0,0,4,0,5,1,4,2,0,5,1,2,1,0,2,1,0,0,2,1,4,6,6,3,5,6,3,1,2,13,2,6,5,3,4,4,0,4,0,2,2,1,2,5,0,4,2,5,1,4,0,1,3,2,6,5,2,1,1,0,3,2
Crime & Safety,Fire Stations,% residents not within 7min driving distance of a fire station,2019,Fire stations include 29 urban stations serviced by career firefighters and 16 rural stations serviced by volunteer firefighters in Ottawa. This indicator measures the percentage of people who are not within 7-min driving distance from the nearest fire station.,Ottawa Fire Services,2.525,0,0,0,0,0,0,0,0,0,0,0,0,0,14.60674157,20.6935123,0,0.453643323,9.57649752,0,0,0,0,0,0,0,0,0,0,0,0,6.042321747,0,12.00072294,87.37414966,6.705018845,0,0,4.005563282,0,19.74358974,0,0,75.88843905,0,0,0,0,0,0,0,0,0,0,0,0,0,0,0,0,0,0,0,0,18.76379691,0,0,0,0,3.947057433,0,59.70529895,0,0,0,36.28934625,0,0,0,3.619129685,0,10.14985969,0,13.01405518,0,0,0,0,0,12.63213531,0,0,0,0,0,0,0,2.78338945,0,0,0,0,0,0,0,0,0,0,21.74817898,0,0,0
Environment & Sustainability,Neighbourhood area & Population Density,Neighbourhood area (km2),2019,"Area in km2, calculated in ArcMap Desktop 10.7.",Ottawa Neighbourhood Study,2797,2.232043927,0.665341007,3.35499752,1.370699761,2.358661598,1.902428329,6.50996083,2.133343903,0.911850689,2.713554361,2.116911529,3.349675337,7.508694388,5.899205791,139.3070218,3.95162559,5.515677757,126.8414814,1.812447981,2.173505622,1.157577198,1.832835424,15.30195818,3.424956069,1.820461237,4.57688994,4.362255615,2.155197322,2.500425211,0.870127911,58.54056792,6.494790779,139.8744862,136.2467822,145.4396681,0.204965114,9.967641747,3.80073585,0.525406126,135.8862993,1.717877446,1.443993352,245.1108732,1.817514857,2.066559928,1.839715946,3.219246848,5.947536887,3.172508861,2.191376733,1.730628196,3.192406126,3.224839292,1.607932419,2.839189796,6.206308773,2.954551174,2.582340611,2.112799849,9.442025487,1.243961797,9.522772734,2.972783095,178.9129506,4.458472932,3.790090038,3.632742017,6.116388972,54.49597967,13.0350191,166.7731985,4.003510017,5.704391939,9.724460396,135.1999772,2.725284816,4.531262162,69.51092401,165.9822182,5.142321632,11.98203701,5.518054518,135.7714972,2.732953288,2.682973714,1.700470633,0.792785608,1.8628,111.1691524,6.161527715,5.102281508,3.268026745,6.098880488,0.509113199,7.917488683,4.404361192,168.8306652,4.792377799,24.46417316,1.80581233,2.247225354,2.167720105,1.930744157,30.00115816,14.52705364,1.703145133,1.33114543,77.09093561,3.99,1.785412739,3.167908494
Crime & Safety,Crimes Against Person,Assaults (# of),"Jan 1, 2019 - Dec 31, 2019","Assaults includes: Aggravated Assault - Level 3, Assault With Weapon or Causing Bodily Harm - Level 2, Assault - Level 1, Unlawfully Causing Bodily Harm, Discharge Firearm with Intent, Using Firearm/Imitation of Firearm in Commission of Offence, Pointing a Firearm, Assault Against Peace-Public Officer, Assault Against Peace Officer With A Weapon Or Causing Bodily Harm, Aggravated Assault Against Peace Officer, Criminal Negligence Causing Bodily Harm, Trap Likely to Cause Bodily Harm, and Other Assaults. 

This data includes all founded Criminal Code of Canada offences reported to the Ottawa Police. Offences have been categorized according to the Uniform Crime Reporting (UCR) Survey version 2.2. The crime statistics published are accurate on the day that they were produced. Due to ongoing police investigations and internal data quality control efforts, this information is subject to change, including addition, deletion and reclassification of any and all data.",Ottawa Police Service,3966,32,0,11,14,17,5,32,35,12,109,23,349,73,5,1,55,1,4,21,29,52,58,9,26,22,7,20,24,6,11,12,17,9,6,7,0,17,5,3,7,24,12,3,18,8,18,20,18,27,7,11,74,22,47,15,64,23,17,36,21,339,20,26,6,51,15,32,48,5,40,5,29,35,13,4,45,42,10,NA,12,36,36,4,27,90,4,84,32,10,54,40,14,224,21,37,34,13,8,24,45,0,183,18,61,27,114,85,4,14,98,52
Crime & Safety,Crimes Against Person,Attempting The Commission Of A Capital Crime (# of),"Jan 1, 2019 - Dec 31, 2019","Attempting the Commission of a Capital Crime includes: Attempted Murder and Conspire to Commit Murder

This data includes all founded Criminal Code of Canada offences reported to the Ottawa Police. Offences have been categorized according to the Uniform Crime Reporting (UCR) Survey version 2.2. The crime statistics published are accurate on the day that they were produced. Due to ongoing police investigations and internal data quality control efforts, this information is subject to change, including addition, deletion and reclassification of any and all data.",Ottawa Police Service,8,0,0,0,0,0,0,0,0,0,0,0,0,0,0,0,0,0,0,0,0,0,0,0,0,0,0,0,0,0,0,0,0,0,0,0,0,0,0,0,0,0,0,0,0,0,0,0,0,0,0,0,0,0,1,0,0,0,0,0,0,0,0,0,0,0,0,0,0,0,1,0,1,0,1,0,1,0,0,NA,0,0,0,0,0,0,0,0,0,0,0,0,0,0,0,1,0,0,0,0,0,0,0,1,0,0,0,0,0,0,1,0
Crime & Safety,Crimes Against Person,Commodification Of Sexual Activity (# of),"Jan 1, 2019 - Dec 31, 2019","Commodification of Sexual Activity includes: Obtaining sexual services for consideration, Receive material benefit from sexual services, Procuring, and Advertising sexual services.

This data includes all founded Criminal Code of Canada offences reported to the Ottawa Police. Offences have been categorized according to the Uniform Crime Reporting (UCR) Survey version 2.2. The crime statistics published are accurate on the day that they were produced. Due to ongoing police investigations and internal data quality control efforts, this information is subject to change, including addition, deletion and reclassification of any and all data.",Ottawa Police Service,7,0,0,0,0,0,0,0,0,0,0,0,3,0,0,0,0,0,0,0,0,0,0,0,0,0,0,0,0,0,0,0,0,0,0,0,0,0,0,0,0,0,0,0,0,0,0,0,1,0,0,1,0,0,0,0,0,0,0,0,0,0,0,0,0,0,0,0,0,0,0,0,0,0,0,0,0,0,0,NA,0,0,0,0,0,0,0,0,0,0,0,0,0,1,0,0,0,0,0,0,0,0,0,0,0,0,0,0,0,0,1,0
Crime & Safety,Crimes Against Person,Other Violations Involving Violence Or The Threat Of Violence (# of),"Jan 1, 2019 - Dec 31, 2019","Other Violations Involving Violence or the Threat of Violence includes: Robbery, Robbery To Steal Firearm, Extortion, Intimidation of Justice System Participant or Journalist, Intimidation of a Non-Justice System Participant, Criminal Harassment, Indecent/Harassing Communications, Utter Threats To Person, Explosives Causing Death/Bodily Harm, Arson - Disregard for Human Life, Failure to comply with mandatory safeguards in relation to medical assistance in dying, Forging or destroying documents related to assistance requests with criminal intent, and Other Violations against the person.

This data includes all founded Criminal Code of Canada offences reported to the Ottawa Police. Offences have been categorized according to the Uniform Crime Reporting (UCR) Survey version 2.2. The crime statistics published are accurate on the day that they were produced. Due to ongoing police investigations and internal data quality control efforts, this information is subject to change, including addition, deletion and reclassification of any and all data.",Ottawa Police Service,2712,16,0,13,14,19,8,22,37,12,73,16,283,24,3,1,36,4,7,10,17,17,36,9,18,12,9,12,9,12,3,7,6,8,6,3,0,24,7,1,5,13,7,4,17,4,18,1,11,29,12,9,55,19,33,12,38,18,16,30,23,125,17,17,7,44,17,31,44,2,31,2,25,40,7,5,43,27,12,NA,6,19,24,0,24,55,12,66,12,5,40,31,14,116,7,26,5,13,15,29,15,4,117,25,65,16,79,64,2,4,53,44
Crime & Safety,Crimes Against Person,Sexual Violations (# of),"Jan 1, 2019 - Dec 31, 2019","Sexual Violations includes: Aggravated Sexual Assault - Level 3, Sexual Assault With A Weapon - Level 2, Sexual Assault - Level 1, Sexual Interference, Invitation to Sexual Touching, Sexual Exploitation, Sexual Exploitation of a Person with a Disability, Incest, Corrupting Children, Making Sexually Explicit material available to Children, Luring a Child via Computer, Anal Intercourse, Bestiality / Commit / Compel / Incite a Person, Voyeurism, and Non-consensual distribution of intimate images.

This data includes all founded Criminal Code of Canada offences reported to the Ottawa Police. Offences have been categorized according to the Uniform Crime Reporting (UCR) Survey version 2.2. The crime statistics published are accurate on the day that they were produced. Due to ongoing police investigations and internal data quality control efforts, this information is subject to change, including addition, deletion and reclassification of any and all data.",Ottawa Police Service,943,13,1,7,3,10,1,2,20,5,18,3,78,17,2,0,14,0,3,5,4,6,1,0,8,2,0,4,6,5,1,6,0,2,0,8,0,2,1,1,2,7,7,0,9,2,9,4,13,5,2,3,25,4,8,3,19,9,6,11,8,51,5,3,2,16,9,11,5,3,8,4,12,20,5,2,13,7,7,NA,2,10,9,0,5,15,3,20,4,3,17,8,5,37,8,10,5,8,10,5,12,4,48,4,20,5,19,15,4,3,11,6
Crime & Safety,Crimes Against Person,Violations Causing Death (# of),"Jan 1, 2019 - Dec 31, 2019","Violations Causing Death includes: Murder 1st Degree, Murder 2nd Degree, Manslaughter, Infanticide, Criminal Negligence Causing Death, and Other Related Offences Causing Death.

This data includes all founded Criminal Code of Canada offences reported to the Ottawa Police. Offences have been categorized according to the Uniform Crime Reporting (UCR) Survey version 2.2. The crime statistics published are accurate on the day that they were produced. Due to ongoing police investigations and internal data quality control efforts, this information is subject to change, including addition, deletion and reclassification of any and all data.",Ottawa Police Service,14,0,0,0,0,0,0,0,0,0,0,0,0,0,0,0,0,0,0,0,0,0,0,0,0,1,0,0,0,0,0,0,0,0,0,0,0,0,0,0,0,0,0,0,0,0,0,0,0,0,0,0,1,0,0,0,0,0,0,0,0,4,0,0,0,0,0,0,0,0,0,0,0,0,0,0,0,0,0,NA,0,1,0,0,0,1,0,1,0,0,0,0,0,2,0,0,0,0,0,0,0,0,0,0,0,0,2,0,0,0,1,0
Crime & Safety,Crimes Against Person,Violations Resulting In The Deprivation Of Freedom (# of),"Jan 1, 2019 - Dec 31, 2019","Violations Resulting in the Deprivation of Freedom includes: Kidnapping / Forcible Confinement; Kidnapping; Forcible Confinement; Hostage Taking; Trafficking in Persons; Abduction Under 14, Not Parent/Guardian; Abduction Under 16; Removal of Children from Canada; Abduction Under 14 Contravening A Custody Order; and Abduction Under 14, by Parent/Guardian.

This data includes all founded Criminal Code of Canada offences reported to the Ottawa Police. Offences have been categorized according to the Uniform Crime Reporting (UCR) Survey version 2.2. The crime statistics published are accurate on the day that they were produced. Due to ongoing police investigations and internal data quality control efforts, this information is subject to change, including addition, deletion and reclassification of any and all data.",Ottawa Police Service,80,2,0,0,0,0,0,0,1,0,3,1,12,2,0,0,1,0,0,0,1,1,1,0,0,0,0,1,0,0,1,0,0,0,0,0,0,0,0,0,0,0,1,0,2,0,0,0,0,0,0,0,2,1,1,1,0,0,0,0,0,2,0,0,1,1,0,0,1,0,2,0,0,0,1,0,2,0,1,NA,0,1,2,0,0,2,1,0,0,0,1,1,2,5,0,0,0,0,0,1,0,0,5,0,1,1,6,2,0,1,0,2
Crime & Safety,Crimes Against Person,∑ All Crimes against the person (total # of),"Jan 1, 2019 - Dec 31, 2019","Crimes against the person involve the use or threatened use of violence against a person, including homicide, attempted murder, assault, sexual assault and robbery.  Robbery is considered a crime against the person because unlike other theft offences it involves the use, or threat of, violence.

This data includes all founded Criminal Code of Canada offences reported to the Ottawa Police. Offences have been categorized according to the Uniform Crime Reporting (UCR) Survey version 2.2. The crime statistics published are accurate on the day that they were produced. Due to ongoing police investigations and internal data quality control efforts, this information is subject to change, including addition, deletion and reclassification of any and all data.",Ottawa Police Service,7730,63,1,31,31,46,14,56,93,29,203,43,725,116,10,2,106,5,14,36,51,76,96,18,52,37,16,37,39,23,16,25,23,19,12,18,0,43,13,5,14,44,27,7,46,14,45,25,43,61,21,24,157,46,90,31,121,50,39,77,52,521,42,46,16,112,41,74,98,10,82,11,67,95,27,11,104,76,30,NA,20,67,71,4,56,163,20,171,48,18,112,80,35,385,36,74,44,34,33,59,72,8,353,48,147,49,220,166,10,22,165,104
Crime & Safety,Crimes Against Person,"∑ All Crimes against the person (total # of, per 1,000 residents)","Jan 1, 2019 - Dec 31, 2019","Crimes against the person involve the use or threatened use of violence against a person, including homicide, attempted murder, assault, sexual assault and robbery.  Robbery is considered a crime against the person because unlike other theft offences it involves the use, or threat of, violence.

This data includes all founded Criminal Code of Canada offences reported to the Ottawa Police. Offences have been categorized according to the Uniform Crime Reporting (UCR) Survey version 2.2. The crime statistics published are accurate on the day that they were produced. Due to ongoing police investigations and internal data quality control efforts, this information is subject to change, including addition, deletion and reclassification of any and all data.",Ottawa Police Service,7.7,8.6,NA,6,7.1,6.5,3.1,2.2,12,21.7,16.2,5.5,22.6,11,4.3,0.5,10,1.2,2.1,6.8,5.1,10.6,8.1,6.1,4.7,4.4,14.3,4.7,6.2,4,24.2,1.9,8.1,3,2.4,3.3,NA,3.7,2.7,34.5,2.5,4.7,4.5,3.4,6.8,2.1,10.4,5,4.1,12.6,3.8,5,12.5,5.7,9.4,4.5,9.3,5.6,4.5,11.7,4,76.1,3.9,4.8,2.4,8.5,4,6.7,6.2,2.3,16.1,2.6,5.1,5.2,2.4,2.6,7.5,6.6,2.8,NA,3.3,3.6,5.8,1.9,5.4,12.5,4,23.4,14.8,3.1,4.5,3.9,3.2,19.3,10,3.3,3.5,3.5,2.6,3.2,23.2,4.4,20.4,8.2,3.5,2.5,18.4,21.7,3.4,5.2,12.7,7.3
Crime & Safety,Crime Against Property,Arson (# of),"Jan 1, 2019 - Dec 31, 2019","Arsons includes acts of Arson.

This data includes all founded Criminal Code of Canada offences reported to the Ottawa Police. Offences have been categorized according to the Uniform Crime Reporting (UCR) Survey version 2.2. The crime statistics published are accurate on the day that they were produced. Due to ongoing police investigations and internal data quality control efforts, this information is subject to change, including addition, deletion and reclassification of any and all data.",Ottawa Police Service,76,1,0,0,0,0,0,1,0,0,2,0,5,1,0,0,1,0,3,1,0,1,1,1,0,2,0,1,0,0,0,0,0,1,1,0,0,0,0,0,1,0,1,0,0,0,0,0,0,1,0,0,2,1,1,0,2,0,0,2,0,2,0,0,1,2,0,1,1,1,1,2,1,3,0,0,2,0,0,NA,0,0,0,0,1,1,0,0,0,1,0,1,1,1,1,0,0,3,0,0,0,0,3,0,1,1,2,1,0,2,3,0
Crime & Safety,Crime Against Property,Break and Enter (# of),"Jan 1, 2019 - Dec 31, 2019","Break and Enter includes: Break and Enter, Break And Enter To Steal Firearm, and Break And Enter A Motor Vehicle (Firearm).

This data includes all founded Criminal Code of Canada offences reported to the Ottawa Police. Offences have been categorized according to the Uniform Crime Reporting (UCR) Survey version 2.2. The crime statistics published are accurate on the day that they were produced. Due to ongoing police investigations and internal data quality control efforts, this information is subject to change, including addition, deletion and reclassification of any and all data.",Ottawa Police Service,2534,14,0,20,8,17,5,18,15,3,54,16,263,22,1,6,33,4,3,4,10,22,57,6,15,10,18,6,13,21,2,22,15,6,2,12,0,16,4,2,8,16,14,0,7,7,3,4,11,12,10,2,47,12,9,5,34,4,14,24,10,105,8,31,10,26,8,15,22,10,30,24,33,16,19,5,56,10,20,NA,9,39,11,2,38,21,32,53,20,7,22,22,14,78,9,25,8,25,16,38,6,19,121,24,46,35,88,37,9,4,114,65
Crime & Safety,Crime Against Property,Fraud (# of),"Jan 1, 2019 - Dec 31, 2019","Fraud includes Fraud, Identity Theft, Identity Fraud.

This data includes all founded Criminal Code of Canada offences reported to the Ottawa Police. Offences have been categorized according to the Uniform Crime Reporting (UCR) Survey version 2.2. The crime statistics published are accurate on the day that they were produced. Due to ongoing police investigations and internal data quality control efforts, this information is subject to change, including addition, deletion and reclassification of any and all data.",Ottawa Police Service,5340,29,0,26,31,34,19,68,55,28,52,33,394,71,3,2,114,11,16,23,36,41,62,48,49,36,37,28,39,32,4,30,18,12,9,14,0,69,16,5,13,59,30,5,33,17,13,18,48,53,31,19,41,39,80,16,84,26,27,43,50,153,31,66,18,82,51,64,68,12,101,12,56,73,38,4,89,60,24,NA,31,69,38,1,69,77,32,68,50,32,86,48,29,218,19,113,44,18,50,47,45,6,209,51,123,52,81,65,10,3,112,74
Crime & Safety,Crime Against Property,Mischief (# of),"Jan 1, 2019 - Dec 31, 2019","Mischief includes: Mischief, Mischief Over $5,000, Mischief $5,000 Or Under, Mischief in relation to cultural property, Mischief To Religious Property Motivated By Hate, Mischief relating to war memorials, and Altering/Destroying/Removing a vehicle identification number.

This data includes all founded Criminal Code of Canada offences reported to the Ottawa Police. Offences have been categorized according to the Uniform Crime Reporting (UCR) Survey version 2.2. The crime statistics published are accurate on the day that they were produced. Due to ongoing police investigations and internal data quality control efforts, this information is subject to change, including addition, deletion and reclassification of any and all data.",Ottawa Police Service,3219,15,0,16,8,11,11,56,32,26,60,13,253,38,9,3,27,3,3,15,23,16,53,11,24,9,13,25,26,25,1,35,8,10,2,9,0,23,7,3,17,11,27,2,17,12,18,6,26,23,17,9,32,13,34,14,51,28,22,34,32,146,23,20,19,43,9,24,40,4,43,8,31,39,31,5,58,21,11,NA,14,28,40,2,21,58,28,58,22,14,49,37,22,129,19,38,16,19,12,23,20,15,156,23,54,21,102,73,2,4,96,51
Crime & Safety,Crime Against Property,Possession / Trafficking Stolen Goods (# of),"Jan 1, 2019 - Dec 31, 2019","Possession / Trafficking Stolen Goods</b> includes: Trafficking in Stolen Goods over $5,000, Possession of Stolen Goods over $5,000, Trafficking in Stolen Goods $5,000 and under, and Possession of Stolen Goods $5,000 and under.

This data includes all founded Criminal Code of Canada offences reported to the Ottawa Police. Offences have been categorized according to the Uniform Crime Reporting (UCR) Survey version 2.2. The crime statistics published are accurate on the day that they were produced. Due to ongoing police investigations and internal data quality control efforts, this information is subject to change, including addition, deletion and reclassification of any and all data.",Ottawa Police Service,128,1,0,1,0,0,0,0,1,1,0,0,9,2,0,0,4,0,0,1,1,1,1,1,1,2,1,1,0,1,0,0,1,0,0,0,0,0,0,0,0,0,0,0,2,0,0,1,0,2,1,0,0,1,1,0,6,0,0,2,0,12,0,0,0,0,0,1,0,0,5,2,0,1,1,0,4,1,0,NA,1,2,1,0,0,2,1,5,0,1,1,0,0,4,0,1,1,3,0,0,0,0,5,0,0,1,8,6,3,0,4,2
Crime & Safety,Crime Against Property,Theft - Motor Vehicle (# of),"Jan 1, 2019 - Dec 31, 2019","Motor Vehicle Theft includes the act of Motor Vehicle Theft.

This data includes all founded Criminal Code of Canada offences reported to the Ottawa Police. Offences have been categorized according to the Uniform Crime Reporting (UCR) Survey version 2.2. The crime statistics published are accurate on the day that they were produced. Due to ongoing police investigations and internal data quality control efforts, this information is subject to change, including addition, deletion and reclassification of any and all data.",Ottawa Police Service,896,4,0,12,4,3,2,7,6,1,17,5,39,13,2,0,11,0,3,4,11,8,13,5,7,8,8,10,5,4,0,2,5,8,6,4,0,6,2,1,2,7,5,3,4,4,2,7,14,9,2,5,11,10,12,2,18,2,5,12,0,16,8,10,3,5,3,15,8,4,24,9,15,6,5,2,17,2,11,NA,9,7,5,1,14,14,7,8,2,7,10,7,4,42,7,13,6,7,13,22,7,2,23,7,14,6,15,18,5,0,32,10
Crime & Safety,Crime Against Property,Theft $5000 and Under (# of),"Jan 1, 2019 - Dec 31, 2019","Theft $5,000 Or Under includes: Theft $5,000 or under, Theft $5,000 or under from a motor vehicle, Shoplifting $5,000 or under. 

This data includes all founded Criminal Code of Canada offences reported to the Ottawa Police. Offences have been categorized according to the Uniform Crime Reporting (UCR) Survey version 2.2. The crime statistics published are accurate on the day that they were produced. Due to ongoing police investigations and internal data quality control efforts, this information is subject to change, including addition, deletion and reclassification of any and all data.",Ottawa Police Service,16034,67,2,172,37,58,29,52,52,120,103,59,1665,175,2,1,530,22,8,11,20,38,402,35,56,38,41,53,74,71,17,37,41,12,4,10,1,89,12,7,15,51,41,2,29,10,24,26,56,252,51,19,123,47,308,17,237,44,99,115,46,822,34,289,20,420,27,296,126,8,290,39,265,87,51,11,441,131,34,NA,174,173,105,2,157,133,63,597,54,21,101,43,61,993,14,282,57,37,64,123,48,35,1122,131,239,99,268,407,10,24,468,624
Crime & Safety,Crime Against Property,Theft Over $5000 (# of),"Jan 1, 2019 - Dec 31, 2019","Theft over $5000</b> Includes: Theft over $5,000, Theft over $5,000 from a motor vehicle, Shoplifting over $5,000.

This data includes all founded Criminal Code of Canada offences reported to the Ottawa Police. Offences have been categorized according to the Uniform Crime Reporting (UCR) Survey version 2.2. The crime statistics published are accurate on the day that they were produced. Due to ongoing police investigations and internal data quality control efforts, this information is subject to change, including addition, deletion and reclassification of any and all data.",Ottawa Police Service,661,7,0,3,5,3,2,5,7,3,17,6,45,20,0,1,5,3,0,0,6,8,20,3,14,4,1,2,6,4,3,9,3,3,1,1,0,5,1,1,1,12,3,0,3,4,0,0,2,6,0,0,8,3,9,0,7,3,2,4,4,17,2,8,2,2,4,4,5,3,13,4,5,4,18,1,19,9,4,NA,1,7,3,0,9,11,1,4,1,5,9,2,4,19,3,14,4,9,5,15,4,0,25,4,7,9,18,9,2,2,25,6
Crime & Safety,Crime Against Property,∑ All Crimes against the property (total # of),"Jan 1, 2019 - Dec 31, 2019","Crimes against the property involve unlawful acts to gain property, but do not involve the use or threat of violence against the person. They include offences such as break and enter, theft, and mischief.

This data includes all founded Criminal Code of Canada offences reported to the Ottawa Police. Offences have been categorized according to the Uniform Crime Reporting (UCR) Survey version 2.2. The crime statistics published are accurate on the day that they were produced. Due to ongoing police investigations and internal data quality control efforts, this information is subject to change, including addition, deletion and reclassification of any and all data.",Ottawa Police Service,28888,138,2,250,93,126,68,207,168,182,305,132,2673,342,17,13,725,43,36,59,107,135,609,110,166,109,119,126,163,158,27,135,91,52,25,50,1,208,42,19,57,156,121,12,95,54,60,62,157,358,112,54,264,126,454,54,439,107,169,236,142,1273,106,424,73,580,102,420,270,42,507,100,406,229,163,28,686,234,104,NA,239,325,203,8,309,317,164,793,149,88,278,160,135,1484,72,486,136,121,160,268,130,77,1664,240,484,224,582,616,41,39,854,832
Crime & Safety,Crime Against Property,"∑ All Crimes against the property (total # of, per 1,000 residents)","Jan 1, 2019 - Dec 31, 2019","Crimes against the property involve unlawful acts to gain property, but do not involve the use or threat of violence against the person. They include offences such as break and enter, theft, and mischief.

This data includes all founded Criminal Code of Canada offences reported to the Ottawa Police. Offences have been categorized according to the Uniform Crime Reporting (UCR) Survey version 2.2. The crime statistics published are accurate on the day that they were produced. Due to ongoing police investigations and internal data quality control efforts, this information is subject to change, including addition, deletion and reclassification of any and all data.",Ottawa Police Service,28.7,18.8,NA,48.6,21.2,17.8,15.3,8.2,21.7,135.9,24.3,17,83.2,32.3,7.4,3.3,68.6,10.1,5.4,11.1,10.7,18.8,51.5,37.4,14.9,13.1,106.4,16.1,25.9,27.2,40.8,10.4,32.1,8.1,5,9.3,NA,17.7,8.8,131.1,10,16.8,20.3,5.8,14.1,8.1,13.9,12.4,15,74,20.4,11.2,20.9,15.5,47.4,7.8,33.6,11.9,19.4,35.8,10.9,186,9.8,44.2,10.7,43.9,10,37.9,17.2,9.7,99.4,23.6,30.9,12.5,14.6,6.5,49.4,20.3,9.6,NA,39.3,17.5,16.6,3.9,29.6,24.2,32.9,108.7,45.8,15.2,11.1,7.8,12.3,74.3,19.9,21.5,10.7,12.6,12.4,14.7,41.9,42.3,96.3,41.1,11.6,11.6,48.8,80.4,13.8,9.2,65.7,58.5
Crime & Safety,Other Crimes,"∑ All ""Other"" criminal code offenses (total # of)","Jan 1, 2019 - Dec 31, 2019","Other Criminal Code Violations includes Prostitution; Disorderly Houses, Gaming and Betting; Offensive Weapons; and Other Criminal Code crimes such as disturbing the peace and offences against the administration of justice such as failure to comply with an order, failure to appear, or breach of probation.

This data includes all founded Criminal Code of Canada offences reported to the Ottawa Police. Offences have been categorized according to the Uniform Crime Reporting (UCR) Survey version 2.2. The crime statistics published are accurate on the day that they were produced. Due to ongoing police investigations and internal data quality control efforts, this information is subject to change, including addition, deletion and reclassification of any and all data.",Ottawa Police Service,6099,14,1,14,6,7,4,15,31,11,62,10,3104,16,2,3,44,3,0,7,10,31,47,26,6,11,9,12,4,11,5,6,4,0,3,5,0,11,11,2,6,6,7,0,12,4,4,7,8,37,18,2,46,4,25,1,42,8,14,26,10,252,5,37,4,55,7,25,10,3,69,2,108,21,13,0,43,17,5,NA,25,24,14,1,15,38,9,299,13,5,22,14,10,159,8,22,6,5,7,18,16,1,183,10,48,28,67,100,0,2,47,74
Crime & Safety,Other Crimes,"∑ All ""Other"" criminal code offenses  (total # of, per 1,000 residents)","Jan 1, 2019 - Dec 31, 2019","Other Criminal Code Violations includes Prostitution; Disorderly Houses, Gaming and Betting; Offensive Weapons; and Other Criminal Code crimes such as disturbing the peace and offences against the administration of justice such as failure to comply with an order, failure to appear, or breach of probation.

This data includes all founded Criminal Code of Canada offences reported to the Ottawa Police. Offences have been categorized according to the Uniform Crime Reporting (UCR) Survey version 2.2. The crime statistics published are accurate on the day that they were produced. Due to ongoing police investigations and internal data quality control efforts, this information is subject to change, including addition, deletion and reclassification of any and all data.",Ottawa Police Service,6.1,1.9,NA,2.7,1.4,1,0.9,0.6,4,8.2,4.9,1.3,96.7,1.5,0.9,0.8,4.2,0.7,0,1.3,1,4.3,4,8.8,0.5,1.3,8,1.5,0.6,1.9,7.6,0.5,1.4,0,0.6,0.9,NA,0.9,2.3,13.8,1.1,0.6,1.2,0,1.8,0.6,0.9,1.4,0.8,7.6,3.3,0.4,3.6,0.5,2.6,0.1,3.2,0.9,1.6,3.9,0.8,36.8,0.5,3.9,0.6,4.2,0.7,2.3,0.6,0.7,13.5,0.5,8.2,1.1,1.2,0,3.1,1.5,0.5,NA,4.1,1.3,1.1,0.5,1.4,2.9,1.8,41,4,0.9,0.9,0.7,0.9,8,2.2,1,0.5,0.5,0.5,1,5.2,0.5,10.6,1.7,1.2,1.4,5.6,13.1,0,0.5,3.6,5.2
Crime & Safety,Other Crimes,Offensive Weapons (# of),"Jan 1, 2019 - Dec 31, 2019","Offensive weapons include Explosives, Weapons Trafficking, Weapons Possession Contrary to Order, Possession of Weapons, Unauthorized Importing/Exporting of Weapons, Firearms Documentation/Administration and Unsafe Storage of Firearms.

This data includes all founded Criminal Code of Canada offences reported to the Ottawa Police. Offences have been categorized according to the Uniform Crime Reporting (UCR) Survey version 2.2. The crime statistics published are accurate on the day that they were produced. Due to ongoing police investigations and internal data quality control efforts, this information is subject to change, including addition, deletion and reclassification of any and all data.",Ottawa Police Service,175,2,0,0,0,0,0,0,2,1,4,1,14,1,0,0,2,0,0,0,2,0,3,12,0,2,0,0,0,0,0,0,0,0,0,0,0,2,0,0,1,0,0,0,0,0,0,2,0,1,1,0,0,0,2,0,3,2,1,3,0,27,0,1,0,2,0,2,0,0,1,1,4,1,0,0,3,1,1,NA,0,1,1,0,0,3,1,8,0,0,3,3,0,9,0,0,0,0,1,0,0,0,16,0,1,1,5,8,0,0,4,1
Crime & Safety,Other Crimes,Other Criminal Code offenses (# of),"Jan 1, 2019 - Dec 31, 2019","Other Criminal Code Violations includes Prostitution; Disorderly Houses, Gaming and Betting; and Other Criminal Code crimes such as disturbing the peace and offences against the administration of justice such as failure to comply with an order, failure to appear, or breach of probation.

This data includes all founded Criminal Code of Canada offences reported to the Ottawa Police. Offences have been categorized according to the Uniform Crime Reporting (UCR) Survey version 2.2. The crime statistics published are accurate on the day that they were produced. Due to ongoing police investigations and internal data quality control efforts, this information is subject to change, including addition, deletion and reclassification of any and all data.",Ottawa Police Service,5924,12,1,14,6,7,4,15,29,10,58,9,3090,15,2,3,42,3,0,7,8,31,44,14,6,9,9,12,4,11,5,6,4,0,3,5,0,9,11,2,5,6,7,0,12,4,4,5,8,36,17,2,46,4,23,1,39,6,13,23,10,225,5,36,4,53,7,23,10,3,68,1,104,20,13,0,40,16,4,NA,25,23,13,1,15,35,8,291,13,5,19,11,10,150,8,22,6,5,6,18,16,1,167,10,47,27,62,92,0,2,43,73
Crime & Safety,Total Criminal Code Offences (excl traffic),∑ All Crimes (total # of),"Jan 1, 2019 - Dec 31, 2019","All Criminal Code Violations include: crimes against person, crimes against property and other crimes.

This data includes all founded Criminal Code of Canada offences reported to the Ottawa Police. Offences have been categorized according to the Uniform Crime Reporting (UCR) Survey version 2.2. The crime statistics published are accurate on the day that they were produced. Due to ongoing police investigations and internal data quality control efforts, this information is subject to change, including addition, deletion and reclassification of any and all data.",Ottawa Police Service,42717,215,4,295,130,179,86,278,292,222,570,185,6502,474,29,18,875,51,50,102,168,242,752,154,224,157,144,175,206,192,48,166,118,71,40,73,1,262,66,26,77,206,155,19,153,72,109,94,208,456,151,80,467,176,569,86,602,165,222,339,204,2046,153,507,93,747,150,519,378,55,658,113,581,345,203,39,833,327,139,NA,284,416,288,13,380,518,193,1263,210,111,412,254,180,2028,116,582,186,160,200,345,218,86,2200,298,679,301,869,882,51,63,1066,1010
Crime & Safety,Total Criminal Code Offences (excl traffic),"∑ All Crimes (total # of, per 1,000 residents)","Jan 1, 2019 - Dec 31, 2019","All Criminal Code Violations include: crimes against person, crimes against property and other crimes.

This data includes all founded Criminal Code of Canada offences reported to the Ottawa Police. Offences have been categorized according to the Uniform Crime Reporting (UCR) Survey version 2.2. The crime statistics published are accurate on the day that they were produced. Due to ongoing police investigations and internal data quality control efforts, this information is subject to change, including addition, deletion and reclassification of any and all data.",Ottawa Police Service,42.5,29.3,NA,57.3,29.6,25.2,19.3,11,37.7,165.8,45.4,23.8,202.5,44.8,12.6,4.5,82.8,12,7.5,19.2,16.7,33.6,63.5,52.4,20.1,18.9,128.8,22.3,32.7,33.1,72.6,12.8,41.6,11.1,8,13.5,NA,22.2,13.8,179.3,13.5,22.1,26,9.1,22.7,10.7,25.2,18.8,19.9,94.3,27.5,16.6,37.1,21.7,59.3,12.4,46.1,18.4,25.4,51.4,15.6,299,14.1,52.8,13.7,56.5,14.7,46.8,24,12.8,129,26.6,44.2,18.8,18.2,9.1,60,28.4,12.9,NA,46.7,22.3,23.5,6.3,36.4,39.6,38.7,173.1,64.6,19.1,16.4,12.4,16.4,101.6,32.1,25.8,14.7,16.6,15.5,19,70.2,47.3,127.3,51.1,16.3,15.5,72.8,115.2,17.2,14.8,82,71
Crime & Safety,Shootings,Shooting Incidents in 2016 (# of),"Jan 1, 2016 - Dec 31, 2016","Shooting Incidents by ONS Neighbourhood (2016). A shooting refers to an incident where a victim was reported to have been shot, or shot at, with a real firearm (As defined under the Criminal Code of Canada). This includes any incident where evidence exists that a bullet was discharged from a real firearm. Excludes events such as suicide, dispatch animal, police-involved or any event where the weapon used was not a real firearm. Note: Shootings are also counted in other crime categories. Data regarding shootings is therefore not mutually exclusive from the other crime data.",Ottawa Police Service,68,3,0,0,1,0,0,0,2,0,4,0,3,0,0,1,1,0,0,1,1,0,2,0,0,0,0,0,4,0,0,0,0,1,0,0,0,0,0,0,0,1,0,0,0,0,0,0,1,0,0,0,0,0,1,0,2,2,1,0,1,5,0,0,1,0,0,1,1,0,0,0,1,0,0,0,0,0,0,0,0,0,0,0,1,1,0,2,2,0,1,0,1,7,3,0,0,0,1,0,0,0,2,1,0,0,0,1,0,1,1,1
Crime & Safety,Shootings,Shooting Incidents in 2017 (# of),"Jan 1, 2017 - Dec 31, 2017","Shooting Incidents by ONS Neighbourhood (2017). A shooting refers to an incident where a victim was reported to have been shot, or shot at, with a real firearm (As defined under the Criminal Code of Canada). This includes any incident where evidence exists that a bullet was discharged from a real firearm. Excludes events such as suicide, dispatch animal, police-involved or any event where the weapon used was not a real firearm. Note: Shootings are also counted in other crime categories. Data regarding shootings is therefore not mutually exclusive from the other crime data.",Ottawa Police Service,75,0,0,0,0,0,1,0,1,0,1,2,1,2,0,0,0,0,0,0,1,2,0,0,2,3,0,0,3,0,0,0,0,0,0,0,0,0,0,0,0,3,0,0,1,1,1,0,0,0,0,1,4,0,0,0,3,0,1,0,1,5,0,0,0,2,0,0,0,0,1,1,2,0,0,0,0,1,0,1,0,1,0,0,0,7,0,4,0,0,1,0,0,4,0,0,0,0,1,0,0,0,3,0,0,0,3,1,0,0,2,0
Crime & Safety,Shootings,Shooting Incidents in 2018 (# of),"Jan 1, 2018 - Dec 31, 2018","Shooting Incidents by ONS Neighbourhood (2018). A shooting refers to an incident where a victim was reported to have been shot, or shot at, with a real firearm (As defined under the Criminal Code of Canada). This includes any incident where evidence exists that a bullet was discharged from a real firearm. Excludes events such as suicide, dispatch animal, police-involved or any event where the weapon used was not a real firearm. Note: Shootings are also counted in other crime categories. Data regarding shootings is therefore not mutually exclusive from the other crime data.",Ottawa Police Service,78,0,0,0,2,1,0,1,1,0,2,0,2,0,0,0,1,0,0,2,6,3,2,0,2,5,1,1,0,0,0,0,1,0,0,0,0,0,0,0,0,0,0,0,0,0,0,0,0,5,0,0,1,0,2,1,2,0,0,0,0,2,0,1,0,1,0,0,0,0,0,0,1,0,1,0,0,1,0,0,1,0,0,0,0,11,0,0,1,0,1,0,1,4,0,0,0,1,0,0,0,0,0,1,0,0,3,1,0,0,2,0
Crime & Safety,Shootings,Shooting Incidents in 2019 (# of),"Jan 1, 2016 - Dec 31, 2019","Shooting Incidents by ONS Neighbourhood (2019). A shooting refers to an incident where a victim was reported to have been shot, or shot at, with a real firearm (As defined under the Criminal Code of Canada). This includes any incident where evidence exists that a bullet was discharged from a real firearm. Excludes events such as suicide, dispatch animal, police-involved or any event where the weapon used was not a real firearm. Note: Shootings are also counted in other crime categories. Data regarding shootings is therefore not mutually exclusive from the other crime data.",Ottawa Police Service,73,0,0,0,0,0,0,0,2,0,0,0,7,3,0,0,2,0,0,1,1,1,1,0,0,5,0,0,1,0,0,0,0,0,0,0,0,0,0,0,1,1,0,0,1,0,0,1,0,0,0,0,2,0,5,0,1,0,1,0,1,4,0,0,0,0,1,1,1,0,0,0,0,1,0,0,1,0,0,0,0,0,0,0,0,4,0,4,0,0,0,0,2,6,0,1,0,0,0,0,1,0,1,2,0,0,4,0,0,0,0,1
Crime & Safety,Shootings,Average # of annual shootings 2016-2019,"Jan 1, 2019 - Dec 31, 2019","Shooting Incidents by ONS Neighbourhood (2016-2019). A shooting refers to an incident where a victim was reported to have been shot, or shot at, with a real firearm (As defined under the Criminal Code of Canada). This includes any incident where evidence exists that a bullet was discharged from a real firearm. Excludes events such as suicide, dispatch animal, police-involved or any event where the weapon used was not a real firearm. Note: Shootings are also counted in other crime categories. Data regarding shootings is therefore not mutually exclusive from the other crime data.",Ottawa Police Service,73.5,0.75,0,0,0.75,0.25,0.25,0.25,1.5,0,1.75,0.5,3.25,1.25,0,0.25,1,0,0,1,2.25,1.5,1.25,0,1,3.25,0.25,0.25,2,0,0,0,0.25,0.25,0,0,0,0,0,0,0.25,1.25,0,0,0.5,0.25,0.25,0.25,0.25,1.25,0,0.25,1.75,0,2,0.25,2,0.5,0.75,0,0.75,4,0,0.25,0.25,0.75,0.25,0.5,0.5,0,0.25,0.25,1,0.25,0.25,0,0.25,0.5,0,0.25,0.25,0.25,0,0,0.25,5.75,0,2.5,0.75,0,0.75,0,1,5.25,0.75,0.25,0,0.25,0.5,0,0.25,0,1.5,1,0,0,2.5,0.75,0,0.25,1.25,0.5
Crime & Safety,Bicycle Theft,Bicycle Thefts in 2015 (# of),"Jan 1, 2015 - Dec 31, 2015","This dataset contains bicycle thefts occurrences from 2015-2019.

The crime statistics published are accurate on the day that they were produced. Due to ongoing police investigations and internal data quality control efforts, this information is subject to change, including addition, deletion and reclassification of any and all data.

Accuracy: The Ottawa Police provides this information in good faith but provides no warranty, nor accepts any liability arising from any incorrect, incomplete or misleading information or its improper use.",Ottawa Police Service,1116,2,0,5,2,1,3,3,19,28,4,8,157,10,2,0,18,0,1,3,5,3,16,0,3,4,1,5,8,19,9,0,1,0,0,0,0,7,0,3,0,11,18,0,1,0,2,7,3,9,3,2,10,10,12,3,21,4,2,7,1,55,2,7,0,10,0,9,7,0,5,0,15,23,0,2,53,13,1,1,0,10,3,0,16,13,5,17,3,0,25,5,6,34,2,10,2,7,6,4,9,2,155,4,13,3,9,8,0,2,38,26
Crime & Safety,Bicycle Theft,Bicycle Thefts in 2016 (# of),"Jan 1, 2016 - Dec 31, 2016","This dataset contains bicycle thefts occurrences from 2015-2019.

The crime statistics published are accurate on the day that they were produced. Due to ongoing police investigations and internal data quality control efforts, this information is subject to change, including addition, deletion and reclassification of any and all data.

Accuracy: The Ottawa Police provides this information in good faith but provides no warranty, nor accepts any liability arising from any incorrect, incomplete or misleading information or its improper use.",Ottawa Police Service,1124,3,0,4,4,6,6,3,20,23,12,9,216,19,2,0,14,3,0,2,3,5,30,0,3,3,0,3,5,17,4,5,0,0,0,0,0,2,1,0,0,24,7,0,4,3,4,9,4,12,2,6,8,7,1,3,11,2,1,12,1,56,4,7,0,9,5,20,7,0,5,0,9,10,1,0,64,10,1,3,1,3,7,0,26,3,7,14,4,1,12,8,4,16,4,9,2,1,2,4,6,1,115,3,4,4,9,17,0,1,42,35
Crime & Safety,Bicycle Theft,Bicycle Thefts in 2017 (# of),"Jan 1, 2017 - Dec 31, 2017","This dataset contains bicycle thefts occurrences from 2015-2019.

The crime statistics published are accurate on the day that they were produced. Due to ongoing police investigations and internal data quality control efforts, this information is subject to change, including addition, deletion and reclassification of any and all data.

Accuracy: The Ottawa Police provides this information in good faith but provides no warranty, nor accepts any liability arising from any incorrect, incomplete or misleading information or its improper use.",Ottawa Police Service,1045,3,0,3,1,2,1,3,12,32,18,15,189,11,0,0,18,0,0,2,5,3,28,1,2,3,1,0,5,26,9,1,0,0,0,0,0,1,1,5,0,12,13,0,3,0,2,2,5,1,4,2,2,5,5,3,12,1,1,8,4,62,4,8,0,9,3,15,3,1,6,0,10,5,0,0,63,3,1,0,0,8,1,0,13,3,9,18,1,0,19,7,10,32,1,3,5,1,0,2,2,0,112,3,4,3,14,13,0,0,40,42
Crime & Safety,Bicycle Theft,Bicycle Thefts in 2018 (# of),"Jan 1, 2018 - Dec 31, 2018","This dataset contains bicycle thefts occurrences from 2015-2019.

The crime statistics published are accurate on the day that they were produced. Due to ongoing police investigations and internal data quality control efforts, this information is subject to change, including addition, deletion and reclassification of any and all data.

Accuracy: The Ottawa Police provides this information in good faith but provides no warranty, nor accepts any liability arising from any incorrect, incomplete or misleading information or its improper use.",Ottawa Police Service,1207,2,0,4,2,2,3,3,6,59,8,15,291,10,0,0,13,0,0,0,4,2,23,0,1,0,2,1,5,20,13,0,1,0,0,0,0,0,1,1,0,18,5,0,0,1,1,1,1,5,4,4,10,17,6,3,13,0,2,2,0,51,1,10,1,6,1,18,3,1,8,0,6,11,1,0,74,6,0,3,1,5,4,0,38,7,2,16,6,0,14,3,4,16,2,9,2,0,0,2,2,4,163,3,5,1,16,11,0,0,37,48
Crime & Safety,Bicycle Theft,Bicycle Thefts in 2019 (# of),"Jan 1, 2019- Dec 31, 2019","This dataset contains bicycle thefts occurrences from 2015-2019.

The crime statistics published are accurate on the day that they were produced. Due to ongoing police investigations and internal data quality control efforts, this information is subject to change, including addition, deletion and reclassification of any and all data.

Accuracy: The Ottawa Police provides this information in good faith but provides no warranty, nor accepts any liability arising from any incorrect, incomplete or misleading information or its improper use.",Ottawa Police Service,1150,5,0,1,1,2,2,6,5,19,6,7,259,12,0,0,14,0,0,1,0,0,33,0,0,5,0,0,1,10,4,0,1,0,0,1,0,1,1,1,2,15,18,0,1,0,1,5,1,3,0,1,5,3,8,6,10,2,0,3,2,54,3,3,1,8,0,19,9,0,4,1,3,13,1,0,70,7,0,0,2,4,1,0,18,2,11,26,6,2,25,8,7,35,2,10,2,0,5,1,8,6,164,3,8,6,21,7,0,1,52,27
Crime & Safety,Bicycle Theft,Average # of Annual Bicycle Thefts (2015-2019),"Jan 1, 2015 - Dec 31, 2019","This dataset contains bicycle thefts occurrences from 2015-2019.

The crime statistics published are accurate on the day that they were produced. Due to ongoing police investigations and internal data quality control efforts, this information is subject to change, including addition, deletion and reclassification of any and all data.

Accuracy: The Ottawa Police provides this information in good faith but provides no warranty, nor accepts any liability arising from any incorrect, incomplete or misleading information or its improper use.",Ottawa Police Service,1128.4,3,0,3.4,2,2.6,3,3.6,12.4,32.2,9.6,10.8,222.4,12.4,0.8,0,15.4,0.6,0.2,1.6,3.4,2.6,26,0.2,1.8,3,0.8,1.8,4.8,18.4,7.8,1.2,0.6,0,0,0.2,0,2.2,0.8,2,0.4,16,12.2,0,1.8,0.8,2,4.8,2.8,6,2.6,3,7,8.4,6.4,3.6,13.4,1.8,1.2,6.4,1.6,55.6,2.8,7,0.4,8.4,1.8,16.2,5.8,0.4,5.6,0.2,8.6,12.4,0.6,0.4,64.8,7.8,0.6,1.4,0.8,6,3.2,0,22.2,5.6,6.8,18.2,4,0.6,19,6.2,6.2,26.6,2.2,8.2,2.6,1.8,2.6,2.6,5.4,2.6,141.8,3.2,6.8,3.4,13.8,11.2,0,0.8,41.8,35.6
Crime & Safety,Bicycle Theft,Bicycle Thefts in 2015 (# of),"Jan 1, 2015 - Dec 31, 2015","This dataset contains bicycle thefts occurrences from 2015-2019.

The crime statistics published are accurate on the day that they were produced. Due to ongoing police investigations and internal data quality control efforts, this information is subject to change, including addition, deletion and reclassification of any and all data.

Accuracy: The Ottawa Police provides this information in good faith but provides no warranty, nor accepts any liability arising from any incorrect, incomplete or misleading information or its improper use.",Ottawa Police Service,1116,2,0,5,2,1,3,3,19,28,4,8,157,10,2,0,18,0,1,3,5,3,16,0,3,4,1,5,8,19,9,0,1,0,0,0,0,7,0,3,0,11,18,0,1,0,2,7,3,9,3,2,10,10,12,3,21,4,2,7,1,55,2,7,0,10,0,9,7,0,5,0,15,23,0,2,53,13,1,1,0,10,3,0,16,13,5,17,3,0,25,5,6,34,2,10,2,7,6,4,9,2,155,4,13,3,9,8,0,2,38,26
Crime & Safety,Bicycle Theft,Bicycle Thefts in 2016 (# of),"Jan 1, 2016 - Dec 31, 2016","This dataset contains bicycle thefts occurrences from 2015-2019.

The crime statistics published are accurate on the day that they were produced. Due to ongoing police investigations and internal data quality control efforts, this information is subject to change, including addition, deletion and reclassification of any and all data.

Accuracy: The Ottawa Police provides this information in good faith but provides no warranty, nor accepts any liability arising from any incorrect, incomplete or misleading information or its improper use.",Ottawa Police Service,1124,3,0,4,4,6,6,3,20,23,12,9,216,19,2,0,14,3,0,2,3,5,30,0,3,3,0,3,5,17,4,5,0,0,0,0,0,2,1,0,0,24,7,0,4,3,4,9,4,12,2,6,8,7,1,3,11,2,1,12,1,56,4,7,0,9,5,20,7,0,5,0,9,10,1,0,64,10,1,3,1,3,7,0,26,3,7,14,4,1,12,8,4,16,4,9,2,1,2,4,6,1,115,3,4,4,9,17,0,1,42,35
Crime & Safety,Bicycle Theft,Bicycle Thefts in 2017 (# of),"Jan 1, 2017 - Dec 31, 2017","This dataset contains bicycle thefts occurrences from 2015-2019.

The crime statistics published are accurate on the day that they were produced. Due to ongoing police investigations and internal data quality control efforts, this information is subject to change, including addition, deletion and reclassification of any and all data.

Accuracy: The Ottawa Police provides this information in good faith but provides no warranty, nor accepts any liability arising from any incorrect, incomplete or misleading information or its improper use.",Ottawa Police Service,1045,3,0,3,1,2,1,3,12,32,18,15,189,11,0,0,18,0,0,2,5,3,28,1,2,3,1,0,5,26,9,1,0,0,0,0,0,1,1,5,0,12,13,0,3,0,2,2,5,1,4,2,2,5,5,3,12,1,1,8,4,62,4,8,0,9,3,15,3,1,6,0,10,5,0,0,63,3,1,0,0,8,1,0,13,3,9,18,1,0,19,7,10,32,1,3,5,1,0,2,2,0,112,3,4,3,14,13,0,0,40,42
Crime & Safety,Bicycle Theft,Bicycle Thefts in 2018 (# of),"Jan 1, 2018 - Dec 31, 2018","This dataset contains bicycle thefts occurrences from 2015-2019.

The crime statistics published are accurate on the day that they were produced. Due to ongoing police investigations and internal data quality control efforts, this information is subject to change, including addition, deletion and reclassification of any and all data.

Accuracy: The Ottawa Police provides this information in good faith but provides no warranty, nor accepts any liability arising from any incorrect, incomplete or misleading information or its improper use.",Ottawa Police Service,1207,2,0,4,2,2,3,3,6,59,8,15,291,10,0,0,13,0,0,0,4,2,23,0,1,0,2,1,5,20,13,0,1,0,0,0,0,0,1,1,0,18,5,0,0,1,1,1,1,5,4,4,10,17,6,3,13,0,2,2,0,51,1,10,1,6,1,18,3,1,8,0,6,11,1,0,74,6,0,3,1,5,4,0,38,7,2,16,6,0,14,3,4,16,2,9,2,0,0,2,2,4,163,3,5,1,16,11,0,0,37,48
Crime & Safety,Bicycle Theft,Bicycle Thefts in 2019 (# of),"Jan 1, 2019- Dec 31, 2019","This dataset contains bicycle thefts occurrences from 2015-2019.

The crime statistics published are accurate on the day that they were produced. Due to ongoing police investigations and internal data quality control efforts, this information is subject to change, including addition, deletion and reclassification of any and all data.

Accuracy: The Ottawa Police provides this information in good faith but provides no warranty, nor accepts any liability arising from any incorrect, incomplete or misleading information or its improper use.",Ottawa Police Service,1150,5,0,1,1,2,2,6,5,19,6,7,259,12,0,0,14,0,0,1,0,0,33,0,0,5,0,0,1,10,4,0,1,0,0,1,0,1,1,1,2,15,18,0,1,0,1,5,1,3,0,1,5,3,8,6,10,2,0,3,2,54,3,3,1,8,0,19,9,0,4,1,3,13,1,0,70,7,0,0,2,4,1,0,18,2,11,26,6,2,25,8,7,35,2,10,2,0,5,1,8,6,164,3,8,6,21,7,0,1,52,27
Crime & Safety,Bicycle Theft,Average # of Annual Bicycle Thefts (2015-2019),"Jan 1, 2015 - Dec 31, 2019","This dataset contains bicycle thefts occurrences from 2015-2019.

The crime statistics published are accurate on the day that they were produced. Due to ongoing police investigations and internal data quality control efforts, this information is subject to change, including addition, deletion and reclassification of any and all data.

Accuracy: The Ottawa Police provides this information in good faith but provides no warranty, nor accepts any liability arising from any incorrect, incomplete or misleading information or its improper use.",Ottawa Police Service,1128.4,3,0,3.4,2,2.6,3,3.6,12.4,32.2,9.6,10.8,222.4,12.4,0.8,0,15.4,0.6,0.2,1.6,3.4,2.6,26,0.2,1.8,3,0.8,1.8,4.8,18.4,7.8,1.2,0.6,0,0,0.2,0,2.2,0.8,2,0.4,16,12.2,0,1.8,0.8,2,4.8,2.8,6,2.6,3,7,8.4,6.4,3.6,13.4,1.8,1.2,6.4,1.6,55.6,2.8,7,0.4,8.4,1.8,16.2,5.8,0.4,5.6,0.2,8.6,12.4,0.6,0.4,64.8,7.8,0.6,1.4,0.8,6,3.2,0,22.2,5.6,6.8,18.2,4,0.6,19,6.2,6.2,26.6,2.2,8.2,2.6,1.8,2.6,2.6,5.4,2.6,141.8,3.2,6.8,3.4,13.8,11.2,0,0.8,41.8,35.6
COVID-19,COVID-19 in neighbourhoods from March 09 2020 to December 31 2021,"# residents with confirmed COVID-19 (per 100,000) from Mar 2020-December 2021",March 9 2020 - December 31 2021,"<p><strong><span style=""color:#084c94"" class=""has-inline-color"">Currently showing on the map : </span></strong> The total neighbourhood ""rate"" (/100,000 residents) of COVID-19. That is, the total number of residents with laboratory confirmed COVID-19 per 100,000 residents in the neighbourhood (reported between March 09 2020 - December 31 2021), excluding cases associated with outbreaks in long term care homes (LTCH) or retirement homes.
 <!-- wp:paragraph -->
 <p><strong>**Please note the neighbourhood population estimates used as the denominator to calculate the COVID-19 neighbourhood rates have been updated. These new estimates more accurately reflect current population sizes (excluding LTCH residents) and were compiled by ICES (January to March 2021). For this reason, cumulative and monthly rates may differ from previous publications.
 </p><p>*** Please also note OPH has migrated from The COD to CCM, the provincial database for COVID-19. The March 2021 ONS COVID-19 update was the first ONS neighbourhood data to be pulled from CCM and monthly counts in some neighbourhoods may have changed slightly due to differences in postal code attribution across the two systems.
 </strong>
 <!-- wp:paragraph -->
 <p><strong><span style=""color:#084c94"" class=""has-inline-color"">Map Data Notes : </span></strong> </p>
 <!-- wp:list -->
 <ul><li>Data represents all cases reported from March 2020 to December 2021 and was extracted by Ottawa Public Health (OPH) from the provincial Case and Contact Management (CCM) solution. The CCM is a dynamic disease reporting system that allow for continuous updates of case information. These data are a snapshot in time, reflect the most accurate information that OPH has at the time of reporting, and the numbers may differ from other sources.</li><li>A case (an individual with laboratory-confirmed COVID-19 infection) is assigned to an Ottawa Neighbourhood Study (ONS) geography based on the individual’s residential postal code and the ONS’s postal code conversion file. As the area served by a given postal code may cross multiple neighbourhoods, the ONS postal code conversion file identifies the proportion of each postal code that falls within a neighbourhood. Thus, for cases with postal codes falling within multiple neighbourhoods, a fraction of those cases will be assigned to each neighbourhood.</li><li>Neighbourhood rates are suppressed if case counts are less than 5 and if the total neighbourhood population (excluding LTCH residents) is less than 2000 people. Rates calculated from very low case counts, or for small populations, are unstable and should be interpreted with caution. A low case count for a given neighbourhood results in a very wide 95% confidence interval for the estimated rate; this interval is comprised of the lower and upper limits within which the true rate lies 95% of the time. A narrow confidence interval corresponds to a more precise estimate and a wider confidence interval corresponds to a less precise estimate. Because of this, rates calculated from very low case counts fluctuate so much that we cannot use them to compare different areas or make predictions over time.</li><li> Non-LTCH population estimates by ONS neighbourhood are based on data provided by the Institute for Clinical Evaluative Services (ICES) (Chung H, Fung K, Ishiguro L, Paterson M, et al. Characteristics of COVID-19 diagnostic test recipients, Applied Health Research Questions (AHRQ) # 2021 0950 080 000. Toronto: Institute for Clinical Evaluative Sciences; 2020). Populations are estimated by linking the most recent postal code in the current Registered Persons Database (RPDB), which has basic demographic information on anyone who has ever received an Ontario health card number to ONS neighbourhoods using the ONS’s postal code conversion file. These datasets were linked using unique encoded identifiers and analyzed at ICES. The data were received by OPH as weekly population estimates from January 2021 to March 2021, these were then averaged to produce a non-LTCH population estimate for ONS neighbourhoods.
 </li></ul>
 <!-- /wp:list -->
 <p>This information needs to be balanced with a recognition that it may stigmatize people and communities who have been impacted by COVID-19. Please take a moment to review OPH’s&nbsp;<a href=""https://www.ottawapublichealth.ca/en/public-health-topics/resources/OPH-Position-Statement---Stigma-and-COVID.pdf"" target=""_blank"" rel=""noreferrer noopener"">position statement on stigma</a>, which provides guidance on language to use when communicating about COVID-19.</p>",Ottawa Public Health,3883,4167,Suppressed,2723,2956,3271,3280,2703,4151,Suppressed,4239,2479,3917,3416,1811,1942,5004,2189,1930,7486,5113,5699,3249,4324,5000,5812,Suppressed,4528,3718,2727,Suppressed,3571,2545,2953,2964,2278,Suppressed,5088,2809,Suppressed,2283,3838,2990,2300,4295,4076,3848,3441,2848,3877,3688,3062,4094,4371,6105,2569,3720,3067,3152,2705,2790,5385,4558,2709,1914,4926,3953,3902,2588,4057,3693,3818,3890,3611,6324,1905,3259,3244,3449,Suppressed,3383,1677,2923,Suppressed,2219,7915,2592,6031,3456,3782,4199,2994,3384,5792,5274,5286,2801,3349,3201,3558,4815,3199,6223,4271,3479,4515,3698,5084,3903,Suppressed,3973,2655
COVID-19,COVID-19 in neighbourhoods from March 09 2020 to December 31 2021,# residents with confirmed COVID-19 (Mar 2020 - December 2021),March 9 2020 - December 31 2021,"<p><strong><span style=""color:#084c94"" class=""has-inline-color"">Currently showing on the map : </span></strong> The total number of residents with laboratory confirmed COVID-19 in the neighbourhood (reported between March 09 2020 - December 31 2021), excluding cases associated with outbreaks in long term care homes (LTCH) or retirement homes.
 <!-- wp:paragraph -->
 <!-- wp:list -->
 <p><strong>**Please note the neighbourhood population estimates used as the denominator to calculate the COVID-19 neighbourhood rates have been updated. These new estimates more accurately reflect current population sizes (excluding LTCH residents) and were compiled by ICES (January to March 2021). For this reason, cumulative and monthly rates may differ from previous publications.
 </p><p>*** Please also note OPH has migrated from The COD to CCM, the provincial database for COVID-19. This March 2021 ONS COVID-19 update was the first ONS neighbourhood data to be pulled from CCM and monthly counts in some neighbourhoods may have changed slightly due to differences in postal code attribution across the two systems.
 </strong>
 <!-- wp:paragraph -->
 <p><strong><span style=""color:#084c94"" class=""has-inline-color"">Map Data Notes : </span></strong> </p>
 <!-- wp:list -->
 <ul><li>Data represents all cases reported from March 2020 to December 2021 and was extracted by Ottawa Public Health (OPH) from the provincial Case and Contact Management (CCM) solution. The CCM is a dynamic disease reporting system that allow for continuous updates of case information. These data are a snapshot in time, reflect the most accurate information that OPH has at the time of reporting, and the numbers may differ from other sources.</li><li>A case (an individual with laboratory-confirmed COVID-19 infection) is assigned to an Ottawa Neighbourhood Study (ONS) geography based on the individual’s residential postal code and the ONS’s postal code conversion file. As the area served by a given postal code may cross multiple neighbourhoods, the ONS postal code conversion file identifies the proportion of each postal code that falls within a neighbourhood. Thus, for cases with postal codes falling within multiple neighbourhoods, a fraction of those cases will be assigned to each neighbourhood.</li><li>Neighbourhood rates are suppressed if case counts are less than 5 and if the total neighbourhood population (excluding LTCH residents) is less than 2000 people. Rates calculated from very low case counts, or for small populations, are unstable and should be interpreted with caution. A low case count for a given neighbourhood results in a very wide 95% confidence interval for the estimated rate; this interval is comprised of the lower and upper limits within which the true rate lies 95% of the time. A narrow confidence interval corresponds to a more precise estimate and a wider confidence interval corresponds to a less precise estimate. Because of this, rates calculated from very low case counts fluctuate so much that we cannot use them to compare different areas or make predictions over time.</li><li> Non-LTCH population estimates by ONS neighbourhood are based on data provided by the Institute for Clinical Evaluative Services (ICES) (Chung H, Fung K, Ishiguro L, Paterson M, et al. Characteristics of COVID-19 diagnostic test recipients, Applied Health Research Questions (AHRQ) # 2021 0950 080 000. Toronto: Institute for Clinical Evaluative Sciences; 2020). Populations are estimated by linking the most recent postal code in the current Registered Persons Database (RPDB), which has basic demographic information on anyone who has ever received an Ontario health card number to ONS neighbourhoods using the ONS’s postal code conversion file. These datasets were linked using unique encoded identifiers and analyzed at ICES. The data were received by OPH as weekly population estimates from January 2021 to March 2021, these were then averaged to produce a non-LTCH population estimate for ONS neighbourhoods.
 </li></ul>
 <!-- /wp:list -->
 <p>This information needs to be balanced with a recognition that it may stigmatize people and communities who have been impacted by COVID-19. Please take a moment to review OPH’s&nbsp;<a href=""https://www.ottawapublichealth.ca/en/public-health-topics/resources/OPH-Position-Statement---Stigma-and-COVID.pdf"" target=""_blank"" rel=""noreferrer noopener"">position statement on stigma</a>, which provides guidance on language to use when communicating about COVID-19.</p>",Ottawa Public Health,42303,364,<5,142,141,237,189,763,301,39,487,195,1251,452,48,92,472,96,121,477,622,446,379,109,632,582,49,442,242,173,24,465,84,163,137,112,<5,724,144,<5,129,336,213,46,308,277,189,173,342,180,204,158,545,426,702,192,535,277,257,195,488,397,606,277,149,648,470,529,423,177,83,134,539,718,795,60,469,413,382,137,219,355,362,23,251,1281,160,454,285,259,1239,613,389,1375,347,1506,379,330,510,691,327,73,870,201,1531,1002,457,405,101,53,456,373
Community & Belonging,Ottawa Public Libraries,% residents within 15 min walking distance,20-Sep-19,Libraries include all branches of the Ottawa Public library.,Ottawa Public Library,25.8226219,89.73903539,0,82.88672351,51.93281178,3.98768509,0,0,0,0,0,94.82401656,74.2977626,36.69749009,36.68971478,0,41.15741258,0,0,0,92.14313497,74.61585741,100,0,0,0,0,17.44466108,7.686110216,39.95699695,7.479674797,8.09892071,0,21.14585216,25.55102041,4.126165443,100,0,0,0,37.43589744,15.0802139,100,0,0,4.445562825,0,0,0.341296928,26.73879444,0,0,7.924653556,0,0,52.85367335,32.4949542,70.62568875,22.36448997,0,0,73.67016842,0,81.84071559,6.663907285,0,50.31244257,0,0,0,32.72329964,0,37.15407963,25.87540279,0,8.141646489,46.02834163,50.09304386,9.605488851,1.421800948,0,6.698907397,21.5976586,0,42.85270997,58.13123047,64.73955352,100,16.43913538,0,3.806323029,39.99773384,51.4331853,31.28342246,31.57494294,0,29.16828756,18.08080808,0,0,0,74.22360248,80.11363636,54.95261104,20.04869863,0,79.9452862,85.53737284,0,0,5.209163347,0
Community & Belonging,Ottawa Public Libraries,Avg. distance to nearest Ottawa Public Library (km),20-Sep-19,Libraries include all branches of the Ottawa Public library.,Ottawa Public Library,2.861743717,0.824140605,1.729520577,0.87254892,1.319556334,1.989806632,2.710549488,3.577887992,3.336297795,2.239837252,2.718290954,0.696108831,1.060666559,1.73131787,1.812764096,12.85351265,1.334280766,4.593418775,11.57620013,2.521519352,0.774417499,0.91864018,0.682703349,4.866563063,3.548479683,2.417289686,2.971204774,2.322428569,1.915159004,1.447368433,1.593825934,3.93124842,4.630229519,4.299163247,5.407140146,4.98493464,0.831198908,3.303670149,3.571268085,2.529008138,2.949927039,1.793237944,0.700272434,12.44239526,2.477943193,2.122419587,3.209028417,2.905488522,2.479104684,1.642375487,2.319573206,3.192752755,2.802237396,2.315819572,3.933320784,1.198163535,1.43471348,1.020094198,1.725251003,2.124679573,5.656259812,1.074028445,3.373248158,1.063302567,6.634553333,2.111658538,1.37177151,4.162991193,3.371486718,10.6908512,2.012364908,11.62445097,1.422512253,1.671436086,7.136875621,8.17775747,1.356850868,1.719976209,3.595745747,4.985213492,3.9458431,3.038792709,1.594642586,11.35422677,1.498842171,1.392219144,1.261964441,0.591288907,1.768101899,9.382517712,2.47447994,1.627720385,1.325565627,1.607476349,1.703522166,3.240064996,1.642071842,2.764277877,4.706515973,6.721430867,2.560582564,0.922007255,0.883334581,1.276376812,2.435120684,4.811427909,0.903586541,0.87349658,20.76109113,2.040258976,1.681689352,2.527226639
Community & Belonging,Ottawa Public Libraries,Number of Ottawa Public Libraries,20-Sep-19,Libraries include all branches of the Ottawa Public library.,Ottawa Public Library,33,1,0,1,0,0,0,0,0,0,0,1,1,0,1,0,0,0,0,0,1,0,1,0,0,0,0,0,0,0,0,1,0,1,1,1,0,0,0,0,2,0,1,0,0,0,0,0,0,0,0,0,0,0,0,1,0,1,0,0,0,0,0,0,1,0,0,0,0,0,0,0,1,1,0,1,0,1,1,0,0,0,0,0,1,1,0,1,0,0,0,1,1,0,0,0,0,1,0,0,0,1,0,1,1,0,1,1,0,0,0,0
Education & Learning,English Elementary Schools,Avg. distance to nearest 3 English elementary schools (km),2019,"Elementary School, also known as a primary school, refers to an educational institution that administers the initial level of standardized academic instruction. Does not include private schools.","Ottawa-Carleton District School Board, Ottawa Catholic School Board",2.082659449,1.472743055,1.705765938,1.854814377,2.050120273,1.272947994,1.243117916,1.19554789,1.166990116,2.38325107,1.357306864,1.64448566,0.804938444,1.583979032,14.96272062,11.03399431,1.319085164,1.993311724,9.655929608,1.662805378,1.1052309,1.195321251,0.93799931,3.015223551,1.436962661,1.190485043,2.383243348,1.1070396,1.177309155,0.834027684,1.075271411,3.807726887,3.206229876,5.402282081,12.21610964,7.735126747,1.4209419,3.348671024,2.066330437,1.732440749,8.189657929,1.231054831,1.321244824,16.37069694,2.312936696,0.880968085,1.433468189,1.13755153,1.088022929,1.450734573,1.884796903,1.536418589,1.284320096,1.263970009,0.814312959,1.077386237,1.42415868,0.929163948,1.487546724,1.290754421,1.358674724,1.759270016,1.437984214,1.147590572,8.443012362,1.625424019,1.295338945,1.241894241,1.279560798,8.745382023,1.775053438,10.45643767,1.189370527,1.133114718,4.088844774,14.53245081,0.755512016,1.24089755,5.230231469,3.313283144,1.966694941,2.2071774,1.099996789,12.21260064,0.999970045,1.068428611,1.349611777,1.428747088,1.510070747,5.78717285,1.317213044,1.09067166,1.389739432,1.13091597,1.17465945,1.234854423,1.379367847,3.796302352,1.020595117,2.248483884,1.747614395,1.338425452,1.288671448,1.5755937,1.79148518,1.509584341,1.385924349,0.946007469,15.90280833,1.687467371,0.809169876,1.077088773
Education & Learning,English Elementary Schools,Number of English elementary schools,2019,"Elementary School, also known as a primary school, refers to an educational institution that administers the initial level of standardized academic instruction. Does not include private schools.","Ottawa-Carleton District School Board, Ottawa Catholic School Board",180,1,0,2,0,3,2,5,1,0,2,0,4,1,0,1,2,1,1,0,2,1,2,0,2,2,0,3,2,3,0,2,1,2,0,2,0,0,1,0,2,1,1,0,1,3,0,2,4,1,0,1,1,2,3,4,1,3,0,1,3,0,2,1,1,1,2,2,4,0,0,0,3,3,1,1,3,3,2,0,1,2,3,1,4,3,1,1,1,1,3,6,2,4,2,4,2,3,3,2,1,1,1,0,6,3,0,2,0,0,2,1
Education & Learning,English Elementary Schools,% residents within 15 min walking distance,2019,"Elementary School, also known as a primary school, refers to an educational institution that administers the initial level of standardized academic instruction. Does not include private schools.","Ottawa-Carleton District School Board, Ottawa Catholic School Board",75.38258503,91.02336385,100,82.09500609,51.93281178,97.053218,100,86.04098361,100,0,87.49630214,39.48930297,100,54.02025539,0,1.342281879,96.26857334,56.0816558,1.88859214,22.93913361,98.94010113,93.25445605,96.42964296,0,66.36256622,100,0,83.23202202,100,100,100,19.10427467,32.28882834,24.54364721,0,19.16286451,100,6.64532402,63.31015299,100,28.99267399,96.57754011,100,0,94.31854969,100,72.09144409,100,88.63573471,79.81894458,17.87674124,83.38870432,90.2497718,100,100,88.50941105,69.39916162,95.12672952,77.72087068,85.81761006,96.01253918,82.69134567,80.00173822,97.31652118,11.90673289,74.34458571,92.8046315,73.92842452,88.48558034,0,34.49877083,0,96.99160864,94.67776584,54.04778474,8.62590799,100,66.59282233,7.849863788,5.622576476,41.05334234,24.80745119,97.46061806,2.654867257,100,92.02499628,84.8311391,100,100,9.425651868,79.83117746,97.11064529,91.01735971,81.23200329,100,76.44235165,68.57542986,32.42424242,93.71037464,65.73114565,55.391868,94.61697723,100,65.82419625,54.06863874,77.33305538,88.0787037,100,0,0,97.44023904,100
Education & Learning,English High Schools,Avg. distance to nearest 3 English high schools (km),2019,"High School, also known as a secondary school, refers to an educational institution that administers the second level of standardized academic instruction. Does not include private schools.","Ottawa-Carleton District School Board, Ottawa Catholic School Board",4.299758874,2.503132174,4.486742617,3.44705345,4.376865496,2.545735491,1.649225381,4.747218759,2.024028668,2.666988,2.781977195,2.01076402,1.313530107,2.756368663,20.90595661,16.91583436,2.241831564,4.635434562,12.77389441,4.338967041,3.986616814,2.879134581,3.1031491,5.478088689,4.004513958,4.333600846,2.220078145,5.173278491,1.871256298,3.252653694,1.923109971,7.389814788,4.464393518,15.78292722,17.03545833,16.12748908,3.947214602,6.515868547,3.0465285,3.771025052,18.0480249,1.823390153,2.376964071,24.77048678,3.993259577,1.910612954,1.811618058,2.205213038,3.010057509,3.402098889,2.652422368,2.00644241,2.423494269,2.404391695,3.29126519,2.190938349,1.856229955,6.041503168,1.575382599,2.898368248,5.404768874,2.632294936,4.029181118,2.075193985,14.17797904,3.26766561,4.453432244,2.451443655,2.595103701,10.8252331,2.765693579,15.52902083,2.197980653,2.658965614,9.19874493,27.01031494,1.463059744,3.245148694,10.51459755,5.359634787,3.502760305,2.620210198,2.172815234,23.35132764,1.713944824,1.877132482,3.766548624,2.80252266,4.322622412,10.6739482,1.847571258,2.398106549,3.420292878,2.968555981,1.685974577,4.681705596,2.806014371,8.538409681,3.287237936,4.584918291,2.661459068,4.671340115,2.139261508,2.018981013,4.851363695,3.630327859,3.524772357,3.265047561,21.59544209,3.856275429,1.890356194,2.653186188
Education & Learning,English High Schools,Number of English high schools,2019,"High School, also known as a secondary school, refers to an educational institution that administers the second level of standardized academic instruction. Does not include private schools.","Ottawa-Carleton District School Board, Ottawa Catholic School Board",41,2,0,1,0,0,0,0,1,0,0,1,2,0,0,0,0,0,1,0,0,0,0,0,0,0,0,0,0,0,0,1,0,1,0,0,0,0,0,0,0,1,0,0,0,0,1,1,1,0,0,0,1,1,0,1,0,0,2,0,0,0,0,0,0,0,0,0,2,0,0,0,2,2,0,0,1,1,0,0,0,1,1,0,2,2,0,0,0,0,2,1,0,1,0,0,0,1,0,1,0,0,0,0,1,1,0,0,0,0,0,0
Education & Learning,English High Schools,% residents within 15 min walking distance,2019,"High School, also known as a secondary school, refers to an educational institution that administers the second level of standardized academic instruction. Does not include private schools.","Ottawa-Carleton District School Board, Ottawa Catholic School Board",28.69886732,90.28555814,0,19.52902964,0,1.656648585,67.43494424,2.241803279,46.66873257,0,0,71.06970324,100,9.176574196,0,0,24.70115071,0,0,0,0,5.731407498,0,0,0,0,0,0,56.70319046,0,7.479674797,0.339933713,0,23.7303452,0,0,0,0,0,0,0,90.92245989,0,0,0,38.75188727,81.28112268,71.01040763,77.15155428,0,28.72520051,68.97521084,28.47066633,34.09416826,0,70.26411658,27.61993479,0,95.02062882,19.32389937,0,25.84625646,25.16947679,40.42461472,0,0,0,15.92760181,46.57621821,0,3.714832013,0,81.15515087,76.13856069,0,0,94.85254692,39.88480284,0,0,2.295746117,50.94035465,45.28707928,0,68.68018204,60.67549472,0,0,0,0,62.49560358,45.16457991,0,53.70218017,100,0,20.0108924,15.47699214,0,10.47783535,0,0,42.32954545,52.36944806,10.6215656,3.168647071,0,47.29470736,0,0,62.79880478,34.38789546
Education & Learning,Child School Readiness (EDI),% of children low in 1 or more EDI domains,2017/2018,"The Early Development Instrument (EDI) refers to an early child development questionnaire which assesses the degree to which a child is ready to learn at school and predicts how well they will do in school. The test is completed by kindergarden teachers for all children in their classes about 5 months into the school year. The EDI measures five core areas of early child development that are good predictors of adult health, education and social outcomes: 1) Physical health and well-being; 2) Social competence; 3) Emotional maturity; 4) Language and cognitive development; and 5) Communication skills and general knowledge.",Parent Resource Centre,na,29.23076923,na,32.43243243,46.15384615,35.38461538,31.25,25.5033557,44.23076923,na,51.54639175,22.80701754,29.48717949,28.91566265,17.14285714,13.92405063,20.27027027,22.58064516,27.27272727,40.6779661,49.45054945,34.04255319,24.61538462,39.13043478,46.46464646,29.57746479,na,32.9787234,39.13043478,37.70491803,na,29.8245614,4,17.85714286,17.07317073,17.80821918,na,9.230769231,20,na,16.21621622,28.57142857,24.32432432,na,30.55555556,18.86792453,37.25490196,42.85714286,36,31.42857143,28.57142857,22.44897959,28.33333333,43.52941176,39.0625,29.50819672,30.10752688,22.72727273,26.66666667,37.14285714,29.54545455,36.66666667,22.06896552,34.61538462,33.33333333,33.70786517,25.51020408,26.20320856,23.30827068,24.3902439,37.5,na,23.95833333,14.45086705,23.61111111,na,10.86956522,25.625,30.76923077,na,30.6122449,24.18300654,20,na,23,43.36734694,25.71428571,34.09090909,23.52941176,33.33333333,26.64473684,19.90291262,18.5840708,41.47465438,43.47826087,26.44628099,19.58762887,na,29.16666667,14.14141414,na,na,50.84745763,30.3030303,23.29113924,28.92857143,38.80597015,37.5,20.45454545,na,31.03448276,27.27272727
Education & Learning,Child School Readiness (EDI),% of children vulnerable in communication skills and general knowledge,2017/2018,"The Early Development Instrument (EDI) refers to an early child development questionnaire which assesses the degree to which a child is ready to learn at school and predicts how well they will do in school. The test is completed by kindergarden teachers for all children in their classes about 5 months into the school year. The EDI measures five core areas of early child development that are good predictors of adult health, education and social outcomes: 1) Physical health and well-being; 2) Social competence; 3) Emotional maturity; 4) Language and cognitive development; and 5) Communication skills and general knowledge.",Parent Resource Centre,na,12.30769231,na,5.405405405,17.94871795,3.076923077,8.333333333,4.697986577,15.38461538,na,15.46391753,5.263157895,6.41025641,7.228915663,0,2.53164557,8.108108108,3.225806452,4.545454545,20.33898305,13.18681319,6.382978723,7.692307692,8.695652174,15.15151515,9.85915493,na,8.510638298,6.52173913,3.278688525,na,7.894736842,4,3.571428571,2.43902439,4.109589041,na,0.769230769,5.714285714,na,2.702702703,10,1.351351351,na,11.11111111,11.32075472,11.76470588,14.28571429,10.66666667,14.28571429,11.9047619,4.081632653,7.5,12.94117647,16.40625,11.47540984,8.602150538,7.575757576,8.333333333,14.28571429,13.18181818,20,4.827586207,13.46153846,13.88888889,10.11235955,7.142857143,7.486631016,8.270676692,7.317073171,17.5,na,9.375,4.624277457,4.861111111,na,0,10,9.230769231,na,4.081632653,5.882352941,4.545454545,na,6,17.34693878,0,11.36363636,13.7254902,4.444444444,9.210526316,5.339805825,7.079646018,18.43317972,17.39130435,9.090909091,4.12371134,na,10.41666667,2.525252525,na,na,28.81355932,12.12121212,6.582278481,10.71428571,10.44776119,9.375,4.545454545,na,10.34482759,4.545454545
Education & Learning,Child School Readiness (EDI),% of children vulnerable in emotional maturity,2017/2018,"The Early Development Instrument (EDI) refers to an early child development questionnaire which assesses the degree to which a child is ready to learn at school and predicts how well they will do in school. The test is completed by kindergarden teachers for all children in their classes about 5 months into the school year. The EDI measures five core areas of early child development that are good predictors of adult health, education and social outcomes: 1) Physical health and well-being; 2) Social competence; 3) Emotional maturity; 4) Language and cognitive development; and 5) Communication skills and general knowledge.",Parent Resource Centre,na,12.30769231,na,13.51351351,28.20512821,16.92307692,8.333333333,11.74496644,3.846153846,na,16.49484536,5.263157895,7.692307692,10.84337349,2.857142857,6.329113924,4.054054054,16.12903226,15.90909091,8.474576271,21.97802198,6.382978723,9.230769231,15.2173913,18.18181818,15.49295775,na,11.70212766,13.04347826,14.75409836,na,11.40350877,0,8.928571429,8.943089431,10.95890411,na,4.615384615,11.42857143,na,9.459459459,8.571428571,4.054054054,na,16.66666667,7.547169811,15.68627451,20,5.333333333,14.28571429,21.42857143,8.163265306,10,12.94117647,14.0625,11.47540984,6.451612903,9.090909091,13.33333333,17.14285714,12.27272727,16.66666667,7.586206897,15.38461538,8.333333333,22.47191011,10.20408163,10.16042781,9.77443609,2.43902439,10,na,9.375,8.092485549,4.166666667,na,1.086956522,10,8.461538462,na,18.36734694,13.7254902,10.90909091,na,11,13.7755102,5.714285714,18.18181818,5.882352941,17.77777778,7.894736842,6.310679612,8.849557522,13.3640553,17.39130435,12.12121212,11.34020619,na,11.80555556,6.060606061,na,na,20.33898305,6.060606061,8.860759494,13.92857143,16.41791045,15.625,0,na,11.49425287,15.45454545
Education & Learning,Child School Readiness (EDI),% of children vulnerable in language and cognitive development,2017/2018,"The Early Development Instrument (EDI) refers to an early child development questionnaire which assesses the degree to which a child is ready to learn at school and predicts how well they will do in school. The test is completed by kindergarden teachers for all children in their classes about 5 months into the school year. The EDI measures five core areas of early child development that are good predictors of adult health, education and social outcomes: 1) Physical health and well-being; 2) Social competence; 3) Emotional maturity; 4) Language and cognitive development; and 5) Communication skills and general knowledge.",Parent Resource Centre,na,13.84615385,na,8.108108108,15.38461538,3.076923077,6.25,5.033557047,9.615384615,na,18.55670103,5.263157895,11.53846154,0,2.857142857,5.063291139,6.756756757,0,2.272727273,11.86440678,13.18681319,10.63829787,12.30769231,13.04347826,17.17171717,8.450704225,na,14.89361702,13.04347826,1.639344262,na,7.894736842,4,5.357142857,4.87804878,2.739726027,na,3.846153846,8.571428571,na,2.702702703,8.571428571,4.054054054,na,9.722222222,3.773584906,5.882352941,2.857142857,14.66666667,5.714285714,14.28571429,2.040816327,15,10.58823529,14.84375,3.278688525,8.602150538,6.060606061,0,8.571428571,5.909090909,10,4.827586207,7.692307692,11.11111111,10.11235955,6.12244898,6.417112299,7.518796992,14.63414634,20,na,5.208333333,5.202312139,7.638888889,na,1.086956522,8.125,7.692307692,na,4.081632653,4.575163399,5.454545455,na,4,14.79591837,8.571428571,11.36363636,11.76470588,6.666666667,8.223684211,1.941747573,7.079646018,17.05069124,13.04347826,8.26446281,1.030927835,na,5.555555556,3.03030303,na,na,25.42372881,15.15151515,4.810126582,9.285714286,13.43283582,6.25,2.272727273,na,11.49425287,1.818181818
Education & Learning,Child School Readiness (EDI),% of children vulnerable in physical health and well-being,2017/2018,"The Early Development Instrument (EDI) refers to an early child development questionnaire which assesses the degree to which a child is ready to learn at school and predicts how well they will do in school. The test is completed by kindergarden teachers for all children in their classes about 5 months into the school year. The EDI measures five core areas of early child development that are good predictors of adult health, education and social outcomes: 1) Physical health and well-being; 2) Social competence; 3) Emotional maturity; 4) Language and cognitive development; and 5) Communication skills and general knowledge.",Parent Resource Centre,na,13.84615385,na,21.62162162,23.07692308,24.61538462,12.5,12.75167785,23.07692308,na,38.1443299,7.01754386,15.38461538,13.25301205,11.42857143,5.063291139,9.459459459,22.58064516,13.63636364,20.33898305,32.96703297,27.65957447,9.230769231,6.52173913,23.23232323,14.08450704,na,17.0212766,19.56521739,29.50819672,na,15.78947368,0,10.71428571,7.317073171,6.849315068,na,1.538461538,8.571428571,na,6.756756757,14.28571429,14.86486486,na,16.66666667,7.547169811,25.49019608,25.71428571,17.33333333,22.85714286,11.9047619,12.24489796,8.333333333,22.35294118,17.96875,18.03278689,18.27956989,7.575757576,13.33333333,20,13.18181818,13.33333333,12.4137931,19.23076923,16.66666667,19.1011236,12.24489796,16.57754011,6.766917293,9.756097561,17.5,na,10.41666667,4.624277457,12.5,na,7.608695652,13.75,15.38461538,na,18.36734694,13.7254902,10.90909091,na,10,22.44897959,14.28571429,13.63636364,13.7254902,13.33333333,11.18421053,11.16504854,7.96460177,19.8156682,28.26086957,11.84573003,9.278350515,na,7.638888889,5.555555556,na,na,32.20338983,15.15151515,10.63291139,9.285714286,19.40298507,15.625,18.18181818,na,14.94252874,17.27272727
Education & Learning,Child School Readiness (EDI),% of children vulnerable in social competence,2017/2018,"The Early Development Instrument (EDI) refers to an early child development questionnaire which assesses the degree to which a child is ready to learn at school and predicts how well they will do in school. The test is completed by kindergarden teachers for all children in their classes about 5 months into the school year. The EDI measures five core areas of early child development that are good predictors of adult health, education and social outcomes: 1) Physical health and well-being; 2) Social competence; 3) Emotional maturity; 4) Language and cognitive development; and 5) Communication skills and general knowledge.",Parent Resource Centre,na,12.30769231,na,8.108108108,15.38461538,9.230769231,4.166666667,8.053691275,15.38461538,na,17.5257732,5.263157895,6.41025641,7.228915663,5.714285714,6.329113924,6.756756757,9.677419355,6.818181818,16.94915254,16.48351648,6.382978723,7.692307692,13.04347826,16.16161616,12.67605634,na,12.76595745,17.39130435,11.47540984,na,10.52631579,4,1.785714286,6.504065041,4.109589041,na,3.076923077,8.571428571,na,1.351351351,7.142857143,4.054054054,na,11.11111111,5.660377358,9.803921569,17.14285714,6.666666667,11.42857143,16.66666667,10.20408163,6.666666667,10.58823529,7.8125,6.557377049,5.376344086,10.60606061,8.333333333,22.85714286,10.45454545,10,5.517241379,11.53846154,5.555555556,16.85393258,7.142857143,6.951871658,5.263157895,0,12.5,na,7.291666667,4.046242775,4.166666667,na,2.173913043,9.375,4.615384615,na,18.36734694,6.535947712,8.181818182,na,14,13.26530612,0,9.090909091,9.803921569,11.11111111,6.578947368,3.398058252,4.424778761,11.98156682,8.695652174,7.713498623,6.18556701,na,13.19444444,6.060606061,na,na,16.94915254,6.060606061,11.13924051,10,11.94029851,12.5,2.272727273,na,4.597701149,4.545454545
Education & Learning,Child School Readiness (EDI),% children who reported French as a first language spoken,2017/2018,"The Early Development Instrument (EDI) refers to an early child development questionnaire which assesses the degree to which a child is ready to learn at school and predicts how well they will do in school. The test is completed by kindergarden teachers for all children in their classes about 5 months into the school year. The EDI measures five core areas of early child development that are good predictors of adult health, education and social outcomes: 1) Physical health and well-being; 2) Social competence; 3) Emotional maturity; 4) Language and cognitive development; and 5) Communication skills and general knowledge.",Parent Resource Centre,NA,33.84615385,NA,13.51351351,12.82051282,16.92307692,6.25,15.43624161,17.30769231,NA,22.68041237,7.01754386,23.07692308,12.04819277,2.857142857,6.329113924,10.81081081,12.90322581,9.090909091,28.81355932,9.89010989,10.63829787,12.30769231,19.56521739,10.1010101,19.71830986,NA,15.95744681,26.08695652,11.47540984,NA,13.15789474,12,8.928571429,11.38211382,6.849315068,NA,58.46153846,28.57142857,NA,5.405405405,25.71428571,20.27027027,NA,26.38888889,11.32075472,13.7254902,2.857142857,28,17.14285714,2.380952381,6.12244898,14.16666667,7.058823529,12.5,9.836065574,24.7311828,28.78787879,18.33333333,8.571428571,10,30,42.06896552,15.38461538,8.333333333,40.4494382,45.91836735,14.43850267,35.33834586,60.97560976,15,NA,16.66666667,37.57225434,16.66666667,NA,16.30434783,13.125,14.61538462,NA,20.40816327,5.22875817,8.181818182,NA,6,14.28571429,11.42857143,38.63636364,37.25490196,46.66666667,13.81578947,8.252427184,43.36283186,30.87557604,6.52173913,40.77134986,32.98969072,NA,16.66666667,16.66666667,NA,NA,18.6440678,24.24242424,9.620253165,15.35714286,55.2238806,46.875,52.27272727,NA,17.24137931,5.454545455
Education & Learning,Child School Readiness (EDI),% children who speak a non official language,2017/2018,"The Early Development Instrument (EDI) refers to an early child development questionnaire which assesses the degree to which a child is ready to learn at school and predicts how well they will do in school. The test is completed by kindergarden teachers for all children in their classes about 5 months into the school year. The EDI measures five core areas of early child development that are good predictors of adult health, education and social outcomes: 1) Physical health and well-being; 2) Social competence; 3) Emotional maturity; 4) Language and cognitive development; and 5) Communication skills and general knowledge.",Parent Resource Centre,NA,24.61538462,NA,2.702702703,17.94871795,16.92307692,20.83333333,20.46979866,40.38461538,NA,35.05154639,43.85964912,24.35897436,37.34939759,5.714285714,5.063291139,20.27027027,6.451612903,11.36363636,54.23728814,47.25274725,51.06382979,20,26.08695652,31.31313131,39.43661972,NA,37.23404255,23.91304348,3.278688525,NA,8.771929825,8,3.571428571,1.62601626,4.109589041,NA,15.38461538,5.714285714,NA,1.351351351,14.28571429,10.81081081,NA,34.72222222,15.09433962,23.52941176,45.71428571,30.66666667,42.85714286,21.42857143,14.28571429,33.33333333,34.11764706,69.53125,29.50819672,12.90322581,12.12121212,23.33333333,40,34.54545455,36.66666667,11.72413793,23.07692308,22.22222222,33.70786517,19.3877551,45.45454545,9.022556391,4.87804878,45,NA,17.70833333,6.358381503,31.94444444,NA,15.2173913,17.5,5.384615385,NA,26.53061224,53.59477124,17.27272727,NA,18,59.69387755,37.14285714,22.72727273,45.09803922,15.55555556,31.25,13.59223301,13.27433628,36.40552995,76.08695652,20.11019284,10.30927835,NA,32.63888889,20.2020202,NA,NA,45.76271186,39.39393939,9.873417722,30.35714286,19.40298507,40.625,0,NA,40.22988506,16.36363636
Education & Learning,Child School Readiness (EDI),% children who are in French Immersion,2017/2018,"The Early Development Instrument (EDI) refers to an early child development questionnaire which assesses the degree to which a child is ready to learn at school and predicts how well they will do in school. The test is completed by kindergarden teachers for all children in their classes about 5 months into the school year. The EDI measures five core areas of early child development that are good predictors of adult health, education and social outcomes: 1) Physical health and well-being; 2) Social competence; 3) Emotional maturity; 4) Language and cognitive development; and 5) Communication skills and general knowledge.",Parent Resource Centre,NA,32.30769231,NA,5.405405405,0,30.76923077,37.5,37.91946309,17.30769231,NA,20.6185567,22.80701754,15.38461538,27.71084337,22.85714286,27.84810127,56.75675676,9.677419355,6.818181818,23.72881356,40.65934066,42.55319149,16.92307692,30.43478261,30.3030303,50.70422535,NA,31.91489362,45.65217391,24.59016393,NA,38.59649123,56,26.78571429,17.88617886,36.98630137,NA,14.61538462,31.42857143,NA,28.37837838,20,2.702702703,NA,48.61111111,18.86792453,39.21568627,20,22.66666667,34.28571429,52.38095238,24.48979592,21.66666667,5.882352941,17.96875,47.54098361,17.20430108,19.6969697,41.66666667,2.857142857,9.090909091,13.33333333,28.27586207,21.15384615,27.77777778,25.84269663,15.30612245,18.71657754,27.81954887,12.19512195,32.5,NA,27.08333333,36.99421965,29.16666667,NA,59.7826087,36.25,27.69230769,NA,22.44897959,20.26143791,30.90909091,NA,27,20.91836735,2.857142857,4.545454545,37.25490196,17.77777778,18.09210526,31.06796117,29.20353982,29.49308756,21.73913043,27.82369146,23.71134021,NA,32.63888889,50.50505051,NA,NA,10.16949153,27.27272727,29.87341772,37.14285714,11.94029851,21.875,15.90909091,NA,37.93103448,30
Health & Wellness,Dentists,Avg. distance to nearest 3 dental clinics (km),19-Sep,Dentist refers to an individual dentist operating in the City of Ottawa and surrounding areas.,Royal College of Dental Surgeons of Ontario,1.960521827,0.776567972,1.36758336,0.967896899,1.453986572,0.964280492,1.745707574,1.832847373,0.91104797,0.970264464,0.953594494,0.618512112,0.372028889,0.786096421,20.70716281,10.75638224,0.857808669,2.125817411,10.22011445,0.811043239,1.215783313,0.922809593,0.809177999,1.932249439,1.148891708,2.014541507,0.934662702,1.454203151,1.397301171,0.727361079,0.887589101,3.553150748,2.456786083,10.08559993,12.66669133,11.49796221,1.172162857,2.57471658,1.851465153,1.118336382,13.69310334,1.18039779,0.817070109,14.02764306,1.284398405,1.269606596,2.101282039,2.067954026,1.338682219,1.010782194,0.983883597,1.267210188,1.063783625,0.895621058,0.953859943,0.930481105,0.716285257,0.982813974,1.054562132,1.20734954,1.026354864,0.658457719,1.575602382,0.787609917,6.91129368,1.479895921,1.184505487,1.000082509,0.985671865,7.419213974,0.998538171,10.57318946,1.100232635,1.258742429,3.146442557,17.10486547,0.549013324,1.102919954,3.539546091,3.437942952,1.500279915,1.50366758,0.792946526,15.30330447,0.768477199,0.938874571,0.770270957,0.529516082,0.920642791,6.020269856,1.029924219,1.428766603,0.958660526,1.041165877,1.244100489,1.67049571,0.956062291,4.717571949,1.367252205,1.662090277,0.743596225,1.347958057,0.68151008,0.805676486,1.302676597,2.854359215,0.653277393,0.829617036,12.79759488,0.68732434,0.770214118,0.725573023
Health & Wellness,Dentists,Number of dental clinics,19-Sep,Dentist refers to an individual dentist operating in the City of Ottawa and surrounding areas.,Royal College of Dental Surgeons of Ontario,396,8,0,8,0,3,0,1,3,2,1,7,48,20,0,0,10,1,2,1,1,0,4,0,2,1,3,1,0,1,0,5,1,0,0,0,0,3,0,2,0,1,1,0,1,0,0,0,2,7,3,1,2,2,2,2,21,3,2,1,11,1,1,11,2,1,1,6,9,0,12,0,1,2,2,0,7,6,3,1,3,7,11,0,3,3,0,2,4,1,7,6,5,6,0,8,7,2,0,3,5,0,7,5,16,1,5,1,0,2,4,5
Health & Wellness,Dentists,Number of dental clinics (with 50m buffer) per 1000 people,19-Sep,Dentist refers to an individual dentist operating in the City of Ottawa and surrounding areas.,Royal College of Dental Surgeons of Ontario,na,1.239669421,NA,1.746724891,0,0.443131462,0,0.041254125,0.626468285,NA,1.018329939,1.004304161,1.715204574,1.923076923,0,0,1.850780798,0.260756193,0.338983051,0.356506239,0.093896714,0,0.408997955,0,0.190385531,0.113378685,3.636363636,0.239091452,0,0.520833333,0,0.548546352,0.336700337,0,0,0,NA,0.298359025,0,11.76470588,0,0.136054422,0.161030596,0,0.162999185,0,0,0,0.388161087,1.891252955,0.634920635,0.408997955,0.261894369,0.608642727,0.325732899,0.305810398,1.660735469,0.370141888,0.275292498,0.156862745,0.760215394,0.391006843,0.088300221,1.32231405,0.450788881,0.089485459,0.188590288,0.582362729,0.87926953,0,6.798866856,0,0.085947572,0.159574468,0.228963938,0,0.710059172,0.541027953,0.304878049,0.613496933,0.496688742,0.424886191,1.055408971,0,0.826446281,0.444938821,0.610997963,0.322320709,0.571837026,0.241254524,0.316393118,0.33379694,0.964320154,0.417754569,0,0.347297591,0.571895425,0.530856005,0.0691085,0.213980029,0.825763832,0.5,0.696864111,1.447527141,0.541487498,0.120336943,0.484496124,0.611620795,0,11.76470588,0.422832981,0.524475524
Health & Wellness,Dentists,% residents within 15 min walking distance,19-Sep,Dentist refers to an individual dentist operating in the City of Ottawa and surrounding areas.,Royal College of Dental Surgeons of Ontario,74.16658032,100,100,73.54851807,56.2126093,86.01378097,44.12639405,52.18852459,96.6067555,100,100,100,100,100,0,0,91.45346889,40.5727247,1.88859214,73.73423506,96.63555037,100,100,32.71097834,94.40847557,65.07419943,94.6754194,90.57231334,47.34128263,100,100,22.42712671,4.019073569,0,0,0,100,24.93209158,27.67732962,100,0,92.87433155,100,0,93.23405633,57.47357826,5.771842463,0,58.55548381,83.08677412,94.23807514,85.27983644,91.62725085,98.08795411,100,100,92.26051855,89.45757316,86.81177977,83.85220126,85.84952978,100,81.90509299,99.68746632,14.1004415,50.39017975,89.93751149,87.78280543,95.46810627,0,96.99535646,0,68.05034815,90.67669173,43.26142426,0,100,86.59282233,22.70204823,0.107712193,63.87575962,44.27129978,100,0,100,92.02499628,97.9011639,100,100,12.64975335,99.21841416,68.22842898,99.18247881,88.52838338,36.19071773,44.10258755,87.84719521,34.332211,76.70028818,88.81692573,100,54.65838509,95.77020202,97.52834046,59.3695502,0,100,100,0,100,100,100
Health & Wellness,Dentists,Number of dentists,19-Sep,Dentist refers to an individual dentist operating in the City of Ottawa and surrounding areas.,Royal College of Dental Surgeons of Ontario,662,11,0,13,0,5,0,3,3,4,1,9,81,32,0,0,19,1,4,4,3,0,11,0,2,2,3,1,0,1,0,9,1,0,0,0,0,3,0,3,0,3,2,0,1,0,0,0,5,14,8,2,2,3,3,3,37,6,2,3,13,1,2,18,4,2,1,13,13,0,17,0,3,2,4,0,13,10,5,1,5,16,17,0,9,4,0,5,4,1,10,10,7,12,0,14,13,2,0,4,11,0,19,6,21,1,7,1,0,6,6,6
Health & Wellness,Dentists,Number of dentists (with 50m buffer) per 1000 people,19-Sep,Dentist refers to an individual dentist operating in the City of Ottawa and surrounding areas.,Royal College of Dental Surgeons of Ontario,na,1.790633609,NA,2.838427948,0,0.738552437,0,0.123762376,0.626468285,NA,1.323828921,1.291248207,2.894407718,3.113553114,0,0,3.123192597,0.260756193,0.677966102,0.891265597,0.281690141,0,1.124744376,0,0.190385531,0.22675737,3.636363636,0.478182905,0,0.694444444,0,0.987383434,0.336700337,0,0,0,NA,0.298359025,0,17.64705882,0,0.408163265,0.322061192,0,0.162999185,0,0,0,0.776322174,4.255319149,1.693121693,0.81799591,0.261894369,1.339013999,0.434310532,0.458715596,2.92605773,0.740283775,0.275292498,0.470588235,1.013620526,0.391006843,0.176600442,2.093663912,0.751314801,0.178970917,0.188590288,1.164725458,1.487994589,0,9.631728045,0,0.257842716,0.212765957,0.457927876,0,1.893491124,0.901713255,0.508130081,0.613496933,0.82781457,0.971168437,1.583113456,0,1.652892562,0.519095291,1.018329939,0.805801773,0.571837026,0.241254524,0.435040538,0.556328234,1.446480231,0.731070496,0,0.607770784,1.062091503,0.530856005,0.138217001,0.285306705,1.816680429,1,1.742160279,1.930036188,0.700748527,0.120336943,0.678294574,0.611620795,0,27.45098039,0.634249471,0.611888112
Basic Needs & Standard of Living,Household Tenure,% Owner households,2016,"Owner household refers to a private household where some member of the household owns the dwelling, even if it is still being paid for.","Statistics Canada Census of Population; Ottawa Community Data Consortium, Community Data Program of the Canadian Council on Social Development",65.67671336,69.03633491,na,86.47959184,73.93767705,64.18685121,70.19438445,89.3373494,49.48275862,na,34.43708609,77.60910816,22.56564551,67.86817714,90.32258065,97.18875502,66.37426901,84.02555911,93.65853659,41.50943396,74.41558442,36.94158076,33.9301701,44.93670886,60.2244389,74.52991453,72.15189873,79.69283276,50,76.93965517,41.7721519,92.07772795,92.41071429,88.54166667,93.82239382,90.95744681,na,90.86826347,86.24641834,52.94117647,90.8616188,48.61313869,73.60824742,92.5170068,68.27133479,69.9410609,67.81609195,55.75,83.70646766,78.04154303,64.19098143,81.55844156,48.52071006,62.31404959,21.47058824,73.48066298,61.41304348,74.76190476,72.27564103,29.40340909,87.67676768,32.68945022,91.46666667,60.94091904,91.88034188,53.2642487,79.4344473,79.89487516,83.69565217,91.58249158,62.74509804,82.45614035,60.11846002,92.96097934,91.72932331,93.6802974,52.7027027,86.35824437,95.81464873,71.79487179,88.21218075,78.98305085,82.43398393,94.28571429,59.5890411,25.33589251,53.89344262,13.13559322,48.21428571,83.33333333,85.74836017,91.67321288,90.07832898,38.96028037,15.90413943,88.35705045,89.56158664,89.60573477,85.5626327,92.90187891,22.59615385,88.57142857,25.33438238,69.27710843,92.48740266,90.12681159,36.05683837,28.21576763,87.69230769,5.714285714,28.9648623,48.53700516
Basic Needs & Standard of Living,Household Tenure,% Renter households,2016,Renter household refers to private households where no member of the household owns their dwelling. The dwelling is considered to be rented even if no cash rent is paid.,"Statistics Canada Census of Population; Ottawa Community Data Consortium, Community Data Program of the Canadian Council on Social Development",34.32328664,30.96366509,na,13.26530612,25.77903683,35.81314879,29.80561555,10.6626506,50.51724138,na,65.56291391,22.39089184,77.43435449,32.23480947,9.139784946,2.409638554,33.77192982,15.97444089,6.341463415,58.49056604,25.45454545,62.88659794,66.0698299,55.06329114,39.7755611,25.47008547,29.11392405,20.30716724,50,23.06034483,58.2278481,8.071748879,7.589285714,11.45833333,6.177606178,9.042553191,na,9.131736527,13.46704871,47.05882353,8.877284595,51.24087591,26.39175258,7.482993197,31.94748359,29.86247544,32.47126437,44.5,16.16915423,21.66172107,35.54376658,18.44155844,51.47928994,37.68595041,78.52941176,26.51933702,38.58695652,25.07936508,27.72435897,70.59659091,12.22222222,67.45913819,8.4,39.05908096,8.333333333,46.7357513,20.5655527,19.97371879,16.38795987,8.417508418,37.25490196,17.19298246,39.88153998,6.962509564,8.270676692,6.319702602,47.21283784,13.7603796,4.035874439,27.35042735,11.78781925,21.10169492,17.56601607,5.714285714,40.4109589,74.76007678,46.10655738,86.86440678,51.64835165,16.99346405,14.31127013,8.326787117,9.921671018,60.98130841,84.31372549,11.64294955,10.43841336,10.39426523,14.54352442,7.098121086,77.40384615,12.14285714,74.66561762,31.02409639,7.512597343,9.873188406,63.94316163,71.78423237,12.82051282,97.14285714,71.0351377,51.46299484
Basic Needs & Standard of Living,Core Housing Need,% Unsuitable housing,2016,"Housing suitability refers to whether a private household is living in suitable accommodations according to the National Occupancy Standard (NOS); that is, whether the dwelling has enough bedrooms for the size and composition of the household. Reported for private households.","Statistics Canada Census of Population; Ottawa Community Data Consortium, Community Data Program of the Canadian Council on Social Development",4.648767241,5.529225908,na,2.551020408,4.815864023,4.490500864,3.663793103,2.108433735,6.206896552,na,8.839779006,4.933586338,4.184901532,4.423868313,2.688172043,1.606425703,5.263157895,1.916932907,2.189781022,14.62264151,8.311688312,10.13745704,3.401969561,4.430379747,8.094645081,9.075342466,3.797468354,5.460750853,7.514450867,2.365591398,7.5,0.895522388,1.339285714,2.083333333,2.307692308,0.531914894,na,3.592814371,2.586206897,0,2.356020942,8.040935673,2.066115702,2.040816327,5.032822757,4.322200393,3.735632184,4.75,3.735990037,3.857566766,5.053191489,2.077922078,7.502467917,4.462809917,20.29411765,2.394106814,5.344202899,3.174603175,2.724358974,5.255681818,4.444444444,3.709198813,2.403204272,2.735229759,1.492537313,4.766839378,3.979460847,6.447368421,2.422723475,1.683501684,1.960784314,3.50877193,5.034550839,2.679938744,5.45112782,2.602230483,3.800675676,3.440094899,1.940298507,5.128205128,1.964636542,1.524132091,2.181400689,2.857142857,3.082191781,18.23416507,2.049180328,6.506364922,5.914718019,2.287581699,5.184743743,2.278083268,2.745098039,8.878504673,15.2173913,4.398447607,2.606882169,1.075268817,3.715498938,2.192066806,10.91492777,0,6.446540881,3.915662651,1.328447091,2.083333333,5.506216696,7.192254495,0,5.555555556,5.508072175,3.098106713
Basic Needs & Standard of Living,Core Housing Need,% Major repairs needed,2016,"The 'major repairs needed' category includes dwellings needing major repairs such as dwellings with defective plumbing or electrical wiring, and dwellings needing structural repairs to walls, floors or ceilings.","Statistics Canada Census of Population; Ottawa Community Data Consortium, Community Data Program of the Canadian Council on Social Development",5.34567637,5.055292259,na,6.37755102,4.261363636,5.017301038,6.695464363,2.048192771,6.034482759,na,11.71270718,1.518026565,7.248358862,5.046343975,9.677419355,5.220883534,5.701754386,4.153354633,5.352798054,3.537735849,4.415584416,9.278350515,7.520143241,8.860759494,5.236907731,3.595890411,0,4.266211604,6.177606178,7.327586207,7.594936709,5.381165919,3.125,4.947916667,4.615384615,5.585106383,na,2.095808383,3.724928367,0,4.97382199,4.817518248,7.010309278,8.163265306,7.205240175,5.118110236,5.444126074,8.25,3.731343284,2.380952381,3.713527851,5.714285714,8.588351431,5.794701987,5.588235294,4.788213628,6.612318841,6.19047619,4.8,10.51136364,2.02020202,5.637982196,2.403204272,7.768052516,4.914529915,9.119170984,2.6957638,0.789473684,3.425229741,7.744107744,7.843137255,9.154929577,6.614017769,2.756508423,0.939849624,6.319702602,6.672297297,3.914590747,4.484304933,5.982905983,3.339882122,1.693480102,2.873563218,6.428571429,5.707762557,7.780979827,6.776180698,10.31073446,10.02747253,5.555555556,2.562574493,2.906520031,4.308093995,11.09813084,4.782608696,0.84087969,3.649635036,4.301075269,2.123142251,1.14822547,6.730769231,7.142857143,7.075471698,3.313253012,1.923076923,0.452898551,11.01243339,12.17150761,6.666666667,5.714285714,8.262108262,7.487091222
Basic Needs & Standard of Living,Core Housing Need,% Unaffordable housing (all households),2016,Affordable housing  has shelter costs equal to less than 30% of total before-tax household income.,"Statistics Canada Census of Population; Ottawa Community Data Consortium, Community Data Program of the Canadian Council on Social Development",23.79533835,27.34499205,na,19.64285714,25.28409091,24.74048443,18.96551724,13.20072333,33.16062176,na,31.71270718,17.33333333,34.55640745,23.17198764,16.21621622,11.98347107,25.29239766,18.84984026,15.38461538,40.33018868,23.17708333,31.09965636,31.98924731,9.493670886,27.30673317,20.68376068,31.64556962,25.89437819,26.97495183,15.94827586,23.75,14.82035928,11.60714286,18.27956989,9.960159363,15.70247934,na,15.14242879,15.85014409,NA,12.73712737,34.64912281,19.04761905,25.73529412,24.07002188,22.04724409,24.35530086,28.75,16.06475716,24.92581602,24.46808511,16.62337662,26.55478776,21.48760331,38.82352941,23.06273063,27.01722575,16.85214626,20.96,36.13086771,14.94949495,35.71428571,13.75166889,27.57111597,12.88888889,24.14507772,14.76251605,25.36136662,17.8780284,13.05841924,28.92156863,19.63636364,24.70355731,12.94027565,22.22222222,17.82945736,25.74089754,14.37054632,13.49325337,19.29824561,14.73477407,19.40677966,17.47126437,16.8,25.14285714,41.63461538,26.07802875,35.92644979,29.80769231,16.72354949,18.11680572,14.61115475,11.74934726,31.85271771,54.48577681,17.52910737,14.19624217,15.49815498,15.60509554,15.11991658,44.19354839,15,42.04724409,24.09638554,13.17117944,17.16621253,34.87544484,45.36652835,20.3125,NA,39.6011396,27.90697674
Basic Needs & Standard of Living,Core Housing Need,% Unaffordable housing (tenant households),2016,Affordable housing  has shelter costs equal to less than 30% of total before-tax household income.,"Statistics Canada Census of Population; Ottawa Community Data Consortium, Community Data Program of the Canadian Council on Social Development",42.3,39.9,na,47.2,42.9,51.7,34.8,33.3,46.2,na,39.6,44.9,37.7,40.7,33.3,0,50.4,42,48.1,52,38.5,39.3,37.7,0,41.9,35.8,54.5,46.7,41.7,33.6,30.4,46.2,41.2,54.5,31.2,38.2,na,32.8,35.4,NA,40,56.3,40.9,36.4,34.9,48.3,40.7,44.6,42.7,36.5,40.3,39.4,35.2,39.5,43.2,45.8,49.9,36.3,44.3,44.5,35.5,42.3,42.2,45.9,35.1,38.4,35,42.1,44.4,28,43.4,36.7,44.2,36.3,48.8,38.9,40,29.3,53.6,40,32.2,50,39.9,0,43.8,45.6,39.1,39,39.5,29.4,36,40,25,40.7,56.1,36.7,48.5,43.9,36,45.6,53.3,37.5,48.6,48,38.4,38.2,43.3,55.1,58.3,NA,46.8,41.9
Basic Needs & Standard of Living,Core Housing Need,% Tenants in subsidized housing,2016,"Subsidized housing refers to whether a renter household lives in a dwelling that is subsidized. Subsidized housing includes rent geared to income, social housing, public housing, government-assisted housing, non-profit housing, rent supplements and housing allowances. Reported for renter households in non-farm private dwellings.","Statistics Canada Census of Population; Ottawa Community Data Consortium, Community Data Program of the Canadian Council on Social Development",15.9,5.6,na,0,23.9,3.4,0,14.1,13,na,35.2,25.4,13.6,2.2,0,0,1.7,0,0,8.5,36,28.9,17.8,34.5,25,52.3,0,14.2,11.2,2.8,10.9,0,0,29.5,0,9.1,na,0,0,0,22.9,1.4,10.9,0,8.9,4.6,38.9,3.4,0,12.3,0,0,19.5,8.8,9,15.3,24.6,12,27.7,17.5,10.7,11.5,0,14.3,10.8,30.6,10,0,9.2,0,45.3,0,11.1,6.6,0,0,3.2,16.5,0,0,11.7,1.2,10.5,0,3.4,33.9,3.1,42.7,23.3,7.8,7.9,7.5,6.6,28.6,5.4,0,7.9,8.9,0,0,8.9,0,15.5,2.9,6.7,0,12.1,20.4,0,11.8,24.6,23.6
Basic Needs & Standard of Living,Core Housing Need,Median monthly rent cost ($),2016,"Rent cost includes, where applicable, the rent and the costs of electricity, heat, water and other municipal services. Reported for renter households in non-farm private dwellings.","Statistics Canada Census of Population; Ottawa Community Data Consortium, Community Data Program of the Canadian Council on Social Development",1112,1147,na,1346,1293,1106,1349,1655,1003,na,882,1419,1089,1148,1152,0,1277,1437,1253,1195,1177,981,1022,1086,1026,1175,1723,1359,1073,1294,1407,1166,1695,1001,1377,1277,na,1511,1582,1443,908,1163,1353,1302,1352,1102,1162,1073,1359,1345,1417,1134,979,1367,1207,1413,1023,1204,1079,1034,1701,1133,1535,1085,1062,1080,1606,1645,1286,1158,864,1297,1112,1541,1519,1206,1154,1398,1303,1483,1541,1842,1331,883,1098,1022,1221,910,1047,928,1572,1448,1436,993,1168,1607,1254,1019,1558,1763,1092,1364,1055,1233,1559,1605,949,912,1147,1024,950,1090
Community & Belonging,Housing Mobility,% Moved in the last year,2016,"Mobility status refers to the status of a person with regard to the place of residence on the reference day (May 10, 2016) in relation to the place of residence on the same date 1 year or 5 years earlier.","Statistics Canada Census of Population; Ottawa Community Data Consortium, Community Data Program of the Canadian Council on Social Development",13.53647317,14.9368864,na,8.800880088,11.54791155,14.37081162,12.91585127,12.12690461,16.52242329,na,13.96070321,11.07892831,27.75979863,13.34872979,7.692307692,4.683195592,15.89057043,10.35386632,7.574468085,18.36183618,12.06650831,13.94817073,22.53739041,21.10552764,12.95137217,7.286288009,11.80124224,10.45317221,16.10680448,10.87719298,32.47863248,6.446280992,7.106598985,5.888030888,7.692307692,2.61374637,na,13.59077232,8.795180723,29.41176471,6.03204524,21.64383562,14.13484972,8,13.94389439,9.41475827,14.97641509,17.40614334,9.579667644,9.677419355,13.88888889,12.60330579,15.02202643,14.20664207,20.73707371,13.60123648,13.89776358,11.20099564,9.85426787,13.48580442,9.111324992,26.18110236,11.38901295,12.77068295,9.545454545,14.44092349,11.28034269,14.88823281,9.900990099,9.210526316,16.76136364,8.380681818,14.05639913,7.783145464,13.52292513,7.620528771,17.25505752,11.22308749,6.799591002,7.430340557,9.242298085,12.80487805,8.751665926,7.25388601,11.49843913,20.03006389,15.02057613,19.15240424,15.78566256,8.948004837,11.60464186,10.44357103,9.683698297,18.37866385,29.48960302,12.28031634,8.649093904,5.484949833,8.310055866,10.50344078,25.66666667,12.25,31.53034301,14.73812424,11.76281018,14.73555488,22.42899119,20.32457496,4.940711462,11.76470588,22.1097496,14.51969898
Community & Belonging,Housing Mobility,% Moved in the last 5 years,2016,"Mobility status refers to the status of a person with regard to the place of residence on the reference day (May 10, 2016) in relation to the place of residence on the same date 1 year or 5 years earlier.","Statistics Canada Census of Population; Ottawa Community Data Consortium, Community Data Program of the Canadian Council on Social Development",39.63669245,33.69723435,na,29.19954904,36.31647211,37.05426357,39.19753086,37.29598588,43.33333333,na,42.65428727,30.56179775,64.44891245,36.97115385,23.88758782,22.02898551,40.34876729,30.81081081,23.87665198,50.99337748,34.08295852,42.66347687,54.52099031,51.17493473,39.47234906,29.34202727,47.77070064,33.07888041,44.71326165,32.72058824,72.17391304,25.68181818,21.96836555,25.02522704,24.05797101,21.19675456,na,41.92,34.20724095,48.48484848,21.38613861,50.35410765,37.87234043,20.55555556,39.38091144,31.27208481,32.91770574,41.39976275,32.89672544,34.08521303,38.67403315,32.53796095,40.46082949,39.20308483,55.9391457,36.74939952,36.16312942,32.50652742,31.92857143,44.07467532,34.93150685,58.85885886,34.25047438,38.60252005,28.22327044,37.64150943,33.72898121,52.95186194,30.52407932,24.12935323,43.2748538,24.63556851,37.04039946,27.08974001,57.98107256,19.93620415,43.33470904,39.88298391,30.04314995,31.29032258,28.30188679,43.34818587,28.67715079,19.56521739,36.65768194,53.51718625,44.8608137,50.50590219,45.29012811,24.53066333,40.20163831,32.27044582,25.60240964,46.95964621,71.69811321,50.14124294,26.60119556,23.0125523,28.49364791,42.76875483,60.41131105,33.92405063,62.47747748,35.44303797,37.28181664,56.87891785,52.55102041,49.96015936,26.02459016,44.89795918,55.8677686,44.37760296
Community & Belonging,Age of dwellings,% Built in the 50's or earlier,2016,Age of dwellings refers to the period in time during which the building or dwelling was originally constructed.,"Statistics Canada Census of Population; Ottawa Community Data Consortium, Community Data Program of the Canadian Council on Social Development",17.59441345,17.69352291,na,19.89795918,1.983002833,49.56822107,3.239740821,0.120481928,12.24137931,na,46.46799117,0.569259962,31.31838074,30.17507724,18.91891892,4.417670683,30.01464129,12.82051282,9.756097561,7.075471698,1.040312094,10.65292096,41.30824373,19.62025316,4.109589041,0.684931507,5.063291139,7.337883959,34.74903475,69.46236559,8.860759494,11.34328358,25.44642857,20,13.51351351,19.14893617,na,2.245508982,1.724137931,0,20.68062827,41.02189781,75,18.36734694,3.06345733,9.037328094,5.747126437,10.5,6.965174129,1.785714286,2.393617021,4.427083333,19.1321499,10.24793388,15.29411765,2.578268877,47.55434783,5.873015873,9.134615385,18.32386364,0.404040404,25.70579495,0.801068091,30.6345733,12.57995736,5.077720207,1.283697047,0.657894737,2.005012531,14.14141414,10.29411765,19.71830986,42.74432379,0.382848392,1.503759398,25.65055762,66.3567202,1.184834123,6.567164179,26.4957265,6.679764244,0.254237288,0.918484501,29.28571429,50.96921323,13.06436119,52.15605749,28.854314,30.08241758,18.62745098,0.178784267,0.392772977,2.872062663,34.22897196,13.50762527,0.194049159,0.835073069,17.20430108,0.42462845,1.983298539,16.98717949,62.14285714,38.05031447,24.92492492,2.702702703,0.27173913,40.31971581,37.7593361,16.32653061,22.85714286,43.01994302,35.54216867
Community & Belonging,Age of dwellings,% Built in the 60's & 70's,2016,Age of dwellings refers to the period in time during which the building or dwelling was originally constructed.,"Statistics Canada Census of Population; Ottawa Community Data Consortium, Community Data Program of the Canadian Council on Social Development",30.60293508,59.71563981,na,71.93877551,44.47592068,40.58721934,66.30669546,5.963855422,60.86206897,na,37.19646799,4.174573055,32.49452954,28.63027806,40,19.67871486,46.7057101,66.02564103,21.70731707,31.36792453,10.0130039,67.86941581,23.65591398,41.13924051,60.3985056,7.020547945,10.12658228,30.20477816,54.24710425,9.247311828,3.797468354,35.07462687,54.46428571,21.55844156,42.85714286,32.9787234,na,5.389221557,43.96551724,0,23.03664921,20.87591241,11.57024793,27.89115646,55.14223195,78.58546169,76.72413793,74.75,79.47761194,62.5,59.04255319,80.72916667,49.60552268,53.38842975,58.52941176,60.03683241,28.26086957,80.63492063,42.46794872,64.0625,1.01010101,21.9910847,1.869158879,51.96936543,21.108742,43.52331606,5.776636714,2.5,46.53299916,26.93602694,19.11764706,44.36619718,43.33662389,4.670750383,1.503759398,28.2527881,16.06086221,47.74881517,14.32835821,16.23931624,44.00785855,0.847457627,26.29161883,22.85714286,30.44469783,44.1882805,22.99794661,44.97878359,33.1043956,24.50980392,4.52920143,35.42812255,14.49086162,38.6682243,63.61655773,0.258732212,30.16701461,32.79569892,1.167728238,2.087682672,48.07692308,12.14285714,23.27044025,58.25825826,6.962895098,0.634057971,28.24156306,38.86583679,25,57.14285714,28.01519468,29.17383821
Community & Belonging,Age of dwellings,% Built in the 80's or 90's,2016,Age of dwellings refers to the period in time during which the building or dwelling was originally constructed.,"Statistics Canada Census of Population; Ottawa Community Data Consortium, Community Data Program of the Canadian Council on Social Development",28.50797983,12.48025276,na,5.612244898,40.50991501,7.599309154,26.34989201,54.45783133,15.68965517,na,13.24503311,83.68121442,19.85776805,18.22863028,34.59459459,46.18473896,14.49487555,13.46153846,43.65853659,55.18867925,69.05071521,20.79037801,26.70250896,16.4556962,26.15193026,84.93150685,11.39240506,38.39590444,8.687258687,3.225806452,0,34.7761194,13.83928571,35.84415584,25.0965251,30.85106383,na,37.1257485,34.77011494,35.29411765,41.62303665,26.71532847,7.851239669,26.53061224,35.88621444,10.21611002,12.93103448,13,10.69651741,26.19047619,37.23404255,14.32291667,26.92307692,34.54545455,22.20588235,19.52117864,15.57971014,10.95238095,39.1025641,16.19318182,26.06060606,25.40861813,14.41922563,12.25382932,27.93176972,34.19689119,77.66367137,1.052631579,42.27234754,40.4040404,57.35294118,21.83098592,10.66140178,92.64931087,0.751879699,26.39405204,8.791208791,16.3507109,34.62686567,30.76923077,33.20235756,37.54237288,70.72330654,36.42857143,8.665906499,28.33813641,18.68583162,21.6407355,30.35714286,45.4248366,48.27175209,45.24744698,77.80678851,16.23831776,17.86492375,4.786545925,63.0480167,24.37275986,40.87048832,17.43215031,22.75641026,20,17.84591195,9.309309309,36.23453962,1.268115942,19.62699822,21.30013831,32.65306122,17.14285714,13.20037987,10.84337349
Community & Belonging,Age of dwellings,% Built in the 2000's,2016,Age of dwellings refers to the period in time during which the building or dwelling was originally constructed.,"Statistics Canada Census of Population; Ottawa Community Data Consortium, Community Data Program of the Canadian Council on Social Development",23.29734719,10.11058452,na,2.551020408,13.31444759,2.417962003,4.319654428,39.51807229,11.20689655,na,2.98013245,11.76470588,16.35667396,22.86302781,5.945945946,30.12048193,8.78477306,8.012820513,24.87804878,6.132075472,19.89596879,0.859106529,8.422939068,24.05063291,9.339975093,7.534246575,73.41772152,24.06143345,2.316602317,17.84946237,88.60759494,18.80597015,4.910714286,22.5974026,19.30501931,16.75531915,na,55.23952096,20.11494253,70.58823529,14.65968586,11.53284672,6.198347107,25.85034014,6.126914661,2.161100196,5.172413793,2,2.736318408,9.523809524,1.329787234,0,4.240631164,1.818181818,3.970588235,18.2320442,8.514492754,2.53968254,9.294871795,1.278409091,72.72727273,26.74591382,83.04405874,4.923413567,38.1663113,17.30569948,15.01925546,95.78947368,8.939014202,18.18181818,12.74509804,14.78873239,3.060217177,2.297090352,95.86466165,20.07434944,8.875739645,34.71563981,44.47761194,27.35042735,16.11001965,61.27118644,2.181400689,11.42857143,10.14823261,14.4092219,6.570841889,4.526166902,6.730769231,11.76470588,47.02026222,19.08876669,4.569190601,10.86448598,5.22875817,94.82535576,6.054279749,25.62724014,57.32484076,78.49686848,12.17948718,7.142857143,20.75471698,6.906906907,54.19147962,97.82608696,11.63410302,2.074688797,26.02040816,0,15.76448243,24.52667814
Economy & Employment,Resident income,Median resident income (after taxes),2015,Resident after-tax income refers to total income minus income taxes of the person during a specified reference period. Reported for population aged 15 years and over in private households.,"Statistics Canada Census of Population; Ottawa Community Data Consortium, Community Data Program of the Canadian Council on Social Development",37149,31959,na,35010,33430,35583,38841,43405,28797,na,24505,41039,37378,41274,36212,42000,28999,43693,44861,24727,31730,23965,35639,50545,28779,29000,50127,33676,30888,54537,56324,47476,49182,41283,40443,43084,na,44473,41120,NA,39844,35781,51473,37544,31785,41932,33777,34520,41290,33804,33866,41090,30378,33291,24263,38159,34193,38564,35324,29761,41803,38945,46221,36816,48193,33386,43951,34639,39649,45280,35960,37115,35978,40700,40230,37375,47401,37911,45502,38425,45383,46643,38548,39580,44162,20448,52076,23891,33650,39110,38937,41320,40991,26476,20773,45692,41162,40461,42419,49984,23607,68538,26192,35297,45977,48124,30445,23194,41471,NA,27552,43827
Economy & Employment,Resident income,Median resident total income (before taxes),2015,"Total income refers to the sum of certain incomes (in cash and, in some circumstances, in kind) of the person during a specified reference period. Reported for population aged 15 years and over in private households.","Statistics Canada Census of Population; Ottawa Community Data Consortium, Community Data Program of the Canadian Council on Social Development",41897,35496,na,40093,37234,39120,43982,49923,30841,na,25788,46091,41921,46825,40184,48386,32236,50677,52633,26234,34240,25467,39740,59647,31406,31547,59837,37159,34368,64332,66259,55426,56997,47584,46587,49893,na,51256,47212,NA,45486,40363,61079,42335,35308,48207,38160,38511,47554,36883,38059,46997,32959,37210,25603,42793,38021,42429,39696,31893,47483,44126,54256,42241,56370,36907,51314,38806,45873,54779,41029,41802,40450,46748,46116,42080,56182,42928,53612,44179,53179,53871,43165,45262,51563,20964,62113,25653,37324,45940,43767,47206,47172,27931,21485,53246,47793,45069,48830,58287,24927,86200,27690,39319,53285,56579,33341,24423,46650,NA,29714,50486
Economy & Employment,Resident income,Median resident employment income,2015,"Employment income refers to all income received as wages, salaries and commissions from paid employment and net self-employment income from farm or non-farm unincorporated business and/or professional practice during the reference period. Reported for population aged 15 years and over in private households.","Statistics Canada Census of Population; Ottawa Community Data Consortium, Community Data Program of the Canadian Council on Social Development",41055,32768,na,37806,36585,36050,42563,51078,26126,na,29862,43307,42171,46609,42516,43810,29121,52417,47430,25641,35048,26363,42307,61923,28865,33008,58998,37815,31164,59123,66977,44485,45837,45685,43236,46058,na,51872,43346,NA,44316,34268,56839,41043,33107,40448,36044,33605,38645,34269,35579,42339,31451,32454,24326,37526,37470,38291,37576,29983,51656,42566,53521,36978,53463,36259,44954,42781,40746,45656,27061,37825,39082,45356,50185,37193,46045,42063,52213,44043,43671,58272,41339,40187,49036,22336,54621,25738,38228,41957,44588,44769,42563,28686,20418,52725,43990,43656,51019,58859,29165,60158,23258,35323,52311,56821,34725,27013,51430,NA,33608,53778
Economy & Employment,Resident income,Median amount of resident government transfer,2015,"Government transfer refers to all cash benefits received from federal, provincial, territorial or municipal governments during the reference period. Reported for population aged 15 years and over in private households. Reported for population aged 15 years and over in private households.","Statistics Canada Census of Population; Ottawa Community Data Consortium, Community Data Program of the Canadian Council on Social Development",3213,6374,na,6787,5948,2645,5272,2016,1359,na,5333,1573,699,2933,6303,2679,2455,8018,3153,4696,1910,5157,2062,2138,4851,2430,6322,3108,2548,2156,1049,5241,7504,4366,5223,5374,na,1927,5274,NA,4789,655,1577,3606,4228,8932,6443,3847,7764,4359,4355,5416,6790,5583,3746,4944,2742,6802,8067,8361,1923,1113,1901,8388,2516,7512,3173,1709,6259,4012,12591,5994,5725,2543,1924,6942,1631,4382,2793,5333,8168,2176,3407,3560,4208,4289,5794,7635,8325,4263,1723,2836,3957,6504,1000,2155,6452,5051,1446,1908,559,2128,636,4318,2341,1924,7656,8183,4974,NA,2942,5915
Economy & Employment,Low Income prevalence,Low income prevalence (LIM-AT),2015,"The Low-income measure, after tax, refers to a fixed percentage (50%) of median adjusted after-tax income of private households. The household after-tax income is adjusted by an equivalence scale to take economies of scale into account. This adjustment for different household sizes reflects the fact that a household's needs increase, but at a decreasing rate, as the number of members increases.","Statistics Canada Census of Population; Ottawa Community Data Consortium, Community Data Program of the Canadian Council on Social Development",12.6,15.1,na,8.5,12.6,12.2,8.6,5.1,23.4,na,30.9,11.5,20.8,10.6,7.4,4.2,14.1,6,4.1,29.7,19,26.6,20.1,8.4,21.4,18.4,6.7,11.6,18,4.3,16,4.1,2.5,5,4.2,4.9,na,6.8,3.2,NA,5.1,19.3,7.7,5.8,12.6,9.1,15.2,16.8,8.2,11.2,11.9,4.8,20.8,12.5,31.4,10.3,17.6,8.9,10,25,5.7,19.2,3.1,12.6,4.4,19,6.9,11.6,5.1,4.4,17.3,8.4,14.2,3.9,11.8,6.2,10.1,6.2,4.9,4.9,6.2,6.4,7.7,6.9,8.3,41.2,10,39.2,19.7,8.1,7.4,5,4.5,30.6,37.9,5.6,4.1,5.5,5.7,4.5,34.4,6.5,29.9,12.4,3.8,5.7,24.8,30.1,5.1,NA,28.2,13.7
Economy & Employment,Low Income prevalence,Low income prevalence (LIM-AT) among children (0-14),2015,"The Low-income measure, after tax, refers to a fixed percentage (50%) of median adjusted after-tax income of private households. The household after-tax income is adjusted by an equivalence scale to take economies of scale into account. This adjustment for different household sizes reflects the fact that a household's needs increase, but at a decreasing rate, as the number of members increases.","Statistics Canada Census of Population; Ottawa Community Data Consortium, Community Data Program of the Canadian Council on Social Development",16.3,27.1,na,11.8,19.9,12.4,12.4,6.1,25.3,na,46.6,19.9,28.8,9.8,11.1,9.4,14.8,7.9,3.3,50.7,36.5,39.1,19.5,8.8,35.9,34.5,0,20.3,34.4,2,50,4.2,0,2.8,4.7,4.9,na,9.8,2.4,NA,6.1,8.7,8.9,0,25,9.9,20.1,24.2,14.2,12.4,27.9,5.6,35.5,21.6,53,12.4,18.1,15.7,12.4,34.8,7.5,30.4,3.6,12.8,5.1,29.9,15.1,16.1,8.3,7,21.1,8.8,22.3,6.1,17.1,11.1,7.4,8,4.9,10.4,8.7,8.6,13.5,4.2,6.9,58,8.6,52.3,25.3,8.8,10.2,6.9,7.3,54.5,47,7.3,4.3,5.5,8.4,4.4,31.2,14,36.6,23.7,4.5,7.1,36.4,41.5,5.4,NA,37,12.1
Economy & Employment,Low Income prevalence,Low income prevalence (LIM-AT) among youth (15-24),2015,"The Low-income measure, after tax, refers to a fixed percentage (50%) of median adjusted after-tax income of private households. The household after-tax income is adjusted by an equivalence scale to take economies of scale into account. This adjustment for different household sizes reflects the fact that a household's needs increase, but at a decreasing rate, as the number of members increases.","Statistics Canada Census of Population; Ottawa Community Data Consortium, Community Data Program of the Canadian Council on Social Development",18.8,18.2,na,9.7,13.6,25.3,16,6.5,50.9,na,33.2,16.9,35.4,20,3.4,4.1,31.7,10,3,34.9,19.9,29.2,25.4,28.9,27.8,18.6,11.8,13.4,25.1,4.4,36.4,4,2.9,6.9,0,4.7,na,6,5.5,NA,5.5,50.6,11.9,4.7,9.6,12.2,21.2,33.3,9,23,16.9,5.1,32.5,17.2,31,13.1,33.7,13,13.2,34.6,5.5,31.9,3.5,14.1,3.3,26.6,6.8,15.9,5.9,0,20,10.9,22.7,2.5,14.1,7.2,21.8,8.5,5.5,4.3,14,6.5,7.2,3.8,10.4,48.4,20.5,49,24.2,4.1,8.3,6.1,5.8,40.1,55.2,6.9,6.6,3.9,5.3,6.3,61.2,4.3,49.8,23.1,3.5,7.7,40,32.9,3.4,NA,38.2,18.6
Economy & Employment,Low Income prevalence,Low income prevalence (LIM-AT) among adults (25-64),2015,"The Low-income measure, after tax, refers to a fixed percentage (50%) of median adjusted after-tax income of private households. The household after-tax income is adjusted by an equivalence scale to take economies of scale into account. This adjustment for different household sizes reflects the fact that a household's needs increase, but at a decreasing rate, as the number of members increases.","Statistics Canada Census of Population; Ottawa Community Data Consortium, Community Data Program of the Canadian Council on Social Development",10.69395688,13.26658323,na,8.146639511,10.12145749,10.82543978,7.829181495,4.537002603,15.855573,na,28.11101164,8.804204993,16.77486367,9.412711183,8.394160584,3.448275862,9.445100354,7.323232323,4.552845528,23.20819113,14.22558923,25.06811989,17.68759571,6.097560976,18.12327507,15.23809524,8.988764045,9.845132743,14.76407915,4.608294931,13.33333333,4.957805907,3.496503497,4.926108374,4.210526316,5.338078292,na,5.907906169,3.118503119,NA,4.109589041,11.91381496,7.264296754,7.981220657,10.41968162,9.369369369,13.68653422,13.94849785,8.032955716,6.714628297,8.461538462,5.870445344,17.5842235,11.07142857,26.13277134,9.051724138,12.86821705,7.263922518,8.531468531,26.67617689,4.664723032,16.93667158,2.637889688,12.32583065,4.520547945,16.76495366,5.073086844,9.441087613,4.634920635,4.474272931,14.89361702,7.619047619,11.65354331,3.96039604,9.014675052,4.972375691,8.760683761,5.230288837,5.109489051,4.371584699,5.942275042,5.751947274,6.302843966,7.727272727,8.1,33.1424481,10.48689139,35.88235294,16.22691293,7.773109244,6.214689266,4.752572268,3.680981595,25.48099484,30.54474708,4.435797665,3.961848863,5.972045743,4.797979798,3.816793893,24.25665102,7.065217391,21.68067227,9.589041096,3.40076224,4.946236559,22.4537037,27.35723772,4.635761589,NA,21.60068847,10.85801063
Economy & Employment,Low Income prevalence,Low income prevalence (LIM-AT) among seniors (65+),2015,"The Low-income measure, after tax, refers to a fixed percentage (50%) of median adjusted after-tax income of private households. The household after-tax income is adjusted by an equivalence scale to take economies of scale into account. This adjustment for different household sizes reflects the fact that a household's needs increase, but at a decreasing rate, as the number of members increases.","Statistics Canada Census of Population; Ottawa Community Data Consortium, Community Data Program of the Canadian Council on Social Development",9.4,9.1,na,7.5,13.3,5.9,4,4,8.5,na,16.1,7.1,23.6,8.4,3.3,0,7.1,0,6,18.5,10.1,16.1,29,0,9.9,8,5.1,3.4,6.6,6.3,16.7,2.2,1.9,6.2,5.6,2.6,na,7.1,2.7,NA,6.7,5.6,1.8,6.7,9.5,7.2,8,9,4.2,10.7,6,1.5,9.4,3.8,16.4,10.7,16.2,3.6,10.1,12.7,8.4,13.6,4,12.5,4.5,10.6,4.1,5.1,4.1,2.9,18.3,10.1,9.7,2.7,8.1,6.8,6.1,6.5,3.5,0,3,5.8,6.7,12.2,8.5,33.8,6,31.8,22.6,9.9,6.7,2.7,3.4,14.5,13.9,6.5,3.1,5.9,6.4,6.7,17.1,2.2,13.6,5.3,4.5,3.1,16.6,30.2,8,NA,40.3,21.2
Basic Needs & Standard of Living,Low Income prevalence,Low income prevalence (LIM-AT),2015,"The Low-income measure, after tax, refers to a fixed percentage (50%) of median adjusted after-tax income of private households. The household after-tax income is adjusted by an equivalence scale to take economies of scale into account. This adjustment for different household sizes reflects the fact that a household's needs increase, but at a decreasing rate, as the number of members increases.","Statistics Canada Census of Population; Ottawa Community Data Consortium, Community Data Program of the Canadian Council on Social Development",12.6,15.1,na,8.5,12.6,12.2,8.6,5.1,23.4,na,30.9,11.5,20.8,10.6,7.4,4.2,14.1,6,4.1,29.7,19,26.6,20.1,8.4,21.4,18.4,6.7,11.6,18,4.3,16,4.1,2.5,5,4.2,4.9,na,6.8,3.2,NA,5.1,19.3,7.7,5.8,12.6,9.1,15.2,16.8,8.2,11.2,11.9,4.8,20.8,12.5,31.4,10.3,17.6,8.9,10,25,5.7,19.2,3.1,12.6,4.4,19,6.9,11.6,5.1,4.4,17.3,8.4,14.2,3.9,11.8,6.2,10.1,6.2,4.9,4.9,6.2,6.4,7.7,6.9,8.3,41.2,10,39.2,19.7,8.1,7.4,5,4.5,30.6,37.9,5.6,4.1,5.5,5.7,4.5,34.4,6.5,29.9,12.4,3.8,5.7,24.8,30.1,5.1,NA,28.2,13.7
Basic Needs & Standard of Living,Low Income prevalence,Low income prevalence (LIM-AT) among children (0-14),2015,"The Low-income measure, after tax, refers to a fixed percentage (50%) of median adjusted after-tax income of private households. The household after-tax income is adjusted by an equivalence scale to take economies of scale into account. This adjustment for different household sizes reflects the fact that a household's needs increase, but at a decreasing rate, as the number of members increases.","Statistics Canada Census of Population; Ottawa Community Data Consortium, Community Data Program of the Canadian Council on Social Development",16.3,27.1,na,11.8,19.9,12.4,12.4,6.1,25.3,na,46.6,19.9,28.8,9.8,11.1,9.4,14.8,7.9,3.3,50.7,36.5,39.1,19.5,8.8,35.9,34.5,0,20.3,34.4,2,50,4.2,0,2.8,4.7,4.9,na,9.8,2.4,NA,6.1,8.7,8.9,0,25,9.9,20.1,24.2,14.2,12.4,27.9,5.6,35.5,21.6,53,12.4,18.1,15.7,12.4,34.8,7.5,30.4,3.6,12.8,5.1,29.9,15.1,16.1,8.3,7,21.1,8.8,22.3,6.1,17.1,11.1,7.4,8,4.9,10.4,8.7,8.6,13.5,4.2,6.9,58,8.6,52.3,25.3,8.8,10.2,6.9,7.3,54.5,47,7.3,4.3,5.5,8.4,4.4,31.2,14,36.6,23.7,4.5,7.1,36.4,41.5,5.4,NA,37,12.1
Basic Needs & Standard of Living,Low Income prevalence,Low income prevalence (LIM-AT) among youth (15-24),2015,"The Low-income measure, after tax, refers to a fixed percentage (50%) of median adjusted after-tax income of private households. The household after-tax income is adjusted by an equivalence scale to take economies of scale into account. This adjustment for different household sizes reflects the fact that a household's needs increase, but at a decreasing rate, as the number of members increases.","Statistics Canada Census of Population; Ottawa Community Data Consortium, Community Data Program of the Canadian Council on Social Development",18.8,18.2,na,9.7,13.6,25.3,16,6.5,50.9,na,33.2,16.9,35.4,20,3.4,4.1,31.7,10,3,34.9,19.9,29.2,25.4,28.9,27.8,18.6,11.8,13.4,25.1,4.4,36.4,4,2.9,6.9,0,4.7,na,6,5.5,NA,5.5,50.6,11.9,4.7,9.6,12.2,21.2,33.3,9,23,16.9,5.1,32.5,17.2,31,13.1,33.7,13,13.2,34.6,5.5,31.9,3.5,14.1,3.3,26.6,6.8,15.9,5.9,0,20,10.9,22.7,2.5,14.1,7.2,21.8,8.5,5.5,4.3,14,6.5,7.2,3.8,10.4,48.4,20.5,49,24.2,4.1,8.3,6.1,5.8,40.1,55.2,6.9,6.6,3.9,5.3,6.3,61.2,4.3,49.8,23.1,3.5,7.7,40,32.9,3.4,NA,38.2,18.6
Basic Needs & Standard of Living,Low Income prevalence,Low income prevalence (LIM-AT) among adults (25-64),2015,"The Low-income measure, after tax, refers to a fixed percentage (50%) of median adjusted after-tax income of private households. The household after-tax income is adjusted by an equivalence scale to take economies of scale into account. This adjustment for different household sizes reflects the fact that a household's needs increase, but at a decreasing rate, as the number of members increases.","Statistics Canada Census of Population; Ottawa Community Data Consortium, Community Data Program of the Canadian Council on Social Development",10.69395688,13.26658323,na,8.146639511,10.12145749,10.82543978,7.829181495,4.537002603,15.855573,na,28.11101164,8.804204993,16.77486367,9.412711183,8.394160584,3.448275862,9.445100354,7.323232323,4.552845528,23.20819113,14.22558923,25.06811989,17.68759571,6.097560976,18.12327507,15.23809524,8.988764045,9.845132743,14.76407915,4.608294931,13.33333333,4.957805907,3.496503497,4.926108374,4.210526316,5.338078292,na,5.907906169,3.118503119,NA,4.109589041,11.91381496,7.264296754,7.981220657,10.41968162,9.369369369,13.68653422,13.94849785,8.032955716,6.714628297,8.461538462,5.870445344,17.5842235,11.07142857,26.13277134,9.051724138,12.86821705,7.263922518,8.531468531,26.67617689,4.664723032,16.93667158,2.637889688,12.32583065,4.520547945,16.76495366,5.073086844,9.441087613,4.634920635,4.474272931,14.89361702,7.619047619,11.65354331,3.96039604,9.014675052,4.972375691,8.760683761,5.230288837,5.109489051,4.371584699,5.942275042,5.751947274,6.302843966,7.727272727,8.1,33.1424481,10.48689139,35.88235294,16.22691293,7.773109244,6.214689266,4.752572268,3.680981595,25.48099484,30.54474708,4.435797665,3.961848863,5.972045743,4.797979798,3.816793893,24.25665102,7.065217391,21.68067227,9.589041096,3.40076224,4.946236559,22.4537037,27.35723772,4.635761589,NA,21.60068847,10.85801063
Basic Needs & Standard of Living,Low Income prevalence,Low income prevalence (LIM-AT) among seniors (65+),2015,"The Low-income measure, after tax, refers to a fixed percentage (50%) of median adjusted after-tax income of private households. The household after-tax income is adjusted by an equivalence scale to take economies of scale into account. This adjustment for different household sizes reflects the fact that a household's needs increase, but at a decreasing rate, as the number of members increases.","Statistics Canada Census of Population; Ottawa Community Data Consortium, Community Data Program of the Canadian Council on Social Development",9.4,9.1,na,7.5,13.3,5.9,4,4,8.5,na,16.1,7.1,23.6,8.4,3.3,0,7.1,0,6,18.5,10.1,16.1,29,0,9.9,8,5.1,3.4,6.6,6.3,16.7,2.2,1.9,6.2,5.6,2.6,na,7.1,2.7,NA,6.7,5.6,1.8,6.7,9.5,7.2,8,9,4.2,10.7,6,1.5,9.4,3.8,16.4,10.7,16.2,3.6,10.1,12.7,8.4,13.6,4,12.5,4.5,10.6,4.1,5.1,4.1,2.9,18.3,10.1,9.7,2.7,8.1,6.8,6.1,6.5,3.5,0,3,5.8,6.7,12.2,8.5,33.8,6,31.8,22.6,9.9,6.7,2.7,3.4,14.5,13.9,6.5,3.1,5.9,6.4,6.7,17.1,2.2,13.6,5.3,4.5,3.1,16.6,30.2,8,NA,40.3,21.2
Economy & Employment,Employment,Unemployment rate,2016,"Refers to persons who, during the week of Sunday, May 1 to Saturday, May 7, 2016, were without paid work or without self-employment work and were available for work and either:
(a) had actively looked for paid work in the past four weeks; or
(b) were on temporary lay-off and expected to return to their job; or
(c) had definite arrangements to start a new job in four weeks or less.

Reported for population aged 15 years and over in private households.","Statistics Canada Census of Population; Ottawa Community Data Consortium, Community Data Program of the Canadian Council on Social Development",7.2,8.7,na,8.7,8.1,7.3,7,6.5,11.6,na,10.8,8.2,6.8,5.8,8.5,5,10,8,5.8,13.8,9.5,11.8,6.3,6.6,10.2,8.7,4.3,8.1,8,5.8,2.2,6,6.2,5.1,4.3,4.8,na,5.1,6.2,0,5.3,8.9,7.7,5,9.7,6.4,8.8,6.8,7.6,8.1,8.1,6.7,9.2,8.6,12.6,5.5,7.6,6,7.1,9.5,6.6,5.4,4.8,6.5,5.4,9.3,6.6,6.6,7.2,4.5,11.5,7.6,8.1,5.7,6.6,4,6.2,6.4,5,4.3,6.3,6.1,7.5,4.1,6.9,14.5,4,13.7,8.3,3.8,6,6.1,6.1,11.6,11.1,6.4,5.8,5.2,5.2,5.2,12.1,5.7,12.7,8.6,4.4,5,10.2,10.3,2.6,12,8.8,4.9
Economy & Employment,Employment,# Unemployed,2016,"Refers to persons who, during the week of Sunday, May 1 to Saturday, May 7, 2016, were without paid work or without self-employment work and were available for work and either:
(a) had actively looked for paid work in the past four weeks; or
(b) were on temporary lay-off and expected to return to their job; or
(c) had definite arrangements to start a new job in four weeks or less.

Reported for population aged 15 years and over in private households.","Statistics Canada Census of Population; Ottawa Community Data Consortium, Community Data Program of the Canadian Council on Social Development",37120,335,na,220,190,280,205,915,415,na,540,325,1350,375,115,110,485,155,190,370,575,390,395,80,550,405,20,375,275,200,10,290,95,165,90,145,na,305,145,0,165,400,275,55,345,175,200,160,380,175,220,170,530,375,565,185,515,255,270,295,575,195,320,290,200,520,390,445,560,105,75,155,505,640,325,75,480,420,285,40,190,530,495,50,360,890,115,410,295,90,900,640,355,1105,305,855,395,220,450,420,445,60,920,190,795,460,580,340,40,15,510,310
Economy & Employment,Employment,% Employed full time for full year,2016,Full-year full-time workers refers to persons aged 15 years and over who worked 49 to 52 weeks mostly full time in 2015 for pay or in self-employment. Reported for population aged 15 years and over in private households.,"Statistics Canada Census of Population; Ottawa Community Data Consortium, Community Data Program of the Canadian Council on Social Development",37.59160516,31.73076923,na,33.45633456,41.40969163,38.10763889,39.79591837,45.02468174,29.07290729,na,32.12951432,36.85545224,43.21921695,40.64997336,39.13043478,40.93959732,32.65036352,34.71582181,40.66047472,27.6854928,36.93901036,26.98130009,42.272203,45.20123839,29.98846597,33.356306,38.62068966,35.58327219,35.87487781,43.18901795,51.75438596,34.69785575,29.6875,46.65127021,41.14671164,43.8534279,na,45.13108614,37.32590529,38.70967742,42.85714286,33.92444102,35.92039801,47.3015873,37.6459144,29.9313052,34.13940256,30.80939948,28.80091796,31.07734807,36.36363636,35.74051408,30.62596999,35.35427319,26.11377656,35.94176524,32.94717331,37.03148426,31.01018011,25.66137566,45.0619923,42.68167861,48.22043628,31.61209068,43.72049103,30.82228117,36.98241634,42.65033408,35.88421887,36.57142857,16.81681682,38.647343,34.56104945,40.47163799,44.87881157,41.59292035,37.58636573,43.22080797,41.93548387,38.35125448,30.52930057,38.50207,39.9152991,44.5482866,32.98589822,23.55157796,36.8608799,23.34558824,29.77667494,40.25604552,42.9040404,42.22373806,39.41979522,28.91453525,25.81736189,46.22913069,36.30363036,40.53398058,44.50307828,49.80934223,29.62281509,30.32069971,29.32692308,34.68531469,44.41516319,47.53564155,33.29658214,27.8201866,45.74712644,24.44444444,36.40142518,39.57905544
Economy & Employment,Employment,% Self-employed,2016,"This category includes persons whose job consisted mainly of operating a business, farm or professional practice, alone or in partnership. This includes: operating a farm, whether the land is rented or owned; working on a freelance or contract basis to do a job (e.g., architects, private duty nurses); operating a direct distributorship selling and delivering products such as cosmetics, newspapers, brushes and cleaning products; and fishing with own equipment or with equipment in which the person has a share. Reported for population aged 15 years and over in private households.

The business can be incorporated or unincorporated. Self-employed persons include those with and those without paid help. Also included among the self-employed are unpaid family workers. They are persons who work without pay in a business, farm or professional practice owned and operated by another family member living in the same dwelling.","Statistics Canada Census of Population; Ottawa Community Data Consortium, Community Data Program of the Canadian Council on Social Development",9.922029378,9.375,na,10.93439364,7.855626327,6.684141547,7.288135593,7.651434644,9.483960948,na,9.638554217,11.64556962,8.098591549,9.549689441,10.37037037,14.94252874,9.87654321,16.27906977,18.09815951,9.851301115,9.621710526,6.656580938,9.633757962,10.74380165,9.80573543,11.31465517,18.27956989,10.03236246,7.848837209,15.74344023,9.677419355,19.58333333,18.95424837,11.99376947,14.35406699,15.40983607,na,9.535655058,10.10752688,0,12.57961783,12.2923588,12.5,16.59192825,8.203677511,11.97053407,8.571428571,9.615384615,12.93532338,10.36866359,7.777777778,9.842519685,7.906168549,9.278350515,6.229143493,9.010339734,12.40768095,8.823529412,9.656084656,12.52006421,9.007981756,9.279778393,8.539325843,11.27232143,16.59973226,7.946428571,10.84745763,7.97912006,9.603072983,17.44680851,13.84615385,11.9804401,8.908507223,8.473824312,9.191919192,14.01617251,15.07472385,5.958747135,13.24561404,13.29787234,12.33333333,10.55363322,7.773584906,16.18257261,14.17550627,6.764466178,14.56140351,6.688963211,9.193776521,20.42553191,7.279436431,8.544152745,8.788395904,6.614173228,6.181818182,6.796116505,9.170305677,15.08313539,8.837209302,10.21671827,6.394557823,31.42857143,8.87818307,11.06094808,9.30814115,9.552077712,9.649122807,7.878787879,13.31168831,0,8.044982699,10.66878981
Education & Learning,Education (ages 25-64),% With no high school diploma,2016,"This category includes persons who have not obtained any certificates, diplomas or degrees or their equivalents. Reported for population aged 25 to 64 years in private households.","Statistics Canada Census of Population; Ottawa Community Data Consortium, Community Data Program of the Canadian Council on Social Development",6.257251371,8.646616541,na,10,6.288032454,5.142083897,3.907637655,4.055059524,7.836990596,na,15.14336918,2.890932983,3.739288496,5.868167203,7.299270073,2.716049383,7.210401891,5.050505051,2.922077922,13.11754685,7.064760303,15.25885559,5.210727969,4.435483871,9.659613615,9.830866808,4.545454545,9.07079646,7.774390244,1.076923077,0,2.956705385,2.797202797,7.742998353,4.736842105,4.618117229,na,4.600694444,5.416666667,15.78947368,5.154639175,1.140684411,1.236476043,5.164319249,9.393063584,5.415162455,7.947019868,5.579399142,5.252317199,5.023923445,7.707129094,3.448275862,12.41776316,8.581644815,10.73684211,4.748201439,6.201550388,7.859733978,5.314685315,12.71428571,3.965014577,4.270986745,3.677058353,6.216505895,4.109589041,9.772535805,3.948497854,5.966767372,4.317460317,5.357142857,12.94964029,12.38095238,6.377952756,3.864278982,5.5613851,6.35359116,2.279202279,5.625,5.662100457,8.743169399,4.753820034,1.676646707,5,3.619909502,3.803803804,20.11453114,2.056074766,11.634757,10.42216359,8.176100629,4.556693748,3.870651641,5.877192982,16.71361502,10.67961165,3.69793694,5.135730007,4.834605598,4.29022082,2.860775588,4.375,1.092896175,5.466778806,7.322654462,2.579132474,2.580645161,15.03469545,18.16976127,9.900990099,20,11.2833764,3.948367502
Education & Learning,Education (ages 25-64),% High school level,2016,"The category High school diploma or equivalency certificate includes persons who have completed the requirements for graduation from a secondary school or an equivalency certificate, but no postsecondary certificate, diploma or degree. Reported for population aged 25 to 64 years in private households.","Statistics Canada Census of Population; Ottawa Community Data Consortium, Community Data Program of the Canadian Council on Social Development",19.18526819,26.94235589,na,21.83673469,27.5862069,18.80920162,15.27531083,15.55059524,19.12225705,na,24.82078853,9.986859396,14.17813555,14.95176849,29.19708029,23.45679012,23.75886525,12.37373737,19.48051948,25.21294719,21.36248949,27.52043597,16.32183908,22.98387097,20.33118675,21.0359408,13.63636364,23.00884956,25,9.230769231,13.18681319,17.31784583,15.73426573,27.18286656,27.89473684,22.38010657,na,18.83680556,23.95833333,26.31578947,24.22680412,11.40684411,8.037094281,29.10798122,29.04624277,16.96750903,18.54304636,17.59656652,18.22863028,21.77033493,27.55298651,14.80730223,22.53289474,20.85816448,22.84210526,16.97841727,16.58914729,23.57920193,22.23776224,19.71428571,15.33527697,14.13843888,20.70343725,18.22079314,20.68493151,21.65122157,18.02575107,17.14501511,22.73015873,23.21428571,17.26618705,35.95238095,20.31496063,23.18567389,17.62854145,23.20441989,10.61253561,24.921875,23.92694064,19.12568306,14.60101868,10.05988024,18.69230769,22.62443439,12.61261261,24.2662849,9.345794393,22.23858616,18.07387863,24.10901468,19.28647121,21.16609505,23.77192982,23.14553991,24.85436893,18.25613079,24.94497432,21.88295165,16.90851735,15.76605213,15.625,6.557377049,13.12026913,19.90846682,17.73153576,12.52688172,22.43639167,27.05570292,33.99339934,16,16.70973299,12.5284738
Education & Learning,Education (ages 25-64),"% Above high school, below bachelor",2016,"This category includes persons who obtained either 1) apprenticeship or trades certificate or diploma, 2) college, CEGEP or other non-university certificate or diploma, or 3) university certificate or diploma below bachelor level, but not university certificate, diploma or degree at bachelor level or above. Reported for population aged 25 to 64 years in private households.","Statistics Canada Census of Population; Ottawa Community Data Consortium, Community Data Program of the Canadian Council on Social Development",29.59253493,31.3283208,na,37.34693878,37.52535497,29.22868742,31.43872114,31.73363095,23.35423197,na,29.56989247,20.76215506,19.65723189,21.78456592,43.79562044,38.7654321,31.32387707,23.23232323,37.5,29.64224872,28.76366695,30.24523161,23.29501916,32.66129032,31.55473781,29.59830867,27.27272727,30.86283186,36.58536585,16.76923077,12.08791209,31.57338965,25.87412587,41.68039539,46.05263158,43.1616341,na,31.42361111,42.70833333,42.10526316,44.67353952,16.09632446,11.4374034,40.37558685,34.97109827,23.8267148,30.02207506,26.39484979,25.84963955,29.66507177,37.95761079,29.20892495,28.86513158,33.37306317,26.10526316,33.23741007,20.46511628,30.95525998,26.29370629,30,26.99708455,19.73490427,35.73141487,27.75991426,35.61643836,30.41280539,29.87124464,25.83081571,35.17460317,37.27678571,28.77697842,38.80952381,27.55905512,34.59000943,29.48583421,48.06629834,14.81481481,41.484375,33.78995434,29.50819672,25.12733447,20.41916168,36.38461538,45.24886878,18.11811812,29.92125984,14.39252336,27.24594993,26.78100264,41.71907757,34.72271282,34.83586477,32.63157895,31.12676056,31.84466019,33.94316855,38.59134263,39.44020356,28.83280757,27.84488239,20.46875,11.47540984,15.30698066,29.9771167,33.73388042,30.80645161,27.60215883,30.37135279,36.63366337,36,21.87769165,21.26044039
Education & Learning,Education (ages 25-64),% Bachelor level or above,2016,"This category includes persons who obtained either 1) bachelor's degree, 2) university certificate or diploma above bachelor level, 3) degree in medicine, dentistry, veterinary medicine or optometry, 4) Master's degree, or 4) earned doctorate. Reported for population aged 25 to 64 years in private households.","Statistics Canada Census of Population; Ottawa Community Data Consortium, Community Data Program of the Canadian Council on Social Development",44.96593715,33.08270677,na,30.6122449,28.80324544,46.95534506,49.20071048,48.69791667,49.52978056,na,30.28673835,66.36005256,62.42534407,57.39549839,19.34306569,35.30864198,37.70685579,59.5959596,40.25974026,31.51618399,42.89318755,26.97547684,55.24904215,39.51612903,38.54645814,39.42917548,54.54545455,37.16814159,30.79268293,72.76923077,73.62637363,48.36325238,55.59440559,23.55848435,21.57894737,29.8401421,na,45.13888889,27.70833333,26.31578947,25.94501718,71.22940431,79.13446677,24.88262911,26.44508671,53.79061372,43.70860927,50.42918455,50.56642636,43.54066986,26.7822736,52.73833671,36.34868421,37.06793802,40.21052632,45.17985612,56.82170543,37.60580411,46.15384615,37.42857143,53.64431487,61.8556701,39.80815348,47.90996785,39.5890411,38.41617523,47.98283262,50.98187311,37.71428571,34.15178571,41.00719424,12.85714286,45.7480315,38.3600377,47.11437566,22.09944751,72.15099715,27.96875,36.62100457,43.71584699,55.68760611,67.78443114,39.84615385,28.95927602,65.56556557,25.62634216,74.39252336,38.88070692,44.85488127,25.99580713,41.43412222,40.07839294,37.71929825,29.01408451,32.42718447,44.06383807,31.32795304,33.84223919,49.96845426,53.4647171,59.53125,81.42076503,66.1059714,43.02059497,46.014068,54.08602151,34.84965305,24.53580902,19.14191419,28,50.21533161,62.18678815
Environment & Sustainability,Mode of transportation,% Drive to work (as driver or passenger),2016,"Main mode of commuting refers to the main mode of transportation a person uses to travel between his or her home and his or her place of work. Reported for population aged 15 years and over, in private households, who worked at some time since January 1, 2015.","Statistics Canada Census of Population; Ottawa Community Data Consortium, Community Data Program of the Canadian Council on Social Development",68.40172786,63.82660688,na,77.17647059,71.03960396,68.25633383,70.73643411,80.93495935,68.13559322,na,59.00473934,69.60486322,25.57670127,63.79928315,93.07359307,91.05691057,66.50544135,83.4375,91.5547025,64.8018648,72.31527094,59.68028419,41.78145087,76.07655502,67.96440489,76.91342535,88.23529412,77.61006289,61.17647059,56.89655172,36.14457831,91.67767503,84.31372549,95.95588235,89.56521739,92.43027888,na,81.12858464,71.99017199,77.77777778,96.26168224,47.12950601,49.2173913,95.48022599,66.50082919,74.24242424,72.93814433,62.12871287,66.70644391,65.78249337,65.95744681,75.28604119,59.71802618,71.52496626,52.75908479,76.49063032,62.26912929,68.12169312,72.39263804,58.07692308,77.21854305,28.93890675,74.1962775,61.60830091,90.29126214,62.5,74.41634241,73.20977254,68.53512706,87.31707317,59.22330097,95.28023599,65.54934823,71.67167167,83.44748858,95.54140127,46.47664291,78.69565217,92.98780488,83.75,74.50592885,79.40379404,73.33923826,90.90909091,61.43187067,57.66932271,50.82987552,32.43243243,58.4040747,88.52040816,73.37662338,77.68100163,73.02371542,56.99192045,51.68067227,74.87309645,71.96029777,89.47368421,78.75989446,84.86562942,39.73727422,77.63975155,28.62010221,72.92225201,83.58351964,82.21665623,54.64135021,51.67548501,91.90140845,31.81818182,37.84333672,58.67158672
Environment & Sustainability,Mode of transportation,% Take public transit to work,2016,"Main mode of commuting refers to the main mode of transportation a person uses to travel between his or her home and his or her place of work. Reported for population aged 15 years and over, in private households, who worked at some time since January 1, 2015.","Statistics Canada Census of Population; Ottawa Community Data Consortium, Community Data Program of the Canadian Council on Social Development",20.61725588,28.55007474,na,16.70588235,21.03960396,20.11922504,21.70542636,15.40650407,21.69491525,na,27.96208531,24.31610942,21.36678201,19.89247312,3.03030303,4.33604336,22.37001209,12.1875,5.37428023,26.80652681,23.6453202,32.14920071,30.39485767,19.13875598,27.36373749,19.44792974,10.58823529,18.11320755,30.42016807,18.10344828,14.45783133,4.755614267,9.803921569,1.470588235,5.507246377,3.585657371,na,16.37372803,25.7985258,27.77777778,1.308411215,24.16555407,16.34782609,2.259887006,26.03648425,16.23376623,21.39175258,27.97029703,25.89498807,29.17771883,27.87234043,18.0778032,31.62134945,24.29149798,36.20457604,17.03577513,23.57080035,25.52910053,19.93865031,34.03846154,17.48344371,20.25723473,23.0964467,27.1076524,6.310679612,26.78571429,21.78988327,24.26284751,26.4573991,9.512195122,26.21359223,3.539823009,20.8566108,23.92392392,14.38356164,0.955414013,16.38954869,15.82608696,4.471544715,11.875,18.77470356,16.53116531,20.28343667,4.04040404,22.28637413,33.26693227,20.12448133,32.43243243,30.05093379,7.397959184,21.65775401,17.96407186,22.43083004,29.08638906,38.02521008,22.03891709,23.49048801,5.832147937,18.07387863,12.30551627,46.79802956,9.316770186,29.47189097,17.69436997,12.39220696,15.65435191,28.05907173,32.09876543,4.225352113,50,25.22889115,25.55350554
Environment & Sustainability,Mode of transportation,% Walk to work,2016,"Main mode of commuting refers to the main mode of transportation a person uses to travel between his or her home and his or her place of work. Reported for population aged 15 years and over, in private households, who worked at some time since January 1, 2015.","Statistics Canada Census of Population; Ottawa Community Data Consortium, Community Data Program of the Canadian Council on Social Development",7.377515062,4.633781764,na,4.705882353,6.188118812,6.110283159,4.457364341,1.869918699,4.915254237,na,6.63507109,3.799392097,45.24221453,8.870967742,0.865800866,1.62601626,7.134220073,1.25,1.535508637,6.293706294,2.463054187,4.618117229,19.37557392,3.349282297,2.892102336,1.882057716,0,2.389937107,4.705882353,13.44827586,44.57831325,2.50990753,3.529411765,1.286764706,3.768115942,2.390438247,na,1.202590194,1.474201474,0,1.495327103,16.68891856,17.2173913,1.129943503,5.638474295,4.329004329,3.865979381,4.207920792,3.69928401,3.183023873,3.829787234,3.890160183,5.438066465,2.294197031,8.613728129,3.747870528,7.65171504,4.100529101,4.141104294,4.230769231,3.907284768,46.1414791,1.607445008,7.263294423,2.427184466,7.142857143,1.848249027,1.432181971,2.840059791,1.219512195,6.796116505,1.179941003,8.00744879,2.452452452,0.913242009,1.910828025,24.54473476,3.826086957,0.914634146,3.125,1.976284585,2.913279133,4.162976085,3.03030303,10.04618938,6.274900398,17.21991701,26.81912682,5.602716469,2.295918367,3.132161956,2.504082744,3.162055336,8.452454941,7.352941176,1.776649746,3.06038048,2.418207681,1.583113456,1.626591231,8.374384236,4.968944099,32.62350937,6.434316354,2.299584797,1.06449593,11.1814346,9.523809524,2.464788732,18.18181818,24.41505595,8.302583026
Environment & Sustainability,Mode of transportation,% Bike to work,2016,"Main mode of commuting refers to the main mode of transportation a person uses to travel between his or her home and his or her place of work. Reported for population aged 15 years and over, in private households, who worked at some time since January 1, 2015.","Statistics Canada Census of Population; Ottawa Community Data Consortium, Community Data Program of the Canadian Council on Social Development",2.606570422,1.644245142,na,0.470588235,1.485148515,4.76900149,2.519379845,0.93495935,4.576271186,na,5.331753555,1.823708207,6.891580161,6.093189964,0.865800866,0.81300813,2.297460701,2.5,0.959692898,0.932400932,0.985221675,1.598579041,7.805325987,0.956937799,1.112347052,0.501882058,2.352941176,1.132075472,2.68907563,11.20689655,4.819277108,0.396301189,1.960784314,0.367647059,0,0.398406375,na,0.647548566,0.491400491,0,0.373831776,11.74899866,15.30434783,0,0.829187396,3.67965368,0.515463918,4.702970297,2.505966587,1.061007958,1.489361702,1.14416476,2.517623364,1.079622132,1.076716016,1.533219761,5.364995602,1.058201058,2.760736196,2.307692308,0.860927152,3.536977492,0.592216582,2.075226978,0,2.100840336,1.070038911,0.252737995,1.270553064,0,1.941747573,0,4.189944134,0.45045045,0.456621005,0.636942675,11.48060174,0.52173913,0.406504065,0,2.964426877,0.677506775,1.328609389,1.01010101,5.658198614,1.494023904,9.958506224,5.821205821,4.244482173,0.510204082,0.954927426,0.870985302,0.395256917,4.039776259,2.31092437,0.338409475,0.909842845,0.853485064,0.791556728,0.707213579,3.9408867,4.347826087,7.580919932,2.949061662,0.830405621,0.250469631,5.485232068,5.996472663,0,0,10.88504578,6.918819188
Environment & Sustainability,Commute duration,% With less than 15 minute commute to work,2016,"Commuting duration refers to the length of time, in minutes, usually required by a person to travel between his or her place of residence and his or her place of work. Reported for population aged 15 years and over, in private households, who worked at some time since January 1, 2015, and who reported having a usual place of work or no fixed workplace address.","Statistics Canada Census of Population; Ottawa Community Data Consortium, Community Data Program of the Canadian Council on Social Development",19.84335391,19.28251121,na,20.23529412,20.04950495,20.11922504,15.72815534,17.31707317,20.33898305,na,22.86729858,16.23672231,30.23926204,23.92473118,6.956521739,15.71815718,21.88633615,19.43573668,16.15384615,24.00932401,18.62068966,23.58156028,22.86501377,12.44019139,17.37193764,19.94981179,29.76190476,20.12578616,20.16806723,23.75215146,22.89156627,17.30515192,21.484375,15.99264706,15.94202899,14.34262948,na,13.96854764,18.71921182,29.41176471,13.45794393,19.62616822,25.6097561,8.522727273,25.04145937,24.67532468,17.5257732,17.32673267,19.2124105,20.21276596,19.36170213,23.11212815,18.52970796,15.63342318,21.53432032,32.93515358,21.54793316,19.04761905,20.09202454,16.92307692,28.41059603,25.08038585,16.49746193,17.4025974,20.38834951,21.95378151,17.78425656,11.03622578,19.43198804,15.12195122,26.47058824,11.20943953,22.69767442,19.46946947,13.24200913,10.86261981,25.17814727,24.08695652,13.1097561,18.86792453,19.00990099,29.7901151,29.58370239,17.17171717,22.7482679,20.13958126,17.04781705,16.42411642,19.04761905,18.32061069,14.43298969,16.76646707,20.35573123,22.68489745,18.90756303,15.94754653,18.85856079,18.94586895,16.29287599,11.81046676,16.25615764,19.8757764,19.67632027,26.27345845,23.69849888,12.96180338,18.45991561,19.40035273,8.802816901,27.27272727,22.60692464,20.22160665
Environment & Sustainability,Commute duration,% With 15-29 minute commute to work,2016,"Commuting duration refers to the length of time, in minutes, usually required by a person to travel between his or her place of residence and his or her place of work. Reported for population aged 15 years and over, in private households, who worked at some time since January 1, 2015, and who reported having a usual place of work or no fixed workplace address.","Statistics Canada Census of Population; Ottawa Community Data Consortium, Community Data Program of the Canadian Council on Social Development",38.06454546,39.76083707,na,42.58823529,36.88118812,47.54098361,44.46601942,38.04878049,47.96610169,na,41.46919431,46.28224583,45.28682617,45.25089606,20.86956522,37.39837398,43.89359129,37.30407524,30.76923077,38.22843823,40.09852217,35.81560284,48.11753903,42.10526316,41.42538976,41.27979925,41.66666667,41.63522013,41.8487395,53.18416523,49.39759036,29.85468956,44.140625,27.94117647,29.85507246,29.28286853,na,38.11285846,30.54187192,41.17647059,23.17757009,49.13217623,51.91637631,23.29545455,38.47429519,42.20779221,42.26804124,43.31683168,38.30548926,34.84042553,37.87234043,39.58810069,41.89325277,44.07008086,36.06998654,30.03412969,44.59102902,37.83068783,46.16564417,40.38461538,25.56291391,45.9807074,26.64974619,46.1038961,32.84789644,38.1302521,34.59669582,31.92923336,32.88490284,28.53658537,45.09803922,51.03244838,42.13953488,26.22622623,41.66666667,21.4057508,49.01029295,32.26086957,35.97560976,41.50943396,45.14851485,25.86323629,29.31798051,33.33333333,46.88221709,35.49351944,52.39085239,46.36174636,42.68707483,35.11450382,34.17334861,37.1257485,31.52173913,42.38657551,39.91596639,25.8037225,29.85938792,33.19088319,32.45382586,38.18953324,45.48440066,58.38509317,48.89267462,45.04021448,32.29000319,32.06011271,44.83122363,46.20811287,36.61971831,27.27272727,49.38900204,49.86149584
Environment & Sustainability,Commute duration,% With 30+ minute commute to work,2016,"Commuting duration refers to the length of time, in minutes, usually required by a person to travel between his or her place of residence and his or her place of work. Reported for population aged 15 years and over, in private households, who worked at some time since January 1, 2015, and who reported having a usual place of work or no fixed workplace address.","Statistics Canada Census of Population; Ottawa Community Data Consortium, Community Data Program of the Canadian Council on Social Development",42.09323739,40.95665172,na,37.41176471,43.06930693,32.48882265,39.80582524,44.59349593,31.69491525,na,35.66350711,37.48103187,24.50273854,30.82437276,71.73913043,46.61246612,34.09915357,43.26018809,53.46153846,37.76223776,41.37931034,40.60283688,29.10927456,44.97607656,41.31403118,38.64491844,30.95238095,38.11320755,38.31932773,23.0636833,26.5060241,52.70805812,33.984375,56.25,54.20289855,56.37450199,na,47.73358002,50.73891626,35.29411765,63.55140187,31.24165554,22.82229965,68.18181818,36.48424544,33.11688312,40.20618557,39.10891089,42.48210024,44.68085106,42.55319149,36.84210526,39.57703927,40.16172507,42.53028264,36.86006826,33.94898857,43.12169312,33.74233129,42.69230769,46.02649007,29.09967846,56.85279188,36.49350649,46.60194175,40.0210084,47.42468416,57.03454086,47.68310912,56.09756098,29.41176471,37.75811209,35.1627907,54.25425425,45.0913242,68.05111821,25.81155978,43.65217391,50.91463415,39.62264151,36.43564356,44.27894381,41.09831709,49.49494949,30.48498845,44.3668993,30.76923077,37.21413721,38.60544218,46.81933842,51.3936617,46.10778443,48.12252964,34.86637663,40.96638655,58.24873096,51.28205128,47.72079772,51.38522427,50,38.25944171,21.73913043,31.51618399,28.68632708,44.01149792,54.97808391,36.60337553,34.56790123,54.57746479,45.45454545,28.10590631,29.7322253
Environment & Sustainability,Time leaving for work,% Leaving for work before 7am,2016,"Time leaving for work refers to the time of day at which a person usually leaves home to go to their place of work. Reported for population aged 15 years and over in private households, who worked at some time since January 1, 2015, and who reported having a usual place of work or no fixed workplace address.","Statistics Canada Census of Population; Ottawa Community Data Consortium, Community Data Program of the Canadian Council on Social Development",21.52917505,23.16890882,na,23.29411765,26.05459057,19.67213115,19.76744186,24.1154941,15.39763113,na,19.07582938,13.50531108,10.32295271,16.30824373,42.85714286,27.37127371,18.1598063,15.67398119,28.07692308,19.81351981,16.73228346,24.51154529,15.61065197,34.92822967,20.80088988,16.31116688,24.70588235,20.75471698,26.05042017,10.15490534,11.9047619,21.92866579,19.60784314,34.55882353,29.85507246,33.46613546,na,26.64199815,30.22113022,35.29411765,36.07476636,12.6835781,9.059233449,36.36363636,25.37313433,14.09978308,19.53727506,16.2962963,20.0477327,21.27659574,24.25531915,18.30663616,23.138833,21.32253711,20.35040431,18.90971039,14.85061511,20.8994709,18.55828221,20.03853565,22.30311052,11.25401929,33.33333333,14.9156939,29.17341977,21.32352941,22.76264591,23.14814815,25.4857997,32.92682927,20.38834951,36.87315634,20,29.02902903,19.97716895,35.7827476,8.946951702,28.63359443,26.72764228,18.75,17.78656126,16.79079215,22.94065545,34.84848485,11.66281755,22.11155378,10.3950104,16.45833333,20.71307301,35.20408163,23.18563789,23.583878,27.66798419,23.86575513,22.89915966,27.24196277,30.43837883,31.05413105,21.17414248,21.21640736,13.79310345,6.832298137,10.29787234,19.83914209,25.55910543,23.23105823,21.94092827,22.75132275,42.6056338,36.36363636,12.11812627,11.91135734
Environment & Sustainability,Time leaving for work,% Leaving for work between 7am-8am,2016,"Time leaving for work refers to the time of day at which a person usually leaves home to go to their place of work. Reported for population aged 15 years and over in private households, who worked at some time since January 1, 2015, and who reported having a usual place of work or no fixed workplace address.","Statistics Canada Census of Population; Ottawa Community Data Consortium, Community Data Program of the Canadian Council on Social Development",29.292137,27.65321375,na,31.29411765,24.81389578,32.48882265,36.04651163,32.12688085,27.74957699,na,25.35545024,27.7693475,25,25.89605735,24.24242424,31.70731707,28.69249395,33.54231975,30.96153846,26.80652681,30.70866142,31.26110124,27.18089991,29.18660287,28.36484983,29.36010038,21.17647059,31.32075472,25.04201681,27.19449225,25,32.76089828,29.01960784,31.06617647,33.33333333,31.67330677,na,33.76503238,29.72972973,41.17647059,33.64485981,26.1682243,22.82229965,29.54545455,27.03150912,35.79175705,29.56298201,25.67901235,31.98090692,25.53191489,25.53191489,31.80778032,26.05633803,26.99055331,22.23719677,29.81260647,28.99824253,30.42328042,27.3006135,24.6628131,28.06088683,24.43729904,31.55668359,28.92347601,27.22852512,29.93697479,31.61478599,30.80808081,31.16591928,28.7804878,25.24271845,30.97345133,27.81395349,30.48048048,36.87214612,31.30990415,25.41567696,30.28720627,36.38211382,28.75,31.62055336,27.96208531,29.31798051,26.26262626,29.56120092,23.30677291,28.48232848,24.58333333,32.4278438,28.57142857,30.63407181,32.02614379,30.03952569,22.37414543,21.00840336,32.74111675,31.84449959,29.48717949,33.24538259,35.92644979,25.28735632,22.36024845,22.80851064,31.09919571,29.2971246,35.81715717,28.69198312,26.45502646,28.52112676,22.72727273,23.93075356,31.11726685
Environment & Sustainability,Time leaving for work,% Leaving for work between 8am-9am,2016,"Time leaving for work refers to the time of day at which a person usually leaves home to go to their place of work. Reported for population aged 15 years and over in private households, who worked at some time since January 1, 2015, and who reported having a usual place of work or no fixed workplace address.","Statistics Canada Census of Population; Ottawa Community Data Consortium, Community Data Program of the Canadian Council on Social Development",24.67346452,22.42152466,na,18.11764706,19.85111663,26.67660209,21.89922481,21.51281009,24.53468697,na,25.71090047,36.41881639,38.35063437,34.31899642,16.45021645,17.88617886,22.76029056,23.82445141,21.34615385,23.07692308,23.42519685,15.45293073,34.25160698,19.13875598,21.80200222,25.84692597,28.23529412,22.38993711,18.99159664,41.99655766,40.47619048,25.23117569,28.23529412,17.27941176,17.97101449,19.52191235,na,19.24144311,16.70761671,0,15.88785047,33.24432577,39.72125436,18.18181818,22.3880597,29.28416486,26.4781491,27.16049383,25.89498807,29.25531915,18.93617021,21.96796339,22.03219316,24.02159244,22.91105121,25.04258944,30.75571178,22.48677249,28.06748466,28.32369942,23.82528127,34.5659164,15.56683587,32.6848249,23.66288493,24.47478992,23.15175097,21.88552189,20.40358744,18.29268293,30.09708738,12.68436578,28.37209302,18.86886887,22.37442922,15.01597444,39.5091053,18.97302002,16.76829268,26.875,26.87747036,30.26404875,22.76350753,17.67676768,34.52655889,16.63346614,39.91683992,28.75,26.31578947,15.05102041,21.7723453,21.1328976,20.55335968,22.49844624,18.48739496,19.71235195,16.29445823,19.23076923,23.02110818,23.12588402,27.5862069,43.47826087,35.06382979,23.05630027,22.1086262,21.22730119,26.37130802,18.69488536,13.38028169,22.72727273,32.07739308,36.28808864
Environment & Sustainability,Time leaving for work,% Leaving for work after 9am or before 5am,2016,"Time leaving for work refers to the time of day at which a person usually leaves home to go to their place of work. Reported for population aged 15 years and over in private households, who worked at some time since January 1, 2015, and who reported having a usual place of work or no fixed workplace address.","Statistics Canada Census of Population; Ottawa Community Data Consortium, Community Data Program of the Canadian Council on Social Development",24.50749696,26.9058296,na,27.29411765,29.28039702,21.31147541,22.09302326,22.20414803,32.31810491,na,29.85781991,22.30652504,26.38408304,23.65591398,16.45021645,22.49322493,30.50847458,27.27272727,19.61538462,30.3030303,29.13385827,28.77442274,23.14049587,17.22488038,28.92102336,28.35633626,24.70588235,25.53459119,30.08403361,20.48192771,21.42857143,19.94715984,23.92156863,17.09558824,18.55072464,15.33864542,na,20.16651249,23.0958231,35.29411765,14.76635514,27.77036048,28.57142857,16.47727273,24.70978441,20.82429501,24.16452442,30.61728395,21.95704057,24.20212766,31.06382979,27.68878719,28.77263581,27.66531714,34.50134771,26.2350937,25.48330404,26.05820106,26.22699387,26.7822736,25.87690271,29.90353698,19.54314721,23.47600519,20.09724473,24.26470588,22.56809339,24.07407407,22.94469357,20.24390244,23.30097087,20.05899705,23.90697674,21.57157157,20.77625571,18.21086262,26.12826603,22.28024369,20.22357724,25.625,23.91304348,24.9830738,25.06643047,20.70707071,24.24942263,37.94820717,21.41372141,30.625,20.37351443,21.17346939,24.44614209,23.36601307,21.83794466,31.3238036,37.18487395,20.34686971,21.50537634,20.37037037,22.62532982,19.73125884,33.49753695,27.95031056,31.74468085,25.73726542,23.03514377,19.661866,22.99578059,32.27513228,14.78873239,18.18181818,32.07739308,20.59095106
General Demographics,Population & age,Total population (2016),2016,Number of persons in a neighbourhood,"Statistics Canada Census of Population; Ottawa Community Data Consortium, Community Data Program of the Canadian Council on Social Development",916855,7260,na,4580,4140,6770,5180,24240,6385,na,9820,6970,27985,10920,2225,3680,8645,3835,5900,5610,10650,6640,9780,2015,10505,8820,825,8365,5885,5760,590,9115,2970,5225,3605,5250,na,10055,4210,170,5360,7350,6210,1890,6135,5955,4280,4455,10305,4230,4725,4890,11455,8215,9210,6540,12645,8105,7265,6375,15785,5115,11325,9075,6655,11175,10605,12020,14785,4210,1765,3555,11635,18800,8735,3230,12675,11090,9840,1630,6040,16475,11370,1965,9680,13485,4910,6205,6995,4145,25285,17975,10370,19150,5335,23035,12240,7535,14470,14020,6055,2000,11480,4145,31395,16620,10320,6540,2540,255,9460,11440
General Demographics,Population & age,# Children (0-14),2016,"Age refers to the age of a person (or subject) of interest at last birthday (or relative to a specified, well-defined reference date).","Statistics Canada Census of Population; Ottawa Community Data Consortium, Community Data Program of the Canadian Council on Social Development",155440,1020,NA,515,730,1005,765,4995,830,na,1795,1055,1545,1535,275,700,1080,575,1060,1100,1960,1035,1105,405,1840,1565,105,1550,770,1025,20,1420,410,900,635,1015,na,2045,620,20,1055,865,1185,320,995,860,770,620,1595,600,650,800,1795,1365,1915,1045,1855,1430,885,705,4090,225,2615,1135,1360,1750,1790,3040,2180,710,95,455,1730,3110,2340,405,1825,2060,1935,235,750,3190,1925,360,1525,2870,700,765,945,625,5485,3320,1575,3120,905,5665,1635,1355,3100,3530,620,290,1080,565,6725,4340,1250,650,370,30,1045,1700
General Demographics,Population & age,# Youth (15-24),2016,"Age refers to the age of a person (or subject) of interest at last birthday (or relative to a specified, well-defined reference date).","Statistics Canada Census of Population; Ottawa Community Data Consortium, Community Data Program of the Canadian Council on Social Development",124855,880,na,620,405,970,600,3320,1365,na,1395,1125,3770,1320,285,485,1705,345,835,830,1800,1010,900,225,1570,1590,90,1265,1000,685,60,1120,355,655,440,645,na,1405,450,10,640,1645,970,215,890,730,560,615,1390,700,645,590,1510,1225,1520,795,1990,1000,870,640,1995,720,1585,750,745,1450,1540,1475,1685,570,75,460,1390,3015,1130,345,1785,1245,1285,230,680,2155,1380,255,1110,2435,440,960,625,480,3775,2395,1470,2580,1350,2920,1505,895,2345,1435,1650,350,3170,545,3980,1680,920,855,285,20,1200,860
General Demographics,Population & age,# Adults (25-64),2016,"Age refers to the age of a person (or subject) of interest at last birthday (or relative to a specified, well-defined reference date).","Statistics Canada Census of Population; Ottawa Community Data Consortium, Community Data Program of the Canadian Council on Social Development",504205,3990,na,2445,2465,3690,2800,13440,3185,na,5580,3815,19255,6225,1370,2025,4235,1975,3085,2925,5935,3660,6525,1240,5425,4730,440,4520,3285,3255,445,4740,1420,3030,1900,2815,na,5760,2400,100,2915,3950,3230,1060,3460,2770,2275,2335,4860,2095,2600,2470,6080,4195,4730,3485,6455,4135,3570,3505,8570,3395,6260,4670,3660,5940,5835,6620,7875,2235,700,2100,6345,10615,4765,1810,7030,6400,5480,905,2950,8345,6500,1090,5000,6990,2670,3400,3790,2380,14155,10210,5700,10640,2575,12835,6820,3930,7920,7860,3190,920,5950,2195,17060,9295,6500,3770,1505,135,5810,6590
General Demographics,Population & age,# Seniors (65+),2016,"Age refers to the age of a person (or subject) of interest at last birthday (or relative to a specified, well-defined reference date).","Statistics Canada Census of Population; Ottawa Community Data Consortium, Community Data Program of the Canadian Council on Social Development",132355,1370,na,1005,525,1095,1000,2490,1005,na,1050,985,3410,1840,300,470,1625,930,920,750,940,930,1245,155,1660,940,195,1025,835,800,60,1835,775,640,625,770,na,845,735,50,755,895,820,295,790,1590,685,890,2480,840,830,1030,2075,1435,1040,1220,2355,1540,1935,1530,1135,770,865,2525,895,2030,1450,880,3045,685,895,545,2165,2070,500,670,2045,1400,1140,240,1665,2785,1560,250,2050,1205,1095,1085,1635,650,1870,2065,1625,2800,505,1610,2285,1350,1105,1190,585,450,1285,850,3625,1295,1665,1275,375,75,1415,2285
General Demographics,Population & age,% Children (0-14),2016,"Age refers to the age of a person (or subject) of interest at last birthday (or relative to a specified, well-defined reference date).","Statistics Canada Census of Population; Ottawa Community Data Consortium, Community Data Program of the Canadian Council on Social Development",16.95360771,14.04958678,na,11.24454148,17.63285024,14.84490399,14.76833977,20.60643564,12.99921691,na,18.2790224,15.13629842,5.520814722,14.05677656,12.35955056,19.02173913,12.49277039,14.9934811,17.96610169,19.60784314,18.40375587,15.5873494,11.29856851,20.09925558,17.51546882,17.74376417,12.72727273,18.52958757,13.08411215,17.79513889,3.389830508,15.5787164,13.8047138,17.22488038,17.61442441,19.33333333,na,20.33814023,14.72684086,11.76470588,19.68283582,11.76870748,19.0821256,16.93121693,16.21841891,14.44164568,17.99065421,13.91694725,15.47792334,14.18439716,13.75661376,16.3599182,15.67001309,16.61594644,20.79261672,15.97859327,14.66982997,17.64342998,12.18169305,11.05882353,25.91067469,4.398826979,23.09050773,12.50688705,20.43576258,15.65995526,16.87883074,25.29118136,14.74467366,16.86460808,5.382436261,12.79887482,14.86892995,16.54255319,26.78878077,12.53869969,14.39842209,18.57529306,19.66463415,14.41717791,12.41721854,19.36267071,16.93051891,18.32061069,15.75413223,21.28290693,14.25661914,12.32876712,13.50964975,15.07840772,21.69270318,18.47009736,15.18804243,16.2924282,16.96344892,24.59301064,13.35784314,17.98274718,21.42363511,25.17831669,10.23947151,14.5,9.407665505,13.63088058,21.42060838,26.11311673,12.1124031,9.93883792,14.56692913,11.76470588,11.04651163,14.86013986
General Demographics,Population & age,% Youth (15-24),2016,"Age refers to the age of a person (or subject) of interest at last birthday (or relative to a specified, well-defined reference date).","Statistics Canada Census of Population; Ottawa Community Data Consortium, Community Data Program of the Canadian Council on Social Development",13.61774763,12.12121212,na,13.5371179,9.782608696,14.32791728,11.58301158,13.69636964,21.37823023,na,14.20570265,16.14060258,13.47150259,12.08791209,12.80898876,13.17934783,19.72238288,8.996088657,14.15254237,14.79500891,16.90140845,15.21084337,9.202453988,11.1662531,14.94526416,18.02721088,10.90909091,15.12253437,16.99235344,11.89236111,10.16949153,12.28743829,11.95286195,12.53588517,12.20527046,12.28571429,na,13.97314769,10.6888361,5.882352941,11.94029851,22.38095238,15.61996779,11.37566138,14.50692747,12.25860621,13.08411215,13.8047138,13.48859777,16.54846336,13.65079365,12.06543967,13.18201659,14.9117468,16.50380022,12.1559633,15.73744563,12.33806292,11.97522368,10.03921569,12.63858093,14.07624633,13.99558499,8.26446281,11.19459053,12.9753915,14.52145215,12.27121464,11.39668583,13.5391924,4.249291785,12.9395218,11.94671251,16.03723404,12.93646251,10.68111455,14.08284024,11.22633003,13.05894309,14.11042945,11.25827815,13.08042489,12.13720317,12.97709924,11.46694215,18.05710048,8.961303462,15.47139404,8.934953538,11.58021713,14.92980028,13.3240612,14.17550627,13.47258486,25.30459231,12.67636206,12.29575163,11.87790312,16.20594333,10.23537803,27.25020644,17.5,27.61324042,13.14837153,12.67717789,10.10830325,8.914728682,13.0733945,11.22047244,7.843137255,12.68498943,7.517482517
General Demographics,Population & age,% Adults (25-64),2016,"Age refers to the age of a person (or subject) of interest at last birthday (or relative to a specified, well-defined reference date).","Statistics Canada Census of Population; Ottawa Community Data Consortium, Community Data Program of the Canadian Council on Social Development",54.99288328,54.95867769,na,53.38427948,59.5410628,54.50516987,54.05405405,55.44554455,49.8825372,na,56.82281059,54.73457676,68.80471681,57.00549451,61.57303371,55.02717391,48.98785425,51.49934811,52.28813559,52.13903743,55.72769953,55.12048193,66.71779141,61.53846154,51.6420752,53.62811791,53.33333333,54.03466826,55.81988105,56.51041667,75.42372881,52.00219419,47.81144781,57.99043062,52.70457698,53.61904762,na,57.28493287,57.00712589,58.82352941,54.38432836,53.7414966,52.01288245,56.08465608,56.39771801,46.51553317,53.15420561,52.41301908,47.16157205,49.52718676,55.02645503,50.51124744,53.07725884,51.06512477,51.35722041,53.28746177,51.047845,51.01789019,49.13971094,54.98039216,54.29204941,66.37341153,55.27593819,51.4600551,54.99624343,53.15436242,55.02121641,55.07487521,53.26344268,53.08788599,39.66005666,59.07172996,54.53373442,56.46276596,54.55065827,56.0371517,55.46351085,57.70964833,55.69105691,55.52147239,48.8410596,50.65250379,57.16798593,55.47073791,51.65289256,51.83537264,54.37881874,54.79452055,54.18155826,57.4185766,55.9818074,56.80111266,54.96624879,55.5613577,48.26616682,55.7195572,55.71895425,52.15660252,54.73393227,56.06276748,52.68373245,46,51.82926829,52.95536791,54.33986304,55.92659446,62.98449612,57.64525994,59.2519685,52.94117647,61.41649049,57.6048951
General Demographics,Population & age,% Seniors (65+),2016,"Age refers to the age of a person (or subject) of interest at last birthday (or relative to a specified, well-defined reference date).","Statistics Canada Census of Population; Ottawa Community Data Consortium, Community Data Program of the Canadian Council on Social Development",14.43576138,18.87052342,na,21.94323144,12.68115942,16.17429838,19.30501931,10.27227723,15.74001566,na,10.69246436,14.13199426,12.18509916,16.84981685,13.48314607,12.77173913,18.79699248,24.25032595,15.59322034,13.36898396,8.82629108,14.0060241,12.73006135,7.692307692,15.80199905,10.65759637,23.63636364,12.25343694,14.18861512,13.88888889,10.16949153,20.13165112,26.09427609,12.24880383,17.3370319,14.66666667,na,8.403779214,17.4584323,29.41176471,14.0858209,12.17687075,13.20450886,15.60846561,12.87693562,26.70025189,16.0046729,19.97755331,24.06598738,19.85815603,17.56613757,21.06339468,18.11436054,17.46804626,11.29207383,18.65443425,18.62396204,19.0006169,26.63454921,24,7.190370605,15.05376344,7.637969095,27.82369146,13.44853494,18.1655481,13.67279585,7.321131448,20.59519784,16.27078385,50.7082153,15.33052039,18.60764933,11.0106383,5.724098454,20.74303406,16.13412229,12.62398557,11.58536585,14.72392638,27.56622517,16.90440061,13.72031662,12.72264631,21.17768595,8.935854653,22.30142566,17.48589847,23.37383846,15.68154403,7.395689144,11.48817803,15.67020251,14.62140992,9.46579194,6.989364011,18.66830065,17.91639018,7.636489288,8.487874465,9.661436829,22.5,11.19337979,20.5066345,11.54642459,7.791817088,16.13372093,19.49541284,14.76377953,29.41176471,14.9577167,19.97377622
Community & Belonging,Population & age,Median age,2016,"Age refers to the age of a person (or subject) of interest at last birthday (or relative to a specified, well-defined reference date).","Statistics Canada Census of Population; Ottawa Community Data Consortium, Community Data Program of the Canadian Council on Social Development",39.5,43.2,na,50.7,38.4,40,42.9,38,35.3,na,35.4,42.5,34.4,41.3,47,43.8,38.7,49.3,45.2,35.2,36.2,37.2,36.6,33.7,38.1,36.8,40,38.7,36.7,40.9,38,48.9,51.6,43.9,45.2,42.7,na,36.7,44.5,45.1,40.9,33.6,40.2,44.9,37.4,49.1,39.9,40.4,46.4,42.6,39.8,44.4,40.8,40.2,30.9,43.2,41.3,42.1,49,47.5,35.3,37.6,36.6,50.6,43.6,42.4,43.4,33.7,46.4,46.5,65.9,46.6,42.9,41.1,32.5,49.5,39.3,37.2,42.9,44.1,51.1,43.5,41.6,41.1,45.9,30.8,46.8,37,45.8,46.2,35.5,39.9,44.5,39,28,34.3,46.4,44.2,37.7,36,29,49.9,29.9,42.9,39.3,34.8,41.7,43.5,46.1,54.4,36.3,44.2
General Demographics,Population & age,Median age,2016,"Age refers to the age of a person (or subject) of interest at last birthday (or relative to a specified, well-defined reference date).","Statistics Canada Census of Population; Ottawa Community Data Consortium, Community Data Program of the Canadian Council on Social Development",39.5,43.2,na,50.7,38.4,40,42.9,38,35.3,na,35.4,42.5,34.4,41.3,47,43.8,38.7,49.3,45.2,35.2,36.2,37.2,36.6,33.7,38.1,36.8,40,38.7,36.7,40.9,38,48.9,51.6,43.9,45.2,42.7,na,36.7,44.5,45.1,40.9,33.6,40.2,44.9,37.4,49.1,39.9,40.4,46.4,42.6,39.8,44.4,40.8,40.2,30.9,43.2,41.3,42.1,49,47.5,35.3,37.6,36.6,50.6,43.6,42.4,43.4,33.7,46.4,46.5,65.9,46.6,42.9,41.1,32.5,49.5,39.3,37.2,42.9,44.1,51.1,43.5,41.6,41.1,45.9,30.8,46.8,37,45.8,46.2,35.5,39.9,44.5,39,28,34.3,46.4,44.2,37.7,36,29,49.9,29.9,42.9,39.3,34.8,41.7,43.5,46.1,54.4,36.3,44.2
General Demographics,Marital Status,% Married/Common law,2016,"Married refers to persons who have legally married and are not separated, divorced or widowed. <br>Common law refers to persons who are living with a person as a couple but who are not legally married to that person.","Statistics Canada Census of Population; Ottawa Community Data Consortium, Community Data Program of the Canadian Council on Social Development",56.99219879,51.20192308,na,54.17690418,55.0660793,56.20121422,58.04988662,65.75733957,44.96402878,na,43.27521793,56.6722973,38.94458105,57.75173149,63.68286445,72.31543624,51.28883014,68.25153374,68.38842975,49.44567627,52.93440736,45.98930481,45.61707036,65.3250774,52.10617426,52.2398346,55.86206897,58.00293686,48.38709677,64.94192186,48.24561404,71.02014295,67.7734375,67.78290993,69.36026936,70.6855792,na,65.60549313,61.22733612,58.06451613,67.4796748,50.73245952,59.40298507,64.76190476,53.69649805,56.32973503,55.55555556,54.10691004,59.5524957,50.62068966,52.14723926,60.39119804,49.30160372,56.35036496,48.66346813,56.86988171,52.33904585,60.34482759,56.53876273,43.65079365,66.31038906,39.81576254,64.92537313,52.20403023,71.5769594,49.86737401,62.13151927,66.46239554,61.56287188,67.8111588,54.79041916,61.352657,53.50832913,61.12173359,66.69272869,66.37168142,55.20737327,62.86662977,69.7027198,62.3655914,62.15704825,67.59503199,61.24933827,69.56521739,56.4071122,41.82760245,58.19477435,33.82352941,48.51239669,68.60795455,60.78282828,64.03957694,63.36746303,43.68174727,40.4735062,63.47150259,63.83781235,67.63754045,62.31310466,69.11344137,38.73045078,67.05539359,35.20923521,56.22377622,67.50456112,70.67209776,43.38478501,36.81085666,67.81609195,27.27272727,41.9239905,55.41859271
General Demographics,Marital Status,% Single (never married),2016,Never married refers to persons who have never legally married and are not living with a person as a couple.,"Statistics Canada Census of Population; Ottawa Community Data Consortium, Community Data Program of the Canadian Council on Social Development",30.38730267,31.57051282,na,28.62407862,30.69016153,30.78924545,26.8707483,25.35723565,42.08633094,na,40.1618929,32.60135135,48.68545489,28.55620671,22.50639386,21.47651007,36.54990086,19.47852761,23.65702479,34.58980044,35.21288838,36.45276292,37.94694348,25.3869969,34.27582227,35.5616816,27.5862069,30.46989721,36.6568915,27.34952482,43.85964912,20.72774529,22.65625,22.05542725,21.04377104,20.6855792,na,26.46691635,25.80195258,16.12903226,23.22880372,41.32613724,30.24875622,24.12698413,34.63035019,26.69283611,30.48433048,30.63885267,27.07974756,32.68965517,33.37423313,26.52811736,33.10915675,31.16788321,36.25771076,27.1155596,33.44140806,26.61169415,26.54659358,32.53968254,24.58315519,46.36642784,25.83237658,26.00755668,20.49102927,32.89124668,27.15419501,25.2367688,25.22808409,23.17596567,17.66467066,26.24798712,30.79252903,28.45761632,25.33229085,21.23893805,33.77880184,25.17985612,22.20113852,28.67383513,23.08420057,21.94203989,26.68078348,22.98136646,27.77437155,41.68629298,26.36579572,46.41544118,29.75206612,22.44318182,29.11616162,26.23677926,26.39362912,38.59594384,46.11048478,26.71272309,24.75247525,21.60194175,28.71591909,21.7349857,50.32198712,26.82215743,53.77585378,28.67132867,23.06912629,21.34419552,37.54134509,38.67684478,21.6091954,29.54545455,42.4584323,26.65639445
General Demographics,Marital Status,% Separated/Divorced/Widowed,2016,"Separated refers to persons who are married but who are no longer living with their spouse (for reasons other than, for example, illness, work or school), have not obtained a divorce and are not living with a person as a couple. <br>Divorced refers to persons who have obtained a legal divorce, have not remarried and are not living with a person as a couple. <br>Widowed refers to persons who have lost their married spouse through death, have not remarried and are not living with a person as a couple.","Statistics Canada Census of Population; Ottawa Community Data Consortium, Community Data Program of the Canadian Council on Social Development",12.62115521,17.1474359,na,17.1990172,14.39060206,13.00954033,15.19274376,8.91140556,12.85971223,na,16.50062267,10.55743243,12.36996406,13.6920618,13.81074169,6.375838926,12.22736286,12.11656442,7.851239669,16.07538803,11.79516686,17.64705882,16.49365629,8.978328173,13.67570687,12.12956582,15.86206897,11.60058737,14.85826002,7.814149947,7.01754386,8.252111761,9.9609375,10.16166282,9.259259259,8.628841608,na,7.927590512,12.9707113,16.12903226,9.175377468,8.018504241,10.24875622,11.11111111,11.57587549,17.07556428,14.24501425,15.25423729,13.36775674,16.68965517,14.47852761,12.95843521,17.64097258,12.48175182,15.01028101,15.92356688,14.17322835,13.11844078,16.99295223,23.72134039,9.063702437,13.71545548,9.242250287,21.91435768,8.026440038,17.24137931,10.65759637,8.356545961,13.20904403,9.155937053,27.54491018,12.56038647,15.69914185,10.48438496,8.053166536,12.38938053,11.01382488,11.95351411,8.096141682,8.602150538,14.85335856,10.46292811,12.1228163,7.142857143,15.81851625,16.43900141,15.55819477,19.76102941,21.81818182,8.948863636,10.1010101,9.757761856,10.29579067,17.75351014,13.52874859,9.815774324,11.4097124,10.5987055,8.970976253,9.199237369,11.13155474,6.12244898,11.06301106,15.1048951,9.446584229,8.024439919,19.12899669,24.51229856,11.03448276,43.18181818,15.6175772,17.92501284
General Demographics,Immigration,# Newcomers (2011-2016),2016,Year of immigration refers to the year in which the immigrant first obtained landed immigrant or permanent resident status.,"Statistics Canada Census of Population; Ottawa Community Data Consortium, Community Data Program of the Canadian Council on Social Development",30075,400,na,100,85,250,175,570,255,na,335,270,840,315,0,40,330,85,35,640,445,500,190,0,690,330,10,305,280,50,20,95,20,0,10,25,na,135,105,0,30,240,120,0,160,105,125,425,290,130,170,75,610,325,1290,210,295,125,95,315,625,130,135,260,115,320,320,745,245,20,75,10,370,265,375,0,315,270,60,30,115,715,230,0,250,1675,110,230,430,15,840,270,195,1635,725,675,105,25,350,390,390,45,425,115,455,595,340,375,15,0,395,205
General Demographics,Immigration,# Newcomers (2006-2010),2016,Year of immigration refers to the year in which the immigrant first obtained landed immigrant or permanent resident status.,"Statistics Canada Census of Population; Ottawa Community Data Consortium, Community Data Program of the Canadian Council on Social Development",28150,350,na,85,70,75,155,665,250,na,485,230,765,305,20,10,135,90,70,270,455,470,235,65,535,280,10,285,195,40,30,85,50,0,10,35,na,310,90,0,0,230,125,10,140,215,75,165,340,95,155,100,425,180,875,175,355,165,115,230,665,165,255,240,70,545,235,860,165,50,50,55,445,405,425,20,185,245,70,20,145,805,345,15,155,1465,85,325,280,45,1030,455,160,845,390,905,140,30,390,440,290,35,290,130,565,705,250,215,10,0,320,295
General Demographics,Immigration,# Non-permanent residents,2016,"A non-permanent resident refers to a person from another country who has a work or study permit or who is a refugee claimant, and the family members sharing the same permit and living in Canada with them.","Statistics Canada Census of Population; Ottawa Community Data Consortium, Community Data Program of the Canadian Council on Social Development",15090,155,na,15,20,195,55,115,415,na,150,200,795,265,10,0,390,30,20,280,280,145,85,10,275,115,0,85,190,40,15,65,15,0,0,0,na,50,15,0,0,760,60,0,55,75,40,135,80,150,100,25,180,145,485,115,425,55,85,165,180,150,20,135,0,185,65,225,95,10,65,0,175,85,100,10,270,60,15,0,70,235,25,10,125,525,95,165,165,10,210,90,40,455,500,125,25,0,110,95,1055,25,645,115,70,150,95,145,0,15,160,75
General Demographics,Immigration,% Newcomers (2011-2016),2016,Year of immigration refers to the year in which the immigrant first obtained landed immigrant or permanent resident status.,"Statistics Canada Census of Population; Ottawa Community Data Consortium, Community Data Program of the Canadian Council on Social Development",3.280217263,5.513439008,na,2.183406114,2.053140097,3.6954915,3.37512054,2.351485149,3.993735317,na,3.413143148,3.87374462,3.002144389,2.883295195,0,1.086956522,3.817235396,2.219321149,0.593220339,11.40819964,4.178403756,7.524454477,1.942740286,0,6.568300809,3.741496599,1.212121212,3.64614465,4.757858963,0.868055556,3.389830508,1.042238069,0.673400673,0,0.27739251,0.476190476,na,1.342615614,2.497027348,0,0.559701493,3.263086336,1.93236715,0,2.60798696,1.763224181,2.920560748,9.539842873,2.81416788,3.076923077,3.597883598,1.53531218,5.325185509,3.958587089,14.00651466,3.20855615,2.33293792,1.542257866,1.307639367,4.941176471,3.958201393,2.541544477,1.19205298,2.865013774,1.726726727,2.863534676,3.017444602,6.198003328,1.657084883,0.475059382,4.249291785,0.281293952,3.180060163,1.409199681,4.293073841,0,2.485207101,2.434625789,0.609756098,1.840490798,1.90397351,4.338592233,2.022867194,0,2.582644628,12.42120875,2.242609582,3.706688155,6.142857143,0.362318841,3.322127744,1.502086231,1.880424301,8.537859008,13.58950328,2.9296875,0.857843137,0.331785003,2.418797512,2.782732786,6.440957886,2.25,3.702090592,2.774427021,1.449506212,3.580024067,3.294573643,5.729564553,0.589390963,0,4.175475687,1.791958042
General Demographics,Immigration,% Newcomers (2006-2010),2016,Year of immigration refers to the year in which the immigrant first obtained landed immigrant or permanent resident status.,"Statistics Canada Census of Population; Ottawa Community Data Consortium, Community Data Program of the Canadian Council on Social Development",3.070261545,4.824259132,na,1.855895197,1.690821256,1.10864745,2.989392478,2.74339934,3.915426782,na,4.9414162,3.299856528,2.734095783,2.791762014,0.898876404,0.27173913,1.561596298,2.349869452,1.186440678,4.812834225,4.272300469,7.072987208,2.402862986,3.217821782,5.092812946,3.174603175,1.212121212,3.407053198,3.313508921,0.694444444,5.084745763,0.932528799,1.683501684,0,0.27739251,0.666666667,na,3.083043262,2.140309156,0,0,3.127124405,2.012882448,0.529100529,2.28198859,3.610411419,1.752336449,3.703703704,3.299369238,2.24852071,3.28042328,2.047082907,3.710170231,2.192448234,9.500542888,2.673796791,2.807433768,2.035780382,1.582931865,3.607843137,4.211526282,3.225806452,2.251655629,2.644628099,1.051051051,4.876957494,2.215935879,7.154742097,1.115995942,1.187648456,2.83286119,1.547116737,3.824666953,2.153682531,4.865483686,0.619195046,1.459566075,2.209197475,0.711382114,1.226993865,2.400662252,4.884708738,3.034300792,0.765306122,1.601239669,10.86392288,1.732925586,5.237711523,4,1.086956522,4.0735614,2.531293463,1.542912247,4.412532637,7.310215558,3.927951389,1.14379085,0.398142004,2.695231513,3.1394934,4.789430223,1.75,2.526132404,3.136308806,1.799936285,4.241877256,2.42248062,3.284950344,0.392927308,0,3.382663848,2.578671329
General Demographics,Immigration,% Non-permanent residents,2016,"A non-permanent resident refers to a person from another country who has a work or study permit or who is a refugee claimant, and the family members sharing the same permit and living in Canada with them.","Statistics Canada Census of Population; Ottawa Community Data Consortium, Community Data Program of the Canadian Council on Social Development",1.645834697,2.136457615,na,0.327510917,0.483091787,2.88248337,1.06075217,0.474422442,6.499608457,na,1.528273051,2.869440459,2.841315225,2.425629291,0.449438202,0,4.511278195,0.783289817,0.338983051,4.991087344,2.629107981,2.182091798,0.869120654,0.495049505,2.617801047,1.303854875,0,1.016138673,3.228547154,0.694444444,2.542372881,0.713110258,0.505050505,0,0,0,na,0.497265042,0.356718193,0,0,10.33310673,0.966183575,0,0.896495518,1.259445844,0.934579439,3.03030303,0.776322174,3.550295858,2.116402116,0.511770727,1.571366216,1.766138855,5.266015201,1.757066463,3.361012258,0.678593461,1.169993118,2.588235294,1.139962001,2.93255132,0.176600442,1.487603306,0,1.655480984,0.612918435,1.8718802,0.642543118,0.237529691,3.682719547,0,1.50408251,0.452007445,1.144819691,0.309597523,2.130177515,0.541027953,0.152439024,0,1.158940397,1.425970874,0.219876869,0.510204082,1.291322314,3.893214683,1.936799185,2.65914585,2.357142857,0.241545894,0.830531936,0.50069541,0.385728062,2.375979112,9.372071228,0.542534722,0.204248366,0,0.760193504,0.677845166,17.42361685,1.25,5.618466899,2.774427021,0.223000956,0.902527076,0.920542636,2.215431627,0,5.882352941,1.691331924,0.655594406
General Demographics,Immigration,% First generation immigrants,2016,"First generation includes persons who were born outside Canada. For the most part, these are people who are now, or once were, immigrants to Canada.","Statistics Canada Census of Population; Ottawa Community Data Consortium, Community Data Program of the Canadian Council on Social Development",26.27500382,31.56443832,na,19.3231441,20.04830918,21.27031019,23.64864865,24.71122112,38.18466354,na,27.20326032,37.37446198,26.32237312,30.17399267,7.882882883,12.22826087,28.68710237,25.58746736,16.03053435,44.74153298,39.57746479,40.70729872,21.67689162,21.09181141,37.88672061,38.54875283,28.65853659,31.08188882,26.25318607,14.75694444,29.66101695,17.00493692,22.55892256,6.507177033,9.015256588,10.38095238,na,24.02985075,16.152019,20.58823529,6.71641791,30.68027211,21.33655395,9.234828496,24.61287694,28.04366079,21.72897196,35.61797753,28.37051406,34.08284024,28.78306878,23.21063395,31.95111305,27.77101096,50.92290988,26.98776758,29.72332016,17.45835904,29.43603851,30.35294118,36.13046232,24.7311828,19.69094923,26.54185022,14.3501127,30.42505593,21.91328935,45.88186356,17.4163003,12.2327791,34.2776204,11.53305204,25.51546392,18.79819197,34.91700057,7.41885626,21.14398422,20.46889089,13.66869919,22.39263804,27.92046396,38.17905918,22.16358839,10.17811705,19.93801653,52.89317507,27.69857434,31.99033038,27.5,8.564535585,30.21554281,19.58275382,18.32208293,32.16710183,47.3289597,26.35120469,12.54084967,9.760956175,31.05354059,25.72244024,44.83897605,30.92269327,29.3989547,31.12183353,15.72156738,30.59566787,18.45930233,25.05729565,6.679764244,21.56862745,32.11833069,21.24125874
General Demographics,Immigration,% Second generation immigrants,2016,"Second generation includes persons who were born in Canada and had at least one parent born outside Canada. For the most part, these are the children of immigrants.","Statistics Canada Census of Population; Ottawa Community Data Consortium, Community Data Program of the Canadian Council on Social Development",20.80688437,16.88490696,na,18.77729258,19.80676329,19.79320532,21.91119691,23.01980198,23.78716745,na,22.92409577,23.88809182,20.69335239,22.34432234,14.41441441,16.16847826,21.80451128,21.67101828,20.94995759,23.4402852,26.43192488,21.44469526,21.3190184,18.11414392,23.32222751,32.4829932,31.70731707,27.01733413,18.52166525,24.13194444,18.6440678,19.19912233,22.8956229,14.64114833,14.42441054,15.9047619,na,21.14427861,15.79572447,11.76470588,14.17910448,19.59183673,26.9726248,16.62269129,21.27139364,22.67002519,20.09345794,19.5505618,20.02909796,23.55029586,21.9047619,22.59713701,21.73723265,21.43727162,20.24972856,19.64831804,23.00395257,18.75385564,22.14580468,18.2745098,24.31918936,20.91886608,20,19.9339207,15.4770849,20.53691275,19.98114986,26.91347754,16.80757525,11.40142518,15.86402266,12.23628692,19.88831615,17.54852433,29.9942759,12.82843895,22.68244576,18.16952209,19.9695122,25.15337423,22.86661143,24.8861912,18.9533861,13.48600509,21.38429752,22.77448071,21.28309572,20.2256245,16.21428571,11.45958987,23.29444335,20.86230876,17.59884282,17.80678851,17.05716963,20.40373345,15.19607843,14.94023904,25.59585492,23.04673564,16.51527663,25.68578554,21.8641115,23.40168878,18.79579484,25.33092659,14.68023256,14.74407945,9.430255403,13.7254902,21.02482831,22.98951049
General Demographics,Immigration,# Economic immigrants,2016,"Economic immigrant includes immigrants who have been selected for their ability to contribute to Canada's economy through their ability to meet labour market needs, to own and manage or to build a business, to make a substantial investment, to create their own employment or to meet specific provincial or territorial labour market needs.","Statistics Canada Census of Population; Ottawa Community Data Consortium, Community Data Program of the Canadian Council on Social Development",76545,715,na,235,215,335,480,2480,655,na,420,1150,2310,950,55,105,575,295,275,670,1585,720,560,200,1280,965,35,820,330,190,65,470,165,50,40,120,na,920,205,0,95,630,300,50,405,400,265,380,880,490,385,390,960,720,1600,640,760,340,595,595,2685,460,665,720,370,985,790,2520,710,145,130,80,735,975,1225,35,615,840,305,70,505,3255,920,10,605,1555,340,365,690,100,3020,1105,600,1470,830,2190,355,110,1850,1520,785,105,965,340,1855,2460,425,450,25,10,550,630
General Demographics,Immigration,# Refugees,2016,Refugee includes immigrants who were granted permanent resident status on the basis of a well-founded fear of returning to their home country.,"Statistics Canada Census of Population; Ottawa Community Data Consortium, Community Data Program of the Canadian Council on Social Development",39525,500,na,90,115,165,145,895,340,na,970,215,1105,480,0,10,235,105,95,690,785,710,345,45,890,695,50,510,280,75,20,100,45,50,0,10,na,380,60,0,15,115,105,0,295,225,180,515,400,195,245,60,865,390,1280,185,490,180,210,270,740,130,330,220,65,820,220,765,225,35,80,75,655,375,570,15,255,375,135,60,235,385,165,15,135,3075,75,695,320,25,1160,425,225,2065,630,1150,160,35,675,520,295,20,420,160,515,500,410,360,10,10,780,310
General Demographics,Indigenous People,# Indigenous People,2016,"According to Statistics Canada, Aboriginal identity refers to whether the person identified with the Aboriginal peoples of Canada. This includes those who are First Nations (North American Indian), Métis or Inuk (Inuit) and/or those who are Registered or Treaty Indians (that is, registered under the Indian Act of Canada), and/or those who have membership in a First Nation or Indian band. Aboriginal peoples of Canada are defined in the Constitution Act, 1982, Section 35 (2) as including the Indian, Inuit and Métis peoples of Canada.","Statistics Canada Census of Population; Ottawa Community Data Consortium, Community Data Program of the Canadian Council on Social Development",22960,270,na,135,180,155,125,385,160,na,485,105,860,155,85,50,165,105,160,135,200,255,300,100,270,145,15,250,180,105,15,120,45,140,155,150,na,255,120,0,210,205,80,25,175,130,60,80,170,65,130,150,300,270,155,155,245,185,100,195,205,125,315,170,110,290,240,135,395,160,35,95,320,490,175,80,250,355,350,30,80,190,270,70,195,285,115,200,215,155,665,435,330,955,205,385,460,160,235,235,125,30,275,55,575,280,790,435,110,15,250,240
General Demographics,Indigenous People,% Indigenous People,2016,"According to Statistics Canada, Aboriginal identity refers to whether the person identified with the Aboriginal peoples of Canada. This includes those who are First Nations (North American Indian), Métis or Inuk (Inuit) and/or those who are Registered or Treaty Indians (that is, registered under the Indian Act of Canada), and/or those who have membership in a First Nation or Indian band. Aboriginal peoples of Canada are defined in the Constitution Act, 1982, Section 35 (2) as including the Indian, Inuit and Métis peoples of Canada.","Statistics Canada Census of Population; Ottawa Community Data Consortium, Community Data Program of the Canadian Council on Social Development",2.504212771,3.72157133,na,2.947598253,4.353083434,2.289512555,2.410800386,1.588283828,2.503912363,na,4.938900204,1.507537688,3.073624017,1.418764302,3.820224719,1.358695652,1.908617698,2.74151436,2.711864407,2.406417112,1.877934272,3.837471783,3.067484663,4.962779156,2.570204664,1.64399093,1.818181818,2.988643156,3.058623619,1.824500434,2.521008403,1.316511245,1.512605042,2.676864245,4.305555556,2.857142857,na,2.536051716,2.850356295,0,3.917910448,2.789115646,1.288244767,1.322751323,2.852485738,2.183039463,1.401869159,1.795735129,1.649684619,1.538461538,2.751322751,3.07062436,2.618943693,3.286670724,1.682953312,2.370030581,1.937524713,2.282541641,1.375515818,3.058823529,1.298701299,2.443792766,2.781456954,1.873278237,1.652892562,2.5950783,2.262016965,1.12312812,2.671626649,3.800475059,1.983002833,2.672292546,2.750322303,2.605689976,2.003434459,2.476780186,1.972386588,3.201082056,3.556910569,1.840490798,1.324503311,1.152912621,2.374670185,3.562340967,2.01446281,2.114243323,2.344546381,3.223207091,3.071428571,3.743961353,2.630017797,2.420027816,3.182256509,4.98694517,3.842549203,1.671369655,3.758169935,2.123424021,1.623488774,1.676774884,2.064409579,1.496259352,2.395470383,1.326899879,1.831501832,1.684717208,7.658749394,6.651376147,4.322200393,5.882352941,2.642706131,2.098819414
General Demographics,Families & Households,% Single-parent families,2016,Lone-parent family includes families containing only one parent with his or her child(ren).,"Statistics Canada Census of Population; Ottawa Community Data Consortium, Community Data Program of the Canadian Council on Social Development",16.14897082,20.95959596,na,20.29520295,23.0125523,16.44908616,16.27906977,11.92982456,22.43589744,na,29.97946612,17.79448622,12.82952548,14.37802908,14.58333333,7.01754386,15.4185022,8.333333333,7.777777778,24.3902439,23.76910017,25.15151515,17.58474576,9.482758621,23.66148532,24.02464066,8.888888889,17.47368421,21.47435897,9.253731343,0,6.412478336,10.52631579,10.73619632,8.810572687,8.024691358,na,11.73469388,19.25925926,0,9.090909091,10.89385475,13.7829912,14.52991453,22.15909091,15.82089552,23.29317269,16.11570248,16.61237785,20.44444444,20.30651341,18,25.51834131,18.27956989,27.96610169,19.32114883,18.22222222,19.15322581,14.86810552,20.32786885,12.75626424,13.76146789,14.39509954,16.8699187,8.980582524,25.81168831,15.68322981,11.19515885,15.52863436,8.846153846,9.183673469,13.3640553,19.3498452,15.85473871,11.97478992,9.708737864,11.67664671,16.74074074,7.731092437,12.37113402,13.44086022,9.221311475,16.12903226,7.5,12.03883495,34.36532508,13.92857143,32.17054264,23.18059299,8.076923077,16.92307692,13.98148148,14.81481481,28.45100105,27.42616034,16.29515757,13.51351351,10.51502146,13.86503067,12.11750306,20.78431373,8.870967742,20.75055188,14.95726496,11.03931072,10.33402923,25.14619883,25,8.695652174,37.5,20.91954023,14.67741935
General Demographics,Families & Households,Average household size,2016,Household size refers to the number of persons in a private household.,"Statistics Canada Census of Population; Ottawa Community Data Consortium, Community Data Program of the Canadian Council on Social Development",2.5,2.3,na,2.3,2.3,2.3,2.2,2.9,2.2,na,2.2,2.6,1.5,2.2,2.4,3,2.5,2.4,2.9,2.6,2.8,2.3,1.8,2.6,2.6,3,2.1,2.9,2.3,2.5,1.5,2.7,2.7,2.7,2.8,2.8,na,3,2.4,2,2.8,2.1,2.6,2.6,2.7,2.3,2.5,2.2,2.6,2.5,2.5,2.5,2.3,2.7,2.7,2.4,2.3,2.6,2.3,1.8,3.2,1.5,3,2,2.8,2.3,2.7,3.2,2.5,2.8,1.7,2.5,2.3,2.9,3.3,2.4,2.1,2.6,2.9,2.8,2.4,2.8,2.6,2.8,2.2,2.6,2,1.8,1.9,2.7,3,2.8,2.7,2.2,2.3,3,2.6,2.7,3.1,2.9,1.9,2.9,1.8,2.5,2.9,3,1.8,1.8,2.6,1.4,1.8,2
General Demographics,Families & Households,# People living alone,2016,Household size refers to the number of persons in a private household.,"Statistics Canada Census of Population; Ottawa Community Data Consortium, Community Data Program of the Canadian Council on Social Development",105745,1010,na,545,495,815,715,1195,1005,na,1845,560,11060,1610,215,135,775,340,275,580,825,1110,2880,190,960,505,170,530,800,570,230,455,165,305,170,265,na,420,390,30,290,1085,540,155,455,815,425,690,850,450,455,380,1720,600,825,720,1755,625,945,1815,615,2030,500,1965,295,1560,650,550,1360,195,500,320,1555,860,335,285,2150,790,385,95,655,1120,855,100,1640,1650,950,1975,1665,245,1260,935,570,3300,785,1250,870,480,685,730,1285,65,3160,415,1590,775,2585,1880,175,120,2680,2535
General Demographics,Families & Households,% People living alone,2016,Household size refers to the number of persons in a private household.,"Statistics Canada Census of Population; Ottawa Community Data Consortium, Community Data Program of the Canadian Council on Social Development",11.53344858,13.92143349,na,11.89956332,11.97097944,12.04730229,13.8030888,4.929867987,15.74001566,na,18.78818737,8.034433286,39.52117206,14.73684211,9.662921348,3.668478261,8.969907407,8.877284595,4.661016949,10.32947462,7.750117426,16.70428894,29.44785276,9.429280397,9.138505474,5.725623583,20.60606061,6.335923491,13.59388275,9.895833333,38.98305085,4.991771805,5.555555556,5.831739962,4.722222222,5.047619048,na,4.177026355,9.274673008,17.64705882,5.410447761,14.76190476,8.695652174,8.179419525,7.416462918,13.68597817,9.929906542,15.50561798,8.24442289,10.65088757,9.639830508,7.778915046,15.008726,7.303712721,8.962520369,11.00917431,13.87900356,7.711289328,12.99862448,28.47058824,3.896103896,39.68719453,4.415011038,21.64096916,4.429429429,13.95973154,6.126295947,4.577611319,9.195402299,4.631828979,28.3286119,8.988764045,13.36484744,4.573251795,3.835145965,8.823529412,16.96252465,7.12032447,3.912601626,5.828220859,10.84437086,6.798179059,7.519788918,5.089058524,16.94214876,12.24035608,19.34826884,31.82917002,23.78571429,5.917874396,4.982206406,5.203116305,5.496624879,17.23237598,14.71415183,5.426524853,7.107843137,6.370272064,4.732297064,5.206847361,21.20462046,3.25,27.53812636,10.01206273,5.064500717,4.663056558,25.04844961,28.74617737,6.876227898,48,28.32980973,22.15909091
General Demographics,Families & Households,% Households with multiple families,2016,Multiple-family household refers to a household in which two or more census families (with or without additional persons) occupy the same private dwelling.,"Statistics Canada Census of Population; Ottawa Community Data Consortium, Community Data Program of the Canadian Council on Social Development",1.571885326,1.582278481,na,1.275510204,1.136363636,1.903114187,0.431965443,2.289156627,0.862068966,na,0.883002208,2.272727273,0.164113786,1.544799176,2.150537634,2.409638554,1.169590643,1.277955272,2.43902439,3.537735849,2.600780234,1.546391753,0.358102059,1.265822785,2.241594022,3.760683761,2.53164557,3.066439523,0.772200772,0.431034483,0,1.34529148,1.339285714,2.604166667,1.930501931,2.127659574,na,2.694610778,2.011494253,0,1.047120419,0,0,4.081632653,1.750547046,1.377952756,1.149425287,1.253132832,1.119402985,0.890207715,2.393617021,1.298701299,1.380670611,1.983471074,1.764705882,1.286764706,1.086956522,1.904761905,0.801282051,0.568181818,3.131313131,0.29717682,2.266666667,0.547045952,1.70575693,1.658031088,2.05655527,4.868421053,1.42021721,3.703703704,1.470588235,2.105263158,1.085883514,1.759755164,3.759398496,1.115241636,0.422297297,1.777251185,1.791044776,3.418803419,1.571709234,2.711864407,1.951779564,1.428571429,0.342075257,2.111324376,0,0.423728814,0.686813187,2.614379085,3.098927294,2.042419482,1.307189542,1.870251315,1.304347826,2.457956016,1.772679875,1.97486535,3.078556263,1.983298539,0.481540931,0,0.235849057,2.102102102,1.602564103,2.989130435,0.888099467,0.966850829,3.06122449,0,0.759734093,0.602409639
Economy & Employment,Household Income,Median household income (AT),2015,Household after-tax income refers to total income minus income taxes of all household members during a specified reference period.,"Statistics Canada Census of Population; Ottawa Community Data Consortium, Community Data Program of the Canadian Council on Social Development",73836,60643,na,71338,63370,68904,72145,96364,51743,na,43986,91960,51272,75258,73140,102961,69305,87835,105521,52578,70699,45765,52100,80157,64047,76221,75570,75026,58230,103973,73543,110839,108166,88946,91920,93667,na,101258,78504,NA,89524,65072,102300,81192,69537,77590,68338,62992,84668,73679,68280,84293,53028,74643,49097,76011,67569,78772,71291,43569,98413,54686,99174,60979,107435,61156,92012,81522,80530,101728,65685,72694,67643,95208,95174,77268,79146,78680,109395,90449,91159,102008,82250,93030,73629,40155,82374,34677,52838,88307,88476,91119,91279,48299,39499,92558,85416,90595,96090,100352,40117,189059,45461,75647,101471,98817,46681,38290,86507,NA,43328,67336
Community & Belonging,Language spoken,% Who can speak neither English nor French,2016,"Knowledge of official languages refers to whether the person can conduct a conversation in English only, French only, in both or in neither language. For a child who has not yet learned to speak, this includes languages that the child is learning to speak at home.","Statistics Canada Census of Population; Ottawa Community Data Consortium, Community Data Program of the Canadian Council on Social Development",1.496419826,1.721763085,na,0.873362445,0.362756953,1.403249631,1.737451737,1.2169967,1.957713391,na,1.425661914,3.156384505,1.357870288,2.152014652,0,0.27173913,1.156737999,0.783289817,0.338983051,4.897595726,1.596244131,2.182091798,1.482617587,0.496277916,1.285102332,2.664399093,1.212121212,3.167961745,1.189464741,0.173611111,3.361344538,0.329127811,0.505050505,0,0.27739251,0.285714286,na,1.143709597,0.831353919,0,0,0.476190476,0.241545894,0.527704485,0.814995925,1.091519731,0.23364486,4.382022472,1.357904947,1.301775148,0.740740741,0.204708291,2.051505893,3.53227771,3.802281369,1.680672269,1.581027668,0.493522517,1.375515818,1.175548589,2.311589614,0.48828125,0.927152318,1.212121212,0.15015015,1.610738255,1.036757776,4.201331115,0.30436253,0.237529691,4.532577904,0.562587904,0.859106529,0.39893617,2.060675444,0,0.90765588,0.85624155,0.457317073,2.147239264,0.993377483,2.82245827,1.539138083,0,0.619834711,6.379821958,0.203665988,2.256244964,1.572551823,0,1.759936721,0.806675939,0.578871201,3.65535248,3.748828491,0.954861111,0.326797386,0.132714001,1.96959226,1.569186876,1.650165017,0,0.783972125,1.085645356,0.541487498,2.166064982,1.162790698,0.916730328,0,0,5.546751189,1.52972028
Community & Belonging,Language spoken,% Who can speak English only,2016,"Knowledge of official languages refers to whether the person can conduct a conversation in English only, French only, in both or in neither language. For a child who has not yet learned to speak, this includes languages that the child is learning to speak at home.","Statistics Canada Census of Population; Ottawa Community Data Consortium, Community Data Program of the Canadian Council on Social Development",59.4390607,46.90082645,na,71.1790393,75.09068924,65.65731167,68.53281853,67.59488449,67.26703211,na,67.15885947,65.35150646,55.36894765,61.03479853,75.73033708,72.96195652,71.65991903,66.97127937,68.81355932,65.53873553,63.28638498,58.54025583,56.74846626,63.27543424,65.68300809,59.97732426,63.63636364,60.90854752,69.83857264,53.55902778,50.42016807,66.37410861,66.66666667,68.35564054,78.36338419,73.9047619,na,37.5932372,46.19952494,31.42857143,74.34701493,54.3537415,49.75845411,75.72559367,49.47025265,53.65239295,70.56074766,62.69662921,47.62366634,66.86390533,71.21693122,62.33367451,68.52902663,71.80267966,72.35198262,69.289534,57.50988142,52.00493523,68.63823934,70.68965517,66.87777074,45.60546875,37.61589404,66.83195592,71.92192192,41.16331096,41.14043355,68.34442596,46.12783226,33.37292162,47.30878187,57.10267229,55.36941581,44.46808511,58.78649113,78.94736842,53.15706393,74.53808022,63.00813008,68.09815951,57.78145695,68.04248862,70.75637643,79.89821883,62.19008264,63.7611276,44.19551935,43.43271555,40.67190851,36.42943305,67.96519676,69.65229485,41.14809455,47.49347258,74.7891284,40.4296875,45.17973856,74.71798275,64.06357982,60.7703281,64.27392739,44.25,49.43379791,67.55126659,69.15113872,66.33574007,41.4244186,41.86401833,34.18467583,39.21568627,59.69360803,58.39160839
Community & Belonging,Language spoken,% Who can speak French only,2016,"Knowledge of official languages refers to whether the person can conduct a conversation in English only, French only, in both or in neither language. For a child who has not yet learned to speak, this includes languages that the child is learning to speak at home.","Statistics Canada Census of Population; Ottawa Community Data Consortium, Community Data Program of the Canadian Council on Social Development",1.352994748,3.856749311,na,0.436681223,0.483675937,0.147710487,0.482625483,0.412541254,1.096319499,na,2.087576375,0.286944046,0.643201715,0.320512821,0,0.27173913,0.1735107,0.261096606,0.423728814,1.513802315,1.596244131,3.16027088,1.073619632,1.985111663,1.713469776,1.64399093,0,0.896592947,0.934579439,0,0,0.274273176,0,0.478011472,0,0,na,3.132769766,2.494061758,0,0,0.952380952,0.322061192,0,3.178484108,1.091519731,0.23364486,0,1.93986421,0.591715976,0.634920635,0,1.178524662,0.182704019,1.846822379,0.305576776,1.383399209,1.912399753,0.7565337,0.548589342,0.886637112,1.3671875,3.355408389,0.44077135,0.15015015,4.966442953,3.581526861,0.915141431,2.265809943,1.781472684,4.532577904,0.562587904,1.847079038,2.393617021,1.202060675,0.309597523,0.236779795,0.675980171,0.558943089,0,0.165562914,0.273141123,0.307827617,0,0.103305785,3.152818991,1.018329939,6.043513296,3.645461044,4.342581423,0.514138817,0.194714882,2.363724071,4.203655352,0.562324274,4.210069444,1.919934641,0.132714001,0.483759502,0.356633381,0.660066007,0,1.655052265,0.241254524,0.127408823,0.481347774,3.875968992,6.111535523,3.143418468,5.882352941,0.950871632,0.305944056
Community & Belonging,Language spoken,% Who can speak both English and French,2016,"Knowledge of official languages refers to whether the person can conduct a conversation in English only, French only, in both or in neither language. For a child who has not yet learned to speak, this includes languages that the child is learning to speak at home.","Statistics Canada Census of Population; Ottawa Community Data Consortium, Community Data Program of the Canadian Council on Social Development",37.71207007,47.45179063,na,27.40174672,24.06287787,32.79172821,29.34362934,30.7549505,29.678935,na,29.32790224,31.20516499,42.61211363,36.53846154,24.49438202,26.63043478,26.95199537,32.11488251,30.42372881,28.13891362,33.52112676,36.11738149,40.74642127,34.49131514,31.3184198,35.77097506,35.15151515,35.08667065,27.95242141,46.18055556,46.21848739,32.96763577,32.996633,31.16634799,21.3592233,25.80952381,na,58.08055694,50.47505938,62.85714286,25.46641791,44.14965986,49.67793881,23.21899736,46.61776691,44.16456759,28.97196262,32.80898876,48.98157129,31.36094675,27.40740741,37.4616172,28.32824094,24.48233861,21.99891363,28.72421696,39.5256917,45.5891425,29.22971114,27.5862069,29.89233692,52.5390625,58.10154525,31.51515152,27.77777778,52.2147651,54.24128181,26.5391015,51.30199527,64.48931116,43.62606232,41.91279887,41.83848797,52.79255319,37.95077275,20.89783282,45.69850039,23.88463272,36.02642276,29.14110429,41.05960265,28.86191199,27.44063325,19.84732824,37.08677686,26.78041543,54.68431772,48.42868654,54.11007863,58.86610374,29.78050227,29.34631433,55.86107091,44.67362924,20.89971884,54.38368056,52.57352941,25.01658925,33.51762267,37.2681883,33.33333333,55.5,48.17073171,31.2424608,30.16403886,31.04693141,53.53682171,51.03132162,62.47544204,52.94117647,33.80876915,39.77272727
General Demographics,Language spoken,% Who can speak neither English nor French,2016,"Knowledge of official languages refers to whether the person can conduct a conversation in English only, French only, in both or in neither language. For a child who has not yet learned to speak, this includes languages that the child is learning to speak at home.","Statistics Canada Census of Population; Ottawa Community Data Consortium, Community Data Program of the Canadian Council on Social Development",1.496419826,1.721763085,na,0.873362445,0.362756953,1.403249631,1.737451737,1.2169967,1.957713391,na,1.425661914,3.156384505,1.357870288,2.152014652,0,0.27173913,1.156737999,0.783289817,0.338983051,4.897595726,1.596244131,2.182091798,1.482617587,0.496277916,1.285102332,2.664399093,1.212121212,3.167961745,1.189464741,0.173611111,3.361344538,0.329127811,0.505050505,0,0.27739251,0.285714286,na,1.143709597,0.831353919,0,0,0.476190476,0.241545894,0.527704485,0.814995925,1.091519731,0.23364486,4.382022472,1.357904947,1.301775148,0.740740741,0.204708291,2.051505893,3.53227771,3.802281369,1.680672269,1.581027668,0.493522517,1.375515818,1.175548589,2.311589614,0.48828125,0.927152318,1.212121212,0.15015015,1.610738255,1.036757776,4.201331115,0.30436253,0.237529691,4.532577904,0.562587904,0.859106529,0.39893617,2.060675444,0,0.90765588,0.85624155,0.457317073,2.147239264,0.993377483,2.82245827,1.539138083,0,0.619834711,6.379821958,0.203665988,2.256244964,1.572551823,0,1.759936721,0.806675939,0.578871201,3.65535248,3.748828491,0.954861111,0.326797386,0.132714001,1.96959226,1.569186876,1.650165017,0,0.783972125,1.085645356,0.541487498,2.166064982,1.162790698,0.916730328,0,0,5.546751189,1.52972028
General Demographics,Language spoken,% Who can speak English only,2016,"Knowledge of official languages refers to whether the person can conduct a conversation in English only, French only, in both or in neither language. For a child who has not yet learned to speak, this includes languages that the child is learning to speak at home.","Statistics Canada Census of Population; Ottawa Community Data Consortium, Community Data Program of the Canadian Council on Social Development",59.4390607,46.90082645,na,71.1790393,75.09068924,65.65731167,68.53281853,67.59488449,67.26703211,na,67.15885947,65.35150646,55.36894765,61.03479853,75.73033708,72.96195652,71.65991903,66.97127937,68.81355932,65.53873553,63.28638498,58.54025583,56.74846626,63.27543424,65.68300809,59.97732426,63.63636364,60.90854752,69.83857264,53.55902778,50.42016807,66.37410861,66.66666667,68.35564054,78.36338419,73.9047619,na,37.5932372,46.19952494,31.42857143,74.34701493,54.3537415,49.75845411,75.72559367,49.47025265,53.65239295,70.56074766,62.69662921,47.62366634,66.86390533,71.21693122,62.33367451,68.52902663,71.80267966,72.35198262,69.289534,57.50988142,52.00493523,68.63823934,70.68965517,66.87777074,45.60546875,37.61589404,66.83195592,71.92192192,41.16331096,41.14043355,68.34442596,46.12783226,33.37292162,47.30878187,57.10267229,55.36941581,44.46808511,58.78649113,78.94736842,53.15706393,74.53808022,63.00813008,68.09815951,57.78145695,68.04248862,70.75637643,79.89821883,62.19008264,63.7611276,44.19551935,43.43271555,40.67190851,36.42943305,67.96519676,69.65229485,41.14809455,47.49347258,74.7891284,40.4296875,45.17973856,74.71798275,64.06357982,60.7703281,64.27392739,44.25,49.43379791,67.55126659,69.15113872,66.33574007,41.4244186,41.86401833,34.18467583,39.21568627,59.69360803,58.39160839
General Demographics,Language spoken,% Who can speak French only,2016,"Knowledge of official languages refers to whether the person can conduct a conversation in English only, French only, in both or in neither language. For a child who has not yet learned to speak, this includes languages that the child is learning to speak at home.","Statistics Canada Census of Population; Ottawa Community Data Consortium, Community Data Program of the Canadian Council on Social Development",1.352994748,3.856749311,na,0.436681223,0.483675937,0.147710487,0.482625483,0.412541254,1.096319499,na,2.087576375,0.286944046,0.643201715,0.320512821,0,0.27173913,0.1735107,0.261096606,0.423728814,1.513802315,1.596244131,3.16027088,1.073619632,1.985111663,1.713469776,1.64399093,0,0.896592947,0.934579439,0,0,0.274273176,0,0.478011472,0,0,na,3.132769766,2.494061758,0,0,0.952380952,0.322061192,0,3.178484108,1.091519731,0.23364486,0,1.93986421,0.591715976,0.634920635,0,1.178524662,0.182704019,1.846822379,0.305576776,1.383399209,1.912399753,0.7565337,0.548589342,0.886637112,1.3671875,3.355408389,0.44077135,0.15015015,4.966442953,3.581526861,0.915141431,2.265809943,1.781472684,4.532577904,0.562587904,1.847079038,2.393617021,1.202060675,0.309597523,0.236779795,0.675980171,0.558943089,0,0.165562914,0.273141123,0.307827617,0,0.103305785,3.152818991,1.018329939,6.043513296,3.645461044,4.342581423,0.514138817,0.194714882,2.363724071,4.203655352,0.562324274,4.210069444,1.919934641,0.132714001,0.483759502,0.356633381,0.660066007,0,1.655052265,0.241254524,0.127408823,0.481347774,3.875968992,6.111535523,3.143418468,5.882352941,0.950871632,0.305944056
General Demographics,Language spoken,% Who can speak both English and French,2016,"Knowledge of official languages refers to whether the person can conduct a conversation in English only, French only, in both or in neither language. For a child who has not yet learned to speak, this includes languages that the child is learning to speak at home.","Statistics Canada Census of Population; Ottawa Community Data Consortium, Community Data Program of the Canadian Council on Social Development",37.71207007,47.45179063,na,27.40174672,24.06287787,32.79172821,29.34362934,30.7549505,29.678935,na,29.32790224,31.20516499,42.61211363,36.53846154,24.49438202,26.63043478,26.95199537,32.11488251,30.42372881,28.13891362,33.52112676,36.11738149,40.74642127,34.49131514,31.3184198,35.77097506,35.15151515,35.08667065,27.95242141,46.18055556,46.21848739,32.96763577,32.996633,31.16634799,21.3592233,25.80952381,na,58.08055694,50.47505938,62.85714286,25.46641791,44.14965986,49.67793881,23.21899736,46.61776691,44.16456759,28.97196262,32.80898876,48.98157129,31.36094675,27.40740741,37.4616172,28.32824094,24.48233861,21.99891363,28.72421696,39.5256917,45.5891425,29.22971114,27.5862069,29.89233692,52.5390625,58.10154525,31.51515152,27.77777778,52.2147651,54.24128181,26.5391015,51.30199527,64.48931116,43.62606232,41.91279887,41.83848797,52.79255319,37.95077275,20.89783282,45.69850039,23.88463272,36.02642276,29.14110429,41.05960265,28.86191199,27.44063325,19.84732824,37.08677686,26.78041543,54.68431772,48.42868654,54.11007863,58.86610374,29.78050227,29.34631433,55.86107091,44.67362924,20.89971884,54.38368056,52.57352941,25.01658925,33.51762267,37.2681883,33.33333333,55.5,48.17073171,31.2424608,30.16403886,31.04693141,53.53682171,51.03132162,62.47544204,52.94117647,33.80876915,39.77272727
Economy & Employment,Resident income,Median market income,2015,"The sum of employment income (wages, salaries and commissions, net self-employment income from farm or non-farm unincorporated business and/or professional practice), investment income, private retirement income (retirement pensions, superannuation and annuities, including those from registered retirement savings plans [RRSPs] and registered retirement income funds [RRIFs]) and other money income from market sources during the reference period. It is equivalent to total income minus government transfers. It is also referred to as income before transfers and taxes.","Statistics Canada Census of Population; Ottawa Community Data Consortium, Community Data Program of the Canadian Council on Social Development",41819,34816,na,38350,36030,38214,41466,48179,30369,na,27340,47245,43900,46839,41698,43934,29070,48695,50719,26932,35396,26251,42322,60120,32179,34477,58937,37986,33122,62406,66525,51573,52417,46165,45153,48218,na,50349,42845,NA,42657,40831,58455,39932,34553,44228,38099,37979,43349,34117,35766,43787,31819,34863,25559,40065,40439,41618,37116,31276,48269,45942,53654,38246,54045,36240,48479,41359,43199,50627,42494,38382,38648,45514,47117,39900,53421,41050,52166,44208,49021,52160,41991,41925,49688,21830,59266,30660,38297,45905,44144,45935,45625,27551,21232,52716,43842,43116,48890,58030,29222,83732,28870,38041,50596,55656,36393,26684,46808,NA,33552,51675
Economy & Employment,Employment,Labour force participation rate,2015,"The participation rate for a particular group (age, sex, marital status, geographic area, etc.) is the total labour force in that group, expressed as a percentage of the total population in that group.","Statistics Canada Census of Population; Ottawa Community Data Consortium, Community Data Program of the Canadian Council on Social Development",67.5,61.5,na,61.8,69.2,66.3,66.7,73.3,64.4,na,62.1,66.7,75.2,68.7,69.2,73.2,64.2,59.4,67.3,59.6,70,58.9,72.4,74.7,62.4,64,64.1,68,67.4,72.5,80.9,62.4,59.6,74.1,70.5,72,na,75.3,64.8,58.1,72.9,69.6,70.7,70.5,68.9,53.3,64.7,61.2,57.6,59.9,66.4,62.2,59.6,63.8,61.6,61.6,62.7,63.7,59.2,55,75,73.8,76.6,56.4,70.5,59.5,66.9,74.8,62,67.1,39.2,66,62.9,71.9,77.3,65.8,71,72.4,72.2,67.4,56.9,65.3,70.1,74.8,63.6,57.8,67.8,55.1,58.4,67,75.3,71.5,66.6,59.4,61.9,77.1,64.7,68.2,75.6,77,67.6,61.5,69.9,61.8,73,75.5,62.8,56,70.6,55.6,68.6,64.6
General Demographics,Racialized population,# Total racialized population,2016,"Data from Statistics Canada's ""visible minority"" target group profile dataset. Unfortunately we are limited by the groupings provided by Statistics Canada which are inconsistent (some reference countries of origin whereas others describe a skin colour). ""The Employment Equity Act defines visible minorities as 'persons, other than Aboriginal peoples, who are non-Caucasian in race or non-white in colour.'"" (Statistics Canada).","Statistics Canada Census of Population; Ottawa Community Data Consortium, Community Data Program of the Canadian Council on Social Development",241250,2280,na,680,1030,1150,965,5970,2105,na,3230,2700,6250,2965,60,175,2030,580,495,2810,5100,3240,1950,460,4460,4660,235,2825,1545,675,125,680,335,170,90,270,na,3065,585,25,130,1860,765,50,2060,1370,845,1195,2560,1550,1395,805,3820,2080,5395,1310,3125,1215,1570,1500,6725,1060,2935,1300,465,3935,2435,7030,2560,260,465,270,2710,3730,4190,45,1680,2270,940,330,1275,6690,2135,40,1055,8815,720,2140,1625,195,9365,3620,2035,7055,2810,8275,1505,265,5505,3925,2750,240,3275,910,4315,6385,1680,1755,35,55,3095,1805
General Demographics,Racialized population,# South Asian,2016,"Data from Statistics Canada's ""visible minority"" target group profile dataset. Unfortunately we are limited by the groupings provided by Statistics Canada which are inconsistent (some reference countries of origin whereas others describe a skin colour). # South Asian. For example, 'East Indian,' 'Pakistani,' 'Sri Lankan,' etc.","Statistics Canada Census of Population; Ottawa Community Data Consortium, Community Data Program of the Canadian Council on Social Development",38750,405,na,190,150,170,120,1095,145,na,145,485,1010,380,10,35,435,155,125,195,445,280,225,20,390,580,55,305,245,115,45,150,70,25,0,55,na,525,75,0,30,315,105,0,195,195,120,150,310,120,200,130,415,120,1185,270,460,125,305,335,1795,185,595,155,85,325,345,1905,340,35,70,15,255,760,540,0,235,400,145,115,170,1205,365,20,195,1070,125,145,185,30,2485,1035,210,700,425,1745,140,80,1285,755,415,45,405,85,960,1450,165,155,0,10,240,220
General Demographics,Racialized population,# Chinese,2016,"Data from Statistics Canada's ""visible minority"" target group profile dataset. Unfortunately we are limited by the groupings provided by Statistics Canada which are inconsistent (some reference countries of origin whereas others describe a skin colour). # Chinese","Statistics Canada Census of Population; Ottawa Community Data Consortium, Community Data Program of the Canadian Council on Social Development",40960,220,na,120,140,210,165,1505,570,na,275,1285,1255,1000,0,35,435,120,55,150,660,60,370,45,365,360,40,275,145,190,10,170,135,25,30,55,na,375,30,20,10,750,160,30,125,125,85,180,490,210,185,175,455,430,265,370,635,100,260,220,1450,145,135,295,90,310,600,1715,285,45,30,0,250,365,450,20,460,340,200,40,240,3700,675,0,225,285,150,175,85,0,1690,630,205,300,255,730,155,20,1350,1000,835,110,615,170,855,1730,100,100,0,10,775,415
General Demographics,Racialized population,# Black,2016,"Data from Statistics Canada's ""visible minority"" target group profile dataset. Unfortunately we are limited by the groupings provided by Statistics Canada which are inconsistent (some reference countries of origin whereas others describe a skin colour). # Black","Statistics Canada Census of Population; Ottawa Community Data Consortium, Community Data Program of the Canadian Council on Social Development",60205,935,na,145,285,195,150,1010,535,na,1485,235,1390,245,15,50,220,55,40,595,980,1310,750,110,1375,1145,10,725,470,40,10,110,20,75,0,20,na,760,210,0,60,235,170,10,725,400,250,175,760,305,415,175,1350,450,1545,185,700,560,170,385,935,295,1260,285,95,1700,645,1040,905,20,110,80,860,1260,945,0,195,475,160,40,285,180,225,0,145,3695,105,1320,670,50,1625,680,555,2930,870,2925,580,30,705,510,515,0,1065,280,680,855,720,880,10,35,645,405
General Demographics,Racialized population,# Filipino,2016,"Data from Statistics Canada's ""visible minority"" target group profile dataset. Unfortunately we are limited by the groupings provided by Statistics Canada which are inconsistent (some reference countries of origin whereas others describe a skin colour). # Filipino","Statistics Canada Census of Population; Ottawa Community Data Consortium, Community Data Program of the Canadian Council on Social Development",12035,195,na,40,70,65,35,170,45,na,80,30,250,90,10,10,110,25,20,20,205,365,105,40,340,150,10,125,135,55,0,30,15,15,15,15,na,165,30,10,0,75,60,10,55,35,105,70,160,75,70,40,285,140,520,100,120,20,205,85,325,45,70,85,10,180,70,245,150,15,60,10,145,265,110,0,60,245,90,10,45,65,155,0,75,450,50,0,250,15,605,265,140,485,205,250,130,10,310,65,80,10,75,35,225,280,95,115,10,0,35,35
General Demographics,Racialized population,# Latin American,2016,"Data from Statistics Canada's ""visible minority"" target group profile dataset. Unfortunately we are limited by the groupings provided by Statistics Canada which are inconsistent (some reference countries of origin whereas others describe a skin colour). # Latin American","Statistics Canada Census of Population; Ottawa Community Data Consortium, Community Data Program of the Canadian Council on Social Development",11150,55,na,30,45,100,70,415,125,na,155,60,405,210,0,10,115,65,50,170,285,255,100,30,295,165,10,85,100,40,0,50,25,10,0,40,na,110,85,0,10,65,15,0,135,55,50,55,125,125,70,45,190,175,120,55,90,50,80,55,150,95,140,70,25,160,65,140,165,20,20,55,140,215,50,10,150,145,45,0,110,175,35,20,25,350,85,90,90,15,405,125,90,380,80,200,75,35,195,190,130,0,150,20,230,145,205,130,0,10,140,80
General Demographics,Racialized population,# Middle Eastern,2016,"Data from Statistics Canada's ""visible minority"" target group profile dataset. Unfortunately we are limited by the groupings provided by Statistics Canada which are inconsistent (some reference countries of origin whereas others describe a skin colour). # Arab","Statistics Canada Census of Population; Ottawa Community Data Consortium, Community Data Program of the Canadian Council on Social Development",40925,225,na,35,125,240,195,660,365,na,505,240,575,360,0,0,450,90,15,1475,1720,585,110,170,1265,1850,45,1020,190,110,10,70,25,0,30,15,na,585,35,0,15,205,85,10,470,385,85,300,290,525,240,110,350,380,1110,95,650,180,310,195,795,115,375,110,60,665,485,1005,405,65,120,105,705,375,1570,0,210,280,145,60,240,555,215,0,145,2030,45,185,155,50,1170,350,500,1660,705,1355,160,10,535,795,430,0,405,150,285,805,255,200,0,0,270,205
General Demographics,Racialized population,# Southeast Asian,2016,"Data from Statistics Canada's ""visible minority"" target group profile dataset. Unfortunately we are limited by the groupings provided by Statistics Canada which are inconsistent (some reference countries of origin whereas others describe a skin colour). # Southeast Asian. For example, 'Vietnamese,' 'Cambodian,' 'Laotian,' 'Thai,' etc.","Statistics Canada Census of Population; Ottawa Community Data Consortium, Community Data Program of the Canadian Council on Social Development",12365,55,na,70,125,80,85,610,100,na,370,145,385,335,0,30,80,15,120,55,265,60,95,20,85,105,10,105,110,75,15,40,10,0,0,15,na,140,25,0,0,35,60,0,85,45,40,85,85,50,85,40,385,175,130,135,75,30,80,45,555,30,95,115,20,165,50,400,30,40,10,0,105,35,110,0,110,125,40,20,45,210,245,0,80,150,0,85,60,10,595,105,105,155,80,120,90,45,445,165,50,0,90,45,435,395,65,85,0,0,700,115
General Demographics,Racialized population,# West Asian,2016,"Data from Statistics Canada's ""visible minority"" target group profile dataset. Unfortunately we are limited by the groupings provided by Statistics Canada which are inconsistent (some reference countries of origin whereas others describe a skin colour). # West Asian. For example, 'Afghan,' 'Iranian,' etc.","Statistics Canada Census of Population; Ottawa Community Data Consortium, Community Data Program of the Canadian Council on Social Development",9005,55,na,20,0,20,35,130,135,na,65,65,400,80,0,0,35,25,25,60,260,135,25,0,55,95,65,55,30,0,25,30,10,15,0,0,na,230,50,0,0,65,0,0,95,30,50,100,155,10,25,0,160,30,350,10,150,55,75,75,390,15,115,75,20,165,70,295,115,15,20,15,120,240,215,0,65,140,10,15,75,225,50,0,60,205,10,50,80,0,215,85,90,200,70,465,55,0,165,225,190,20,155,0,180,155,25,0,10,0,60,95
General Demographics,Racialized population,# Korean,2016,"Data from Statistics Canada's ""visible minority"" target group profile dataset. Unfortunately we are limited by the groupings provided by Statistics Canada which are inconsistent (some reference countries of origin whereas others describe a skin colour). # Korean.","Statistics Canada Census of Population; Ottawa Community Data Consortium, Community Data Program of the Canadian Council on Social Development",2955,10,na,0,0,20,0,30,35,na,10,90,135,40,0,0,10,0,15,0,35,30,20,10,15,20,0,60,20,10,0,10,0,0,10,15,na,80,0,0,0,15,45,0,0,15,0,0,30,0,0,20,15,45,0,25,45,15,0,20,50,65,35,20,40,40,10,80,10,0,0,0,20,40,40,0,35,0,0,10,0,160,60,0,15,85,25,0,25,0,130,35,0,20,45,15,0,0,140,25,20,0,85,10,160,235,15,20,0,0,45,60
General Demographics,Racialized population,# Japanese,2016,"Data from Statistics Canada's ""visible minority"" target group profile dataset. Unfortunately we are limited by the groupings provided by Statistics Canada which are inconsistent (some reference countries of origin whereas others describe a skin colour). # Japanese","Statistics Canada Census of Population; Ottawa Community Data Consortium, Community Data Program of the Canadian Council on Social Development",2425,15,na,0,0,25,50,40,25,na,0,40,80,60,15,0,20,10,15,10,0,0,20,0,25,40,0,10,10,15,0,10,20,0,0,0,na,15,10,0,0,30,30,0,0,30,10,15,15,10,15,20,15,35,0,30,60,30,20,15,30,15,10,50,0,20,45,20,65,0,10,0,0,40,55,0,50,30,20,10,25,80,25,0,30,25,80,15,0,0,55,100,30,15,10,15,40,10,50,55,45,20,40,0,75,15,15,20,0,0,30,75
General Demographics,Racialized population,# Other racialized population,2016,"Data from Statistics Canada's ""visible minority"" target group profile dataset. Unfortunately we are limited by the groupings provided by Statistics Canada which are inconsistent (some reference countries of origin whereas others describe a skin colour). # ""Other visible minority"".  Includes persons with a write-in response such as 'Guyanese,' 'West Indian,' 'Tibetan,' 'Polynesian,' 'Pacific Islander,' etc.","Statistics Canada Census of Population; Ottawa Community Data Consortium, Community Data Program of the Canadian Council on Social Development",2605,35,na,15,15,15,25,55,15,na,35,15,85,30,10,0,15,0,0,10,70,20,25,0,60,50,10,15,10,0,0,0,0,10,0,0,na,15,10,0,0,10,10,10,35,10,0,25,30,20,45,10,100,45,10,15,45,25,15,25,30,20,55,20,0,30,0,10,10,0,0,0,30,35,20,10,45,20,15,0,15,20,0,0,0,215,15,0,15,0,80,100,35,45,20,165,15,10,80,0,0,10,75,15,50,40,0,15,0,0,30,15
General Demographics,Racialized population,# Non-racialized population,2016,"Data from Statistics Canada's ""visible minority"" target group profile dataset. Unfortunately we are limited by the groupings provided by Statistics Canada which are inconsistent (some reference countries of origin whereas others describe a skin colour). # Not a ""visible minority""","Statistics Canada Census of Population; Ottawa Community Data Consortium, Community Data Program of the Canadian Council on Social Development",675605,4980,na,3900,3110,5615,4220,18275,4280,na,6585,4270,21730,7955,2165,3505,6615,3250,5405,2800,5550,3405,7825,1555,6050,4165,590,5540,4345,5085,465,8435,2640,5055,3510,4985,na,6990,3625,150,5230,5495,5445,1845,4075,4580,3435,3255,7755,2675,3325,4085,7640,6130,3815,5235,9520,6890,5695,4880,9065,4060,8390,7775,6195,7240,8170,4990,12225,3950,1300,3285,8925,15080,4545,3190,10990,8820,8895,1295,4765,9785,9235,1920,8620,4670,4190,4065,5380,3945,15925,14355,8330,12095,2525,14760,10735,7265,8975,10090,3310,1760,8205,3235,27080,10235,8635,4785,2510,195,6375,9630
General Demographics,Racialized population,% Racialized population,2016,"Data from Statistics Canada's ""visible minority"" target group profile dataset. Unfortunately we are limited by the groupings provided by Statistics Canada which are inconsistent (some reference countries of origin whereas others describe a skin colour). % Total ""visible minority"" population. The Employment Equity Act defines visible minorities as 'persons, other than Aboriginal peoples, who are non-Caucasian in race or non-white in colour.'","Statistics Canada Census of Population; Ottawa Community Data Consortium, Community Data Program of the Canadian Council on Social Development",26.31277574,31.42660234,na,14.84716157,24.87922705,16.98670606,18.62934363,24.62871287,32.94209703,na,32.89205703,38.7374462,22.33738385,27.15201465,2.696629213,4.755434783,23.48178138,15.14360313,8.396946565,50.0445236,47.88732394,48.75846501,19.93865031,22.77227723,42.45597335,52.83446712,28.48484848,33.77166766,26.25318607,11.71875,21.18644068,7.460230389,11.27946128,3.253588517,2.496532594,5.142857143,na,30.48234709,13.89548694,14.70588235,2.425373134,25.30612245,12.31884058,2.638522427,33.57783211,23.00587741,19.74299065,26.85393258,24.84230956,36.68639053,29.52380952,16.46216769,33.34788302,25.31953743,58.57763301,20.03058104,24.70355731,14.99074645,21.59559835,23.52941176,42.60373773,20.72336266,25.91611479,14.32506887,6.987227648,35.21252796,22.96086752,58.48585691,17.31484613,6.175771971,26.34560907,7.594936709,23.28178694,19.84042553,47.94050343,1.393188854,13.25443787,20.45966652,9.552845528,20.24539877,21.10927152,40.60698027,18.77748461,2.03562341,10.89876033,65.36892844,14.66395112,34.48831587,23.2308792,4.710144928,37.03044682,20.13908206,19.62391514,36.84073107,52.6710403,35.92359453,12.29575163,3.516921035,38.04422944,28.00570817,45.41701073,12,28.52787456,21.95416164,13.74422679,38.41756919,16.28696074,26.83486239,1.37524558,21.56862745,32.7167019,15.77797203
General Demographics,Racialized population,% South Asian,2016,"Data from Statistics Canada's ""visible minority"" target group profile dataset. Unfortunately we are limited by the groupings provided by Statistics Canada which are inconsistent (some reference countries of origin whereas others describe a skin colour). % South Asian. For example, 'East Indian,' 'Pakistani,' 'Sri Lankan,' etc.","Statistics Canada Census of Population; Ottawa Community Data Consortium, Community Data Program of the Canadian Council on Social Development",4.226404393,5.582356995,na,4.148471616,3.623188406,2.511078287,2.316602317,4.517326733,2.269170579,na,1.476578411,6.958393113,3.609721229,3.47985348,0.449438202,0.951086957,5.031810295,4.046997389,2.120441052,3.472840606,4.178403756,4.213694507,2.300613497,0.99009901,3.712517849,6.575963719,6.666666667,3.64614465,4.163126593,1.996527778,7.627118644,1.645639057,2.356902357,0.4784689,0,1.047619048,na,5.221282944,1.781472684,0,0.559701493,4.285714286,1.690821256,0,3.178484108,3.274559194,2.803738318,3.370786517,3.008248423,2.840236686,4.232804233,2.658486708,3.622872108,1.460742544,12.86644951,4.128440367,3.636363636,1.542257866,4.195323246,5.254901961,11.37155527,3.616813294,5.253863135,1.707988981,1.277235162,2.908277405,3.253182461,15.84858569,2.299628001,0.831353919,3.966005666,0.421940928,2.190721649,4.042553191,6.178489703,0,1.854043393,3.60522758,1.473577236,7.055214724,2.814569536,7.314112291,3.210202287,1.017811705,2.01446281,7.934742306,2.545824847,2.336825141,2.644746247,0.724637681,9.826018189,5.757997218,2.025072324,3.65535248,7.966260544,7.575428695,1.14379085,1.061712011,8.880442294,5.387085266,6.853839802,2.25,3.527874564,2.05066345,3.057811753,8.7244284,1.599612215,2.370030581,0,3.921568627,2.536997886,1.923076923
General Demographics,Racialized population,% Chinese,2016,"Data from Statistics Canada's ""visible minority"" target group profile dataset. Unfortunately we are limited by the groupings provided by Statistics Canada which are inconsistent (some reference countries of origin whereas others describe a skin colour). % Chinese","Statistics Canada Census of Population; Ottawa Community Data Consortium, Community Data Program of the Canadian Council on Social Development",4.467445779,3.032391454,na,2.620087336,3.381642512,3.101920236,3.185328185,6.208745875,8.920187793,na,2.800407332,18.43615495,4.485346676,9.157509158,0,0.951086957,5.031810295,3.133159269,0.932994063,2.67141585,6.197183099,0.902934537,3.783231084,2.227722772,3.474535935,4.081632653,4.848484848,3.287507472,2.463891249,3.298611111,1.694915254,1.865057597,4.545454545,0.4784689,0.832177531,1.047619048,na,3.729487817,0.712589074,11.76470588,0.186567164,10.20408163,2.576489533,1.583113456,2.037489813,2.099076406,1.985981308,4.04494382,4.754973314,4.970414201,3.915343915,3.578732106,3.972064601,5.23432745,2.877307275,5.657492355,5.019762846,1.233806292,3.576341128,3.450980392,9.185936015,2.834799609,1.19205298,3.250688705,1.352366642,2.774049217,5.657708628,14.26788686,1.927629354,1.06888361,1.699716714,0,2.147766323,1.941489362,5.148741419,0.619195046,3.629191321,3.064443443,2.032520325,2.45398773,3.973509934,22.45827011,5.936675462,0,2.324380165,2.113459399,3.054989817,2.820306205,1.215153681,0,6.682483195,3.504867872,1.976856316,1.566579634,4.779756326,3.169090514,1.266339869,0.265428003,9.329647547,7.135212273,13.79025599,5.5,5.357142857,4.1013269,2.723363593,10.40914561,0.969461949,1.529051988,0,3.921568627,8.192389006,3.627622378
General Demographics,Racialized population,% Black,2016,"Data from Statistics Canada's ""visible minority"" target group profile dataset. Unfortunately we are limited by the groupings provided by Statistics Canada which are inconsistent (some reference countries of origin whereas others describe a skin colour). % Black","Statistics Canada Census of Population; Ottawa Community Data Consortium, Community Data Program of the Canadian Council on Social Development",6.566469071,12.88766368,na,3.165938865,6.884057971,2.880354505,2.895752896,4.166666667,8.372456964,na,15.12219959,3.371592539,4.967834167,2.243589744,0.674157303,1.358695652,2.544823597,1.436031332,0.678541137,10.59661621,9.201877934,19.71407073,7.668711656,5.445544554,13.08900524,12.98185941,1.212121212,8.667065152,7.986406117,0.694444444,1.694915254,1.206801975,0.673400673,1.435406699,0,0.380952381,na,7.558428642,4.988123515,0,1.119402985,3.197278912,2.737520129,0.527704485,11.81744091,6.7170445,5.841121495,3.93258427,7.37506065,7.218934911,8.783068783,3.578732106,11.78524662,5.47778454,16.7752443,2.828746177,5.533596838,6.909315238,2.338376891,6.039215686,5.923344948,5.767350929,11.12582781,3.140495868,1.427498122,15.21252796,6.082036775,8.652246256,6.121068651,0.475059382,6.232294618,2.250351617,7.388316151,6.70212766,10.81235698,0,1.538461538,4.281207751,1.62601626,2.45398773,4.718543046,1.092564492,1.978891821,0,1.497933884,27.40081572,2.138492872,21.2731668,9.578270193,1.207729469,6.425464611,3.783031989,5.351976856,15.3002611,16.30740394,12.69806816,4.738562092,0.398142004,4.872149274,3.638958259,8.505367465,0,9.277003484,6.755126659,2.165949992,5.144404332,6.98012603,13.45565749,0.392927308,13.7254902,6.818181818,3.54020979
General Demographics,Racialized population,% Filipino,2016,"Data from Statistics Canada's ""visible minority"" target group profile dataset. Unfortunately we are limited by the groupings provided by Statistics Canada which are inconsistent (some reference countries of origin whereas others describe a skin colour). % Filipino","Statistics Canada Census of Population; Ottawa Community Data Consortium, Community Data Program of the Canadian Council on Social Development",1.312639403,2.687801516,na,0.873362445,1.690821256,0.960118168,0.675675676,0.701320132,0.704225352,na,0.814663951,0.430416069,0.893495354,0.824175824,0.449438202,0.27173913,1.272411799,0.652741514,0.339270568,0.35618878,1.924882629,5.492851768,1.073619632,1.98019802,3.236554022,1.700680272,1.212121212,1.494321578,2.293967715,0.954861111,0,0.329127811,0.505050505,0.28708134,0.416088766,0.285714286,na,1.640974639,0.712589074,5.882352941,0,1.020408163,0.966183575,0.527704485,0.896495518,0.587741394,2.453271028,1.573033708,1.552644347,1.775147929,1.481481481,0.81799591,2.487996508,1.704199635,5.646036916,1.529051988,0.948616601,0.246761258,2.819807428,1.333333333,2.058916693,0.879765396,0.618101545,0.936639118,0.15026296,1.610738255,0.660066007,2.038269551,1.014541765,0.356294537,3.399433428,0.281293952,1.245704467,1.409574468,1.258581236,0,0.473372781,2.208201893,0.914634146,0.613496933,0.745033113,0.394537178,1.363236588,0,0.774793388,3.337041157,1.018329939,0,3.573981415,0.362318841,2.392249901,1.474269819,1.350048216,2.532637076,3.842549203,1.085304971,1.062091503,0.132714001,2.142363511,0.463788798,1.32122213,0.5,0.653310105,0.844390832,0.71667463,1.684717208,0.920988851,1.758409786,0.392927308,0,0.369978858,0.305944056
General Demographics,Racialized population,% Latin American,2016,"Data from Statistics Canada's ""visible minority"" target group profile dataset. Unfortunately we are limited by the groupings provided by Statistics Canada which are inconsistent (some reference countries of origin whereas others describe a skin colour). % Latin American","Statistics Canada Census of Population; Ottawa Community Data Consortium, Community Data Program of the Canadian Council on Social Development",1.21611378,0.758097864,na,0.655021834,1.086956522,1.477104874,1.351351351,1.712046205,1.956181534,na,1.578411405,0.860832138,1.447462473,1.923076923,0,0.27173913,1.330248699,1.697127937,0.848176421,3.02760463,2.676056338,3.837471783,1.022494888,1.485148515,2.808186578,1.870748299,1.212121212,1.016138673,1.699235344,0.694444444,0,0.548546352,0.841750842,0.19138756,0,0.761904762,na,1.093983093,2.019002375,0,0.186567164,0.884353741,0.241545894,0,2.200488998,0.923593619,1.168224299,1.235955056,1.213003396,2.958579882,1.481481481,0.920245399,1.658664339,2.130249544,1.302931596,0.840978593,0.711462451,0.616903146,1.100412655,0.862745098,0.950269243,1.857282502,1.236203091,0.771349862,0.3756574,1.431767338,0.612918435,1.164725458,1.115995942,0.475059382,1.133144476,1.547116737,1.202749141,1.143617021,0.57208238,0.309597523,1.183431953,1.306894998,0.457317073,0,1.821192053,1.062215478,0.307827617,1.017811705,0.258264463,2.595476455,1.731160896,1.450443191,1.28663331,0.362318841,1.601423488,0.695410292,0.867888139,1.984334204,1.499531396,0.868243977,0.612745098,0.464499005,1.347615757,1.355690332,2.146985962,0,1.306620209,0.482509047,0.732600733,0.87244284,1.987396995,1.987767584,0,3.921568627,1.479915433,0.699300699
General Demographics,Racialized population,% Middle-Eastern,2016,"Data from Statistics Canada's ""visible minority"" target group profile dataset. Unfortunately we are limited by the groupings provided by Statistics Canada which are inconsistent (some reference countries of origin whereas others describe a skin colour). % Arab","Statistics Canada Census of Population; Ottawa Community Data Consortium, Community Data Program of the Canadian Council on Social Development",4.463628382,3.101309442,na,0.76419214,3.019323671,3.545051699,3.764478764,2.722772277,5.712050078,na,5.142566191,3.443328551,2.055039314,3.296703297,0,0,5.205320995,2.349869452,0.254452926,26.26892253,16.15023474,8.803611738,1.124744376,8.415841584,12.04188482,20.97505669,5.454545455,12.19366408,3.228547154,1.909722222,1.694915254,0.767964893,0.841750842,0,0.832177531,0.285714286,na,5.818000995,0.831353919,0,0.279850746,2.789115646,1.368760064,0.527704485,7.660961695,6.465155332,1.985981308,6.741573034,2.81416788,12.4260355,5.079365079,2.249488753,3.055434308,4.625684723,12.05211726,1.452599388,5.138339921,2.220851326,4.264099037,3.058823529,5.036426988,2.248289345,3.311258278,1.212121212,0.901577761,5.950782998,4.573314474,8.361064892,2.739262766,1.543942993,6.798866856,2.953586498,6.056701031,1.994680851,17.96338673,0,1.656804734,2.523659306,1.473577236,3.680981595,3.973509934,3.368740516,1.890941073,0,1.497933884,15.05376344,0.916496945,2.981466559,2.215868477,1.207729469,4.62633452,1.947148818,4.821600771,8.668407311,13.21462043,5.882352941,1.307189542,0.132714001,3.697304768,5.672493757,7.101568951,0,3.527874564,3.618817853,0.907787864,4.843561974,2.472127969,3.058103976,0,0,2.854122622,1.791958042
General Demographics,Racialized population,% Southeast Asian,2016,"Data from Statistics Canada's ""visible minority"" target group profile dataset. Unfortunately we are limited by the groupings provided by Statistics Canada which are inconsistent (some reference countries of origin whereas others describe a skin colour). % Southeast Asian. For example, 'Vietnamese,' 'Cambodian,' 'Laotian,' 'Thai,' etc.","Statistics Canada Census of Population; Ottawa Community Data Consortium, Community Data Program of the Canadian Council on Social Development",1.348632008,0.758097864,na,1.528384279,3.019323671,1.1816839,1.640926641,2.51650165,1.564945227,na,3.767820774,2.080344333,1.375982845,3.067765568,0,0.815217391,0.925390399,0.391644909,2.03562341,0.979519145,2.488262911,0.902934537,0.971370143,0.99009901,0.809138505,1.19047619,1.212121212,1.255230126,1.869158879,1.302083333,2.542372881,0.438837082,0.336700337,0,0,0.285714286,na,1.392342118,0.593824228,0,0,0.476190476,0.966183575,0,1.385493073,0.755667506,0.934579439,1.91011236,0.82484231,1.183431953,1.798941799,0.81799591,3.360977739,2.130249544,1.411509229,2.064220183,0.592885375,0.370141888,1.100412655,0.705882353,3.515996199,0.586510264,0.838852097,1.267217631,0.30052592,1.476510067,0.471475719,3.327787022,0.202908353,0.950118765,0.566572238,0,0.902061856,0.186170213,1.258581236,0,0.867850099,1.126633619,0.406504065,1.226993865,0.745033113,1.274658574,2.154793316,0,0.826446281,1.112347052,0,1.369863014,0.85775554,0.241545894,2.35270858,0.584144645,1.012536162,0.809399478,1.499531396,0.520946386,0.735294118,0.597213006,3.075328265,1.177310025,0.825763832,0,0.783972125,1.085645356,1.385570951,2.376654633,0.630150267,1.29969419,0,0,7.399577167,1.005244755
General Demographics,Racialized population,% West Asian,2016,"Data from Statistics Canada's ""visible minority"" target group profile dataset. Unfortunately we are limited by the groupings provided by Statistics Canada which are inconsistent (some reference countries of origin whereas others describe a skin colour). % West Asian. For example, 'Afghan,' 'Iranian,' etc.","Statistics Canada Census of Population; Ottawa Community Data Consortium, Community Data Program of the Canadian Council on Social Development",0.982161847,0.758097864,na,0.436681223,0,0.295420975,0.675675676,0.53630363,2.112676056,na,0.66191446,0.932568149,1.429592566,0.732600733,0,0,0.4048583,0.652741514,0.42408821,1.06856634,2.441314554,2.031602709,0.255623722,0,0.523560209,1.077097506,7.878787879,0.657501494,0.509770603,0,4.237288136,0.329127811,0.336700337,0.28708134,0,0,na,2.287419194,1.187648456,0,0,0.884353741,0,0,1.548492258,0.503778338,1.168224299,2.247191011,1.504124212,0.236686391,0.529100529,0,1.396769969,0.365185636,3.800217155,0.152905199,1.185770751,0.678593461,1.031636864,1.176470588,2.470700032,0.293255132,1.015452539,0.826446281,0.30052592,1.476510067,0.660066007,2.454242928,0.777815353,0.356294537,1.133144476,0.421940928,1.030927835,1.276595745,2.459954233,0,0.512820513,1.261829653,0.101626016,0.920245399,1.241721854,1.365705615,0.439753738,0,0.619834711,1.520207638,0.203665988,0.805801773,1.143674053,0,0.850138395,0.472878999,0.867888139,1.044386423,1.312089972,2.018667245,0.449346405,0,1.140290256,1.605422761,3.13790256,1,1.350174216,0,0.573339704,0.932611312,0.242365487,0,0.392927308,0,0.634249471,0.83041958
General Demographics,Racialized population,% Korean,2016,"Data from Statistics Canada's ""visible minority"" target group profile dataset. Unfortunately we are limited by the groupings provided by Statistics Canada which are inconsistent (some reference countries of origin whereas others describe a skin colour). % Korean","Statistics Canada Census of Population; Ottawa Community Data Consortium, Community Data Program of the Canadian Council on Social Development",0.322297419,0.137835975,na,0,0,0.295420975,0,0.123762376,0.547730829,na,0.101832994,1.291248207,0.482487491,0.366300366,0,0,0.1156738,0,0.254452926,0,0.328638498,0.451467269,0.204498978,0.495049505,0.142789148,0.22675737,0,0.717274357,0.339847069,0.173611111,0,0.10970927,0,0,0.27739251,0.285714286,na,0.795624068,0,0,0,0.204081633,0.724637681,0,0,0.251889169,0,0,0.291120815,0,0,0.408997955,0.130947185,0.547778454,0,0.382262997,0.355731225,0.185070944,0,0.31372549,0.316756414,1.270772239,0.309050773,0.220385675,0.601051841,0.357941834,0.094295144,0.665557404,0.067636118,0,0,0,0.171821306,0.212765957,0.457665904,0,0.276134122,0,0,0.613496933,0,0.971168437,0.527704485,0,0.154958678,0.630329996,0.509164969,0,0.357398142,0,0.514037169,0.194714882,0,0.104438642,0.84348641,0.065118298,0,0,0.967519005,0.178380307,0.330305533,0,0.740418118,0.241254524,0.509635292,1.413959085,0.145419292,0.305810398,0,0,0.475687104,0.524475524
General Demographics,Racialized population,% Japanese,2016,"Data from Statistics Canada's ""visible minority"" target group profile dataset. Unfortunately we are limited by the groupings provided by Statistics Canada which are inconsistent (some reference countries of origin whereas others describe a skin colour). % Japanese","Statistics Canada Census of Population; Ottawa Community Data Consortium, Community Data Program of the Canadian Council on Social Development",0.264491114,0.206753963,na,0,0,0.369276219,0.965250965,0.165016502,0.391236307,na,0,0.573888092,0.285918513,0.549450549,0.674157303,0,0.2313476,0.261096606,0.254452926,0.17809439,0,0,0.204498978,0,0.237981913,0.453514739,0,0.119545726,0.169923534,0.260416667,0,0.10970927,0.673400673,0,0,0,na,0.149179513,0.237529691,0,0,0.408163265,0.483091787,0,0,0.503778338,0.23364486,0.337078652,0.145560408,0.236686391,0.317460317,0.408997955,0.130947185,0.426049909,0,0.458715596,0.4743083,0.370141888,0.275103164,0.235294118,0.190053849,0.293255132,0.088300221,0.550964187,0,0.178970917,0.424328147,0.166389351,0.439634765,0,0.566572238,0,0,0.212765957,0.629290618,0,0.394477318,0.270392068,0.203252033,0.613496933,0.413907285,0.485584219,0.219876869,0,0.309917355,0.185391175,1.629327902,0.241740532,0,0,0.217477264,0.556328234,0.289296046,0.078328982,0.187441425,0.065118298,0.326797386,0.132714001,0.345542502,0.392436675,0.743187448,1,0.348432056,0,0.238891543,0.090252708,0.145419292,0.305810398,0,0,0.317124736,0.655594406
General Demographics,Racialized population,% Other racialized population,2016,"Data from Statistics Canada's ""visible minority"" target group profile dataset. Unfortunately we are limited by the groupings provided by Statistics Canada which are inconsistent (some reference countries of origin whereas others describe a skin colour). % Other ""visible minority"".  Includes persons with a write-in response such as 'Guyanese,' 'West Indian,' 'Tibetan,' 'Polynesian,' 'Pacific Islander,' etc.","Statistics Canada Census of Population; Ottawa Community Data Consortium, Community Data Program of the Canadian Council on Social Development",0.284123444,0.482425913,na,0.327510917,0.362318841,0.221565731,0.482625483,0.22689769,0.234741784,na,0.356415479,0.215208034,0.30378842,0.274725275,0.449438202,0,0.1735107,0,0,0.17809439,0.657276995,0.300978179,0.255623722,0,0.571156592,0.566893424,1.212121212,0.179318589,0.169923534,0,0,0,0,0.19138756,0,0,na,0.149179513,0.237529691,0,0,0.136054422,0.161030596,0.527704485,0.570497148,0.167926113,0,0.561797753,0.291120815,0.473372781,0.952380952,0.204498978,0.872981231,0.547778454,0.108577633,0.229357798,0.355731225,0.308451573,0.206327373,0.392156863,0.190053849,0.391006843,0.485651214,0.220385675,0,0.268456376,0,0.083194676,0.067636118,0,0,0,0.257731959,0.186170213,0.228832952,0.309597523,0.355029586,0.180261379,0.152439024,0,0.248344371,0.121396055,0,0,0,1.594364108,0.305498982,0,0.214438885,0,0.316330565,0.556328234,0.337512054,0.234986945,0.374882849,0.716301281,0.12254902,0.132714001,0.552868003,0,0,0.5,0.653310105,0.361881785,0.159261029,0.240673887,0,0.229357798,0,0,0.317124736,0.131118881
General Demographics,Racialized population,% Non-racialized population,2016,"Data from Statistics Canada's ""visible minority"" target group profile dataset. Unfortunately we are limited by the groupings provided by Statistics Canada which are inconsistent (some reference countries of origin whereas others describe a skin colour). % Not a ""visible minority""","Statistics Canada Census of Population; Ottawa Community Data Consortium, Community Data Program of the Canadian Council on Social Development",73.68722426,68.64231564,na,85.15283843,75.12077295,82.9394387,81.46718147,75.39191419,66.97965571,na,67.05702648,61.2625538,77.66261615,72.84798535,97.30337079,95.24456522,76.51821862,84.85639687,91.68787108,49.86642921,52.11267606,51.24153499,80.01022495,76.98019802,57.59162304,47.22222222,71.51515152,66.22833234,73.8317757,88.28125,78.81355932,92.53976961,88.88888889,96.74641148,97.36477115,94.95238095,na,69.51765291,86.10451306,88.23529412,97.57462687,74.76190476,87.68115942,97.36147757,66.42216789,76.91015953,80.25700935,73.14606742,75.25473071,63.31360947,70.37037037,83.53783231,66.69576604,74.6195983,41.42236699,80.04587156,75.256917,85.00925355,78.33562586,76.54901961,57.42793792,79.37438905,74.08388521,85.67493113,93.08790383,64.78747204,77.03913248,41.51414309,82.68515387,93.82422803,73.65439093,92.40506329,76.67525773,80.21276596,52.00228833,98.76160991,86.7061144,79.49526814,90.39634146,79.44785276,78.89072848,59.39301973,81.22251539,97.70992366,89.04958678,34.63107156,85.33604888,65.51168413,76.91208006,95.28985507,62.96955318,79.86091794,80.32786885,63.15926893,47.3289597,64.07640547,87.70424837,96.41672196,62.02487906,71.99429183,54.66556565,88,71.47212544,78.04583836,86.25577321,61.58243081,83.71303926,73.16513761,98.62475442,76.47058824,67.38900634,84.17832168
Health & Wellness,Seniors' vulnerability,% seniors (65+) living alone,2016,% of seniors (65+) who are living alone,"Statistics Canada Census of Population; Ottawa Community Data Consortium, Community Data Program of the Canadian Council on Social Development",25.15583091,30.65693431,na,26.86567164,20.95238095,22.83105023,22,13.45381526,26.86567164,na,33.33333333,21.82741117,56.74486804,29.61956522,16.66666667,10.63829787,19.07692308,16.12903226,13.04347826,26,26.59574468,31.72043011,48.59437751,12.90322581,22.89156627,12.23404255,30.76923077,19.02439024,24.5508982,20.625,50,14.16893733,11.61290323,19.53125,13.6,13.63636364,na,9.467455621,18.36734694,20,16.55629139,21.22905028,20.12195122,13.55932203,15.18987342,28.30188679,18.97810219,30.8988764,18.34677419,26.19047619,19.27710843,15.04854369,31.3253012,16.72473868,32.21153846,29.09836066,31.42250531,16.88311688,31.5245478,48.69281046,11.89427313,41.55844156,13.29479769,41.78217822,11.73184358,28.32512315,13.44827586,8.522727273,20.19704433,11.67883212,37.4301676,18.34862385,28.86836028,12.07729469,12,18.65671642,29.09535452,15.71428571,11.84210526,14.58333333,21.32132132,19.56912029,17.62820513,20,38.04878049,36.92946058,33.33333333,54.37788018,49.8470948,14.61538462,14.43850267,12.34866828,11.38461538,31.78571429,47.52475248,13.35403727,14.87964989,18.14814815,10.85972851,13.44537815,46.15384615,8.888888889,36.96498054,21.76470588,16.96551724,11.58301158,38.13813814,55.68627451,14.66666667,80,48.0565371,44.42013129
Economy & Employment,Youth employment,# Youth (15-24) in the labour force,2016,"Refers to youth (15-24) who, during the week of Sunday, May 1 to Saturday, May 7, 2016, were either employed or unemployed.","Statistics Canada Census of Population; Ottawa Community Data Consortium, Community Data Program of the Canadian Council on Social Development",79265,565,na,410,240,625,395,2130,870,na,750,580,2890,835,190,365,1255,190,480,450,1130,585,635,120,950,885,55,815,705,410,45,705,220,435,310,395,na,890,285,10,485,950,625,140,535,405,325,370,765,415,430,350,860,735,775,485,1200,630,650,390,1185,595,1050,495,505,840,1000,885,1065,390,50,295,790,2195,735,245,1220,855,860,145,400,1210,910,200,680,1260,270,530,380,290,2315,1565,985,1545,855,1955,1025,590,1425,860,990,145,2270,330,2755,935,595,580,210,20,880,545
Economy & Employment,Youth employment,Youth (15-25) unemployment rate,2016,"Refers to persons who, during the week of Sunday, May 1 to Saturday, May 7, 2016, were without paid work or without self-employment work and were available for work and either:
(a) had actively looked for paid work in the past four weeks; or
(b) were on temporary lay-off and expected to return to their job; or
(c) had definite arrangements to start a new job in four weeks or less.","Statistics Canada Census of Population; Ottawa Community Data Consortium, Community Data Program of the Canadian Council on Social Development",18,18.6,na,20.7,12.5,15.2,17.7,19.5,23,na,22.7,18.1,12.5,15.6,18.4,12.3,19.9,31.6,16.7,22.2,23.9,25.6,15,33.3,23.7,15.8,18.2,19.6,14.9,24.4,0,23.4,20.5,10.3,24.2,12.7,na,17.4,7,0,12.4,22.6,22.4,14.3,23.4,21,24.6,13.5,22.2,25.3,14,20,19.2,20.4,23.9,15.5,20.4,19,16.9,17.9,19,10.1,12.4,16.2,20.8,25.6,16.5,18.6,15,14.1,20,16.9,19.6,14.1,22.4,12.2,18,18.1,12.2,10.3,16.2,19.8,18.1,7.5,25.7,25.8,11.1,27.4,19.7,10.3,15.3,17.3,13.7,22.3,12.9,19.2,17.1,19.5,13.3,19.8,23.2,17.2,22,12.1,10.9,18.7,14.3,18.1,7.1,0,17.6,18.3
Economy & Employment,Seniors employment,Seniors (65+) unemployment rate,2016,"Refers to persons who, during the week of Sunday, May 1 to Saturday, May 7, 2016, were without paid work or without self-employment work and were available for work and either:
(a) had actively looked for paid work in the past four weeks; or
(b) were on temporary lay-off and expected to return to their job; or
(c) had definite arrangements to start a new job in four weeks or less.","Statistics Canada Census of Population; Ottawa Community Data Consortium, Community Data Program of the Canadian Council on Social Development",5.620492415,13.79310345,na,9.523809524,0,13.33333333,13.04347826,3.333333333,0,na,13.79310345,7.142857143,7.272727273,6.557377049,15.38461538,0,0,6.896551724,4.87804878,6.896551724,5.405405405,0,9.302325581,0,5.769230769,20.68965517,0,6.060606061,0,0,0,5.797101449,0,10.71428571,0,4.651162791,na,0,8.695652174,NA,5.263157895,8.108108108,9.090909091,0,6.451612903,6.666666667,7.692307692,0,7.692307692,9.090909091,0,0,4.761904762,7.407407407,6.666666667,0,2.666666667,0,7.692307692,5.555555556,7.692307692,6.451612903,0,6.12244898,0,4,0,8.695652174,4.444444444,0,33.33333333,12.5,7.692307692,9.375,33.33333333,7.142857143,10,4,6.976744186,0,4.347826087,3.076923077,16.98113208,0,0,7.142857143,3.636363636,25,8.333333333,9.090909091,3.03030303,2.53164557,4,10,0,4.081632653,9.090909091,4.444444444,10.52631579,4.651162791,0,0,0,11.76470588,2.02020202,0,9.433962264,6.896551724,0,0,8.108108108,0
Health & Wellness,Seniors' vulnerability,Seniors (65+) unemployment rate,2016,"Refers to persons who, during the week of Sunday, May 1 to Saturday, May 7, 2016, were without paid work or without self-employment work and were available for work and either:
(a) had actively looked for paid work in the past four weeks; or
(b) were on temporary lay-off and expected to return to their job; or
(c) had definite arrangements to start a new job in four weeks or less.","Statistics Canada Census of Population; Ottawa Community Data Consortium, Community Data Program of the Canadian Council on Social Development",5.620492415,13.79310345,na,9.523809524,0,13.33333333,13.04347826,3.333333333,0,na,13.79310345,7.142857143,7.272727273,6.557377049,15.38461538,0,0,6.896551724,4.87804878,6.896551724,5.405405405,0,9.302325581,0,5.769230769,20.68965517,0,6.060606061,0,0,0,5.797101449,0,10.71428571,0,4.651162791,na,0,8.695652174,NA,5.263157895,8.108108108,9.090909091,0,6.451612903,6.666666667,7.692307692,0,7.692307692,9.090909091,0,0,4.761904762,7.407407407,6.666666667,0,2.666666667,0,7.692307692,5.555555556,7.692307692,6.451612903,0,6.12244898,0,4,0,8.695652174,4.444444444,0,33.33333333,12.5,7.692307692,9.375,33.33333333,7.142857143,10,4,6.976744186,0,4.347826087,3.076923077,16.98113208,0,0,7.142857143,3.636363636,25,8.333333333,9.090909091,3.03030303,2.53164557,4,10,0,4.081632653,9.090909091,4.444444444,10.52631579,4.651162791,0,0,0,11.76470588,2.02020202,0,9.433962264,6.896551724,0,0,8.108108108,0
Health & Wellness,Seniors' vulnerability,# seniors (65+),2016,Refers to the number of persons aged 65 and over,"Statistics Canada Census of Population; Ottawa Community Data Consortium, Community Data Program of the Canadian Council on Social Development",132355,1370,na,1005,525,1095,1000,2490,1005,na,1050,985,3410,1840,300,470,1625,930,920,750,940,930,1245,155,1660,940,195,1025,835,800,60,1835,775,640,625,770,na,845,735,50,755,895,820,295,790,1590,685,890,2480,840,830,1030,2075,1435,1040,1220,2355,1540,1935,1530,1135,770,865,2525,895,2030,1450,880,3045,685,895,545,2165,2070,500,670,2045,1400,1140,240,1665,2785,1560,250,2050,1205,1095,1085,1635,650,1870,2065,1625,2800,505,1610,2285,1350,1105,1190,585,450,1285,850,3625,1295,1665,1275,375,75,1415,2285
Health & Wellness,Seniors' vulnerability,# advanced age (80+) seniors,2016,Refers to the number of persons aged 80 and over,"Statistics Canada Census of Population; Ottawa Community Data Consortium, Community Data Program of the Canadian Council on Social Development",28145,280,na,260,60,410,275,460,220,na,320,160,750,465,60,55,510,235,120,200,155,205,235,15,380,245,100,205,275,130,20,350,215,95,65,60,na,100,35,20,115,165,110,40,105,595,190,240,570,190,130,170,605,230,280,310,745,300,555,470,140,115,135,895,135,400,180,110,505,65,305,95,765,285,90,125,360,225,120,40,445,745,160,45,550,210,245,320,425,120,210,265,215,675,130,170,365,225,165,175,150,90,305,225,720,160,335,315,55,20,420,560
Health & Wellness,Seniors' vulnerability,% of seniors who are recent immigrants,2016,Refers to the percent of seniors (65+) who immigrated to Canada between 2011-2016,"Statistics Canada Census of Population; Ottawa Community Data Consortium, Community Data Program of the Canadian Council on Social Development",1.401533754,0,na,0.995024876,2.830188679,0,0,2.816901408,0.995024876,na,0,2.551020408,0.73313783,0.815217391,0,2.150537634,0.617283951,1.075268817,0,2.631578947,2.127659574,1.612903226,0.803212851,0,0.602409639,4.787234043,0,1.93236715,1.19760479,0,15.38461538,1.089918256,0,0,0,0,na,1.19047619,0,0,0,0,1.226993865,0,0,0,0,2.247191011,0.60362173,1.785714286,0,0,0.483091787,1.048951049,2.870813397,0,0.638297872,0.649350649,0,0.653594771,5.286343612,0,0,0.592885375,0,0.738916256,0,11.29943503,0.985221675,0,2.234636872,0,0.460829493,1.452784504,6,0,0.488997555,1.433691756,1.762114537,0,0,5.92459605,2.564102564,0,0.975609756,1.659751037,0,0.921658986,2.140672783,1.538461538,4.557640751,1.93236715,0.613496933,1.428571429,5,3.115264798,0.438596491,0.740740741,6.334841629,4.201680672,1.694915254,0,0.775193798,1.176470588,0,8.527131783,2.102102102,1.581027668,0,0,1.408450704,2.188183807
Health & Wellness,Seniors' vulnerability,% of seniors with no high school diploma,2016,"Refers to the percent of seniors (65+) with no degree, diploma, or certificate","Statistics Canada Census of Population; Ottawa Community Data Consortium, Community Data Program of the Canadian Council on Social Development",17.79683427,23.80952381,na,15.92039801,16.19047619,23.52941176,12,10.86519115,27.72277228,na,37.14285714,9.137055838,15.85903084,17.11956522,11.86440678,6.382978723,28.7037037,12.3655914,12.5,28.66666667,22.87234043,29.72972973,21.28514056,12.90322581,15.31531532,21.80851064,5.263157895,28.43137255,19.87951807,10.06289308,0,8.152173913,12.25806452,37.98449612,16,15.58441558,na,22.4852071,14.96598639,22.22222222,23.17880795,4.469273743,3.680981595,20.33898305,20.38216561,13.24921136,13.86861314,11.86440678,8.064516129,14.37125749,13.33333333,11.65048544,23.42995169,15.73426573,21.25603865,6.12244898,18.47133758,12.37785016,19.89664083,18.30065359,15.85903084,10.38961039,23.56321839,15.07936508,11.73184358,19.45812808,12.71477663,23.16384181,13.79310345,16.05839416,22.77777778,34.25925926,21.47806005,17.39130435,31.31313131,20.89552239,6.601466993,21.50537634,14.84716157,20.40816327,8.108108108,11.15107914,13.14102564,16.32653061,12.92682927,42.08333333,5.069124424,25.92592593,23.6196319,31.00775194,20.26666667,12.83292978,13.00309598,35,22.77227723,20.80745342,17.46724891,18.14814815,19.00452489,13.5021097,19.49152542,0,9.765625,27.05882353,12.82758621,9.266409266,27.79456193,40.94488189,40.54054054,46.66666667,37.45583039,18.12227074
Economy & Employment,Seniors employment,% of seniors in the labour force,2016,"Refers to seniors (aged 65+) who, during the week of Sunday, May 1 to Saturday, May 7, 2016, were either employed or unemployed.","Statistics Canada Census of Population; Ottawa Community Data Consortium, Community Data Program of the Canadian Council on Social Development",15.19020815,10.66176471,na,10.5,19.81132075,13.63636364,11.55778894,12.04819277,12.5,na,13.74407583,21.42857143,16.12903226,16.62125341,21.31147541,24.7311828,10.46153846,15.67567568,22.40437158,19.20529801,19.78609626,11.82795699,17.26907631,25.80645161,15.6626506,15.42553191,15,16.09756098,11.9047619,20.49689441,16.66666667,18.80108992,16.12903226,21.70542636,28.8,27.74193548,na,11.83431953,15.6462585,0,25.16556291,20.67039106,20.12195122,20,19.49685535,9.433962264,18.84057971,16.38418079,13.07847082,13.0952381,11.44578313,18.93203883,15.18072289,18.94736842,14.49275362,12.70491803,15.92356688,14.5631068,10.07751938,11.76470588,11.50442478,20.12987013,17.44186047,9.702970297,19.55307263,12.31527094,14.82758621,13.14285714,14.77832512,21.01449275,10.11235955,14.67889908,11.98156682,15.4589372,12.12121212,21.05263158,19.5599022,17.92114695,18.94273128,25,13.85542169,11.66965889,16.98717949,24.48979592,14.66992665,11.61825726,25.11415525,11.11111111,11.00917431,16.92307692,17.64705882,19.1283293,15.38461538,12.47771836,9.803921569,15.2173913,14.44201313,16.72862454,17.11711712,18.06722689,14.40677966,35.16483516,17.44186047,10,13.63636364,14.67181467,15.91591592,11.37254902,9.333333333,12.5,13.07420495,12.66375546
General Demographics,Families & Households,Number of census families,2016,"According to Statistics Canada, ""'Census family' is defined as a married couple and the children, if any, of either and/or both spouses; a couple living common law and the children, if any, of either and/or both partners; or a lone parent of any marital status with at least one child living in the same dwelling and that child or those children. All members of a particular census family live in the same dwelling. A couple may be of opposite or same sex. Children may be children by birth, marriage, common-law union or adoption regardless of their age or marital status as long as they live in the dwelling and do not have their own married spouse, common-law partner or child living in the dwelling. Grandchildren living with their grandparent(s) but with no parents present also constitute a census family"" (Statistics Canada, 2016).","Statistics Canada Census of Population; Ottawa Community Data Consortium, Community Data Program of the Canadian Council on Social Development",254810,1980,na,1355,1195,1920,1505,7130,1555,na,2430,1990,5690,3100,720,1140,2265,1195,1795,1435,2945,1655,2360,575,2890,2440,225,2370,1555,1675,135,2885,950,1630,1135,1620,na,2945,1350,50,1590,1790,1710,590,1765,1675,1250,1205,3070,1125,1305,1500,3135,2325,2365,1915,3375,2475,2085,1525,4390,1090,3265,2465,2060,3080,3225,3305,4540,1295,495,1080,3230,5645,2380,1030,3340,3375,2975,485,1860,4880,3410,600,2575,3230,1395,1290,1855,1305,7155,5400,3240,4750,1185,6505,3880,2325,4075,4085,1275,620,2260,1170,9290,4790,2565,1420,800,45,2180,3100
General Demographics,Families & Households,Number of non-census family households,2016,"Refers to households not consisting of census families. According to Statistics Canada, ""'Census family' is defined as a married couple and the children, if any, of either and/or both spouses; a couple living common law and the children, if any, of either and/or both partners; or a lone parent of any marital status with at least one child living in the same dwelling and that child or those children. All members of a particular census family live in the same dwelling. A couple may be of opposite or same sex. Children may be children by birth, marriage, common-law union or adoption regardless of their age or marital status as long as they live in the dwelling and do not have their own married spouse, common-law partner or child living in the dwelling. Grandchildren living with their grandparent(s) but with no parents present also constitute a census family"" (Statistics Canada, 2016).","Statistics Canada Census of Population; Ottawa Community Data Consortium, Community Data Program of the Canadian Council on Social Development",125015,1230,na,630,590,1030,815,1375,1370,na,2135,705,12620,1830,230,140,1190,385,305,760,1005,1305,3245,215,1215,590,180,655,1060,665,260,510,180,350,190,295,na,485,430,40,345,1640,715,180,570,905,510,815,995,575,620,450,2005,760,1100,840,2210,730,1060,2015,735,2280,570,2135,325,1820,750,695,1525,245,540,370,1885,1000,380,335,2600,915,435,120,725,1185,1035,105,1815,2095,1040,2265,1810,270,1515,1100,645,3975,1145,1415,995,515,790,800,1860,80,4115,520,1805,900,3115,2230,200,135,3140,2745
General Demographics,Families & Households,Average size of census families,2016,"Refers to the average size (number of members) of census families in the neighbourhood. According to Statistics Canada, ""'Census family' is defined as a married couple and the children, if any, of either and/or both spouses; a couple living common law and the children, if any, of either and/or both partners; or a lone parent of any marital status with at least one child living in the same dwelling and that child or those children. All members of a particular census family live in the same dwelling. A couple may be of opposite or same sex. Children may be children by birth, marriage, common-law union or adoption regardless of their age or marital status as long as they live in the dwelling and do not have their own married spouse, common-law partner or child living in the dwelling. Grandchildren living with their grandparent(s) but with no parents present also constitute a census family"" (Statistics Canada, 2016).","Statistics Canada Census of Population; Ottawa Community Data Consortium, Community Data Program of the Canadian Council on Social Development",2.9,2.8,na,2.8,2.8,2.8,2.7,3.1,2.8,na,2.9,3,2.3,2.8,2.7,3.1,2.8,2.8,3,3.1,3.1,3,2.5,3,3,3.2,2.8,3.1,2.8,2.9,2.2,2.9,2.9,2.9,2.9,3,na,3.1,2.7,2.7,3.1,2.7,3,2.8,2.9,2.9,2.9,2.8,2.9,3,2.8,2.8,2.8,3,3.1,2.8,2.8,2.9,2.8,2.6,3.3,2.2,3.2,2.7,3,2.8,3,3.3,2.8,3,2.3,2.8,2.8,3,3.4,2.7,2.8,2.9,3.1,3,2.7,3.1,2.9,3,2.9,3.2,2.7,2.7,2.6,2.9,3.2,3,2.9,2.9,3,3.2,2.8,2.9,3.3,3.1,2.6,3,2.6,2.9,3.1,3.2,2.5,2.6,2.8,2.3,2.6,2.7
General Demographics,Families & Households,Total number of households,2016,"According to Statistics Canada, ""Household refers to a person or group of persons who occupy the same dwelling and do not have a usual place of residence elsewhere in Canada or abroad. The dwelling may be either a collective dwelling or a private dwelling. The household may consist of a family group such as a census family, of two or more families sharing a dwelling, of a group of unrelated persons or of a person living alone. Household members who are temporarily absent on reference day are considered part of their usual household"" (Statistics Canada, 2016)","Statistics Canada Census of Population; Ottawa Community Data Consortium, Community Data Program of the Canadian Council on Social Development",373755,3160,na,1960,1760,2890,2315,8300,2900,na,4530,2640,18280,4860,925,1245,3420,1560,2055,2120,3850,2910,5580,790,4010,2920,395,2930,2590,2325,395,3350,1120,1925,1295,1875,na,3345,1740,85,1910,3420,2425,735,2290,2540,1740,2000,4015,1685,1885,1925,5065,3025,3400,2715,5520,3150,3120,3520,4950,3365,3745,4570,2345,4825,3890,3800,5985,1480,1020,1420,5065,6535,2660,1350,5920,4215,3345,585,2545,5900,4350,700,4385,5210,2440,3535,3640,1535,8390,6365,3830,8555,2295,7730,4790,2790,4710,4795,3115,700,6360,1660,10915,5520,5630,3615,980,175,5265,5810
General Demographics,Families & Households,% one-census-family households,2016,"Refers to the percent of households in the neighbourhood that are composed of a single census family. According to Statistics Canada, ""'Census family' is defined as a married couple and the children, if any, of either and/or both spouses; a couple living common law and the children, if any, of either and/or both partners; or a lone parent of any marital status with at least one child living in the same dwelling and that child or those children. All members of a particular census family live in the same dwelling. A couple may be of opposite or same sex. Children may be children by birth, marriage, common-law union or adoption regardless of their age or marital status as long as they live in the dwelling and do not have their own married spouse, common-law partner or child living in the dwelling. Grandchildren living with their grandparent(s) but with no parents present also constitute a census family"" (Statistics Canada, 2016).","Statistics Canada Census of Population; Ottawa Community Data Consortium, Community Data Program of the Canadian Council on Social Development",64.97973271,59.65189873,na,66.58163265,65.34090909,62.62975779,64.57883369,81.20481928,51.72413793,na,51.87637969,70.83333333,30.82603939,60.86508754,73.11827957,86.74698795,63.88888889,73.80191693,82.92682927,60.8490566,71.26137841,53.60824742,41.53983885,71.51898734,67.37235367,76.06837607,51.89873418,74.27597956,58.49420849,71.12068966,33.75,83.40807175,82.58928571,79.16666667,83.3976834,81.91489362,na,82.93413174,73.27586207,58.82352941,80.89005236,51.97080292,70.24793388,72.10884354,73.30415755,62.99212598,69.82758621,58.14536341,74.12935323,64.9851632,64.89361702,75.06493506,58.87573964,72.89256198,66.02941176,67.64705882,58.87681159,74.76190476,65.06410256,42.04545455,82.02020202,32.24368499,82.53333333,52.62582057,84.43496802,60.51813472,78.66323907,76.84210526,73.01587302,80.13468013,45.09803922,71.57894737,61.69792695,82.93802601,81.95488722,74.34944238,55.65878378,76.42180095,85.07462687,75.21367521,70.13752456,77.20338983,74.16762342,82.85714286,58.2668187,57.48560461,57.37704918,35.59322034,49.58791209,79.73856209,78.9034565,80.67556952,82.09150327,51.66569258,48.69565217,79.17205692,77.47653806,79.53321364,80.04246285,81.21085595,39.96789727,88.57142857,35.06289308,66.66666667,81.82234432,80.70652174,43.87211368,37.43093923,76.02040816,25.71428571,39.6011396,52.23752151
General Demographics,Families & Households,% multiple-census-family households,2016,"Refers to the percent of households in the neighbourhood that are composed of more than one census family. According to Statistics Canada, ""'Census family' is defined as a married couple and the children, if any, of either and/or both spouses; a couple living common law and the children, if any, of either and/or both partners; or a lone parent of any marital status with at least one child living in the same dwelling and that child or those children. All members of a particular census family live in the same dwelling. A couple may be of opposite or same sex. Children may be children by birth, marriage, common-law union or adoption regardless of their age or marital status as long as they live in the dwelling and do not have their own married spouse, common-law partner or child living in the dwelling. Grandchildren living with their grandparent(s) but with no parents present also constitute a census family"" (Statistics Canada, 2016).","Statistics Canada Census of Population; Ottawa Community Data Consortium, Community Data Program of the Canadian Council on Social Development",1.571885326,1.582278481,na,1.275510204,1.136363636,1.903114187,0.431965443,2.289156627,0.862068966,na,0.883002208,2.272727273,0.164113786,1.544799176,2.150537634,2.409638554,1.169590643,1.277955272,2.43902439,3.537735849,2.600780234,1.546391753,0.358102059,1.265822785,2.241594022,3.760683761,2.53164557,3.066439523,0.772200772,0.431034483,0,1.34529148,1.339285714,2.604166667,1.930501931,2.127659574,na,2.694610778,2.011494253,0,1.047120419,0,0,4.081632653,1.750547046,1.377952756,1.149425287,1.253132832,1.119402985,0.890207715,2.393617021,1.298701299,1.380670611,1.983471074,1.764705882,1.286764706,1.086956522,1.904761905,0.801282051,0.568181818,3.131313131,0.29717682,2.266666667,0.547045952,1.70575693,1.658031088,2.05655527,4.868421053,1.42021721,3.703703704,1.470588235,2.105263158,1.085883514,1.759755164,3.759398496,1.115241636,0.422297297,1.777251185,1.791044776,3.418803419,1.571709234,2.711864407,1.951779564,1.428571429,0.342075257,2.111324376,0,0.423728814,0.686813187,2.614379085,3.098927294,2.042419482,1.307189542,1.870251315,1.304347826,2.457956016,1.772679875,1.97486535,3.078556263,1.983298539,0.481540931,0,0.235849057,2.102102102,1.602564103,2.989130435,0.888099467,0.966850829,3.06122449,0,0.759734093,0.602409639
General Demographics,Families & Households,% non-census-family households,2016,"Referes to the percentage of househodls in the neighbourhood that are non-census-family households. According to Statistics Canada, ""'Census family' is defined as a married couple and the children, if any, of either and/or both spouses; a couple living common law and the children, if any, of either and/or both partners; or a lone parent of any marital status with at least one child living in the same dwelling and that child or those children. All members of a particular census family live in the same dwelling. A couple may be of opposite or same sex. Children may be children by birth, marriage, common-law union or adoption regardless of their age or marital status as long as they live in the dwelling and do not have their own married spouse, common-law partner or child living in the dwelling. Grandchildren living with their grandparent(s) but with no parents present also constitute a census family"" (Statistics Canada, 2016).","Statistics Canada Census of Population; Ottawa Community Data Consortium, Community Data Program of the Canadian Council on Social Development",33.44838196,38.92405063,na,32.14285714,33.52272727,35.64013841,35.20518359,16.56626506,47.24137931,na,47.13024283,26.70454545,69.03719912,37.6930999,24.7311828,11.24497992,34.79532164,24.60063898,14.87804878,35.8490566,26.13784135,44.84536082,58.10205909,27.21518987,30.2615193,20.17094017,45.56962025,22.31686542,40.92664093,28.6637931,65,15.24663677,16.07142857,18.22916667,14.67181467,15.69148936,na,14.52095808,24.71264368,47.05882353,18.06282723,47.88321168,29.54545455,24.48979592,24.9452954,35.62992126,29.31034483,40.85213033,24.75124378,34.12462908,32.9787234,23.37662338,39.54635108,25.12396694,32.35294118,30.88235294,40.03623188,23.17460317,33.97435897,57.24431818,14.84848485,67.75631501,15.2,46.71772429,13.85927505,37.72020725,19.28020566,18.28947368,25.48036759,16.4983165,52.94117647,25.96491228,37.21618954,15.30221882,14.28571429,24.9070632,43.91891892,21.68246445,12.98507463,20.51282051,28.48722986,20.08474576,23.76578645,15,41.39110604,40.21113244,42.62295082,63.98305085,49.72527473,17.64705882,18.05721097,17.282011,16.8627451,46.46405611,49.7826087,18.30530401,20.75078206,18.49192101,16.77282378,16.70146138,59.71107544,11.42857143,64.70125786,31.23123123,16.52930403,16.30434783,55.3285968,61.60220994,20.40816327,77.14285714,59.63912631,47.24612737
General Demographics,Immigration,% refugees,2016,Refugees includes immigrants who were granted permanent resident status on the basis of a well-founded fear of returning to their home country.,"Statistics Canada Census of Population; Ottawa Community Data Consortium, Community Data Program of the Canadian Council on Social Development",4.310908972,6.891798759,na,1.965065502,2.777777778,2.437223043,2.799227799,3.692244224,5.320813772,na,9.882832399,3.084648494,3.949249464,4.395604396,0,0.27173913,2.718334297,2.74151436,1.611535199,12.29946524,7.370892019,10.68472536,3.527607362,2.23325062,8.472156116,7.879818594,6.097560976,6.096832038,4.757858963,1.302083333,3.389830508,1.097092704,1.515151515,0.956937799,0,0.19047619,na,3.781094527,1.425178147,0,0.279850746,1.56462585,1.690821256,0,4.808475958,3.778337531,4.205607477,11.57303371,3.879728419,4.615384615,5.185185185,1.226993865,7.551287647,4.750304507,13.89793702,2.828746177,3.873517787,2.220851326,2.888583219,4.235294118,4.68651045,2.541544477,2.913907285,2.422907489,0.976709241,7.337807606,2.073515551,6.364392679,1.521812648,0.831353919,4.532577904,2.109704641,5.627147766,1.994150492,6.525472238,0.463678516,2.01183432,3.381424707,1.37195122,3.680981595,3.893951947,2.336874052,1.451187335,0.763358779,1.394628099,22.8115727,1.527494908,11.20064464,4.571428571,0.603136309,4.587700218,2.364394993,2.169720347,10.78328982,11.80880975,4.992402865,1.307189542,0.464807437,4.663212435,3.710310382,4.872006606,0.997506234,3.658536585,3.860072376,1.640649888,3.008423586,3.972868217,5.500381971,0.392927308,3.921568627,8.24088748,2.70979021
Health & Wellness,Seniors' vulnerability,% of seniors who speak neither English nor French,2016,"Refers to seniors (aged 65+) who do not have knowledge of Knowledge of official languages refers to whether the person can conduct a conversation in English only, French only, in both or in neither language. For a child who has not yet learned to speak, this includes languages that the child is learning to speak at home.","Statistics Canada Census of Population; Ottawa Community Data Consortium, Community Data Program of the Canadian Council on Social Development",4.835480337,5.860805861,na,1,2.857142857,4.545454545,3.5,7.243460765,4.47761194,na,5.687203791,12.62626263,8.663729809,6.25,0,2.150537634,5.198776758,2.139037433,2.18579235,11.33333333,10.10638298,8.602150538,8,0,3.313253012,13.36898396,5.263157895,10.29411765,2.380952381,0,15.38461538,1.089918256,1.290322581,0,0,0,na,5.357142857,4.081632653,0,0,2.247191011,1.226993865,0,4.458598726,3.459119497,0,2.259887006,2.016129032,2.380952381,3.012048193,0.970873786,5.301204819,4.529616725,6.763285024,4.938271605,6.581740977,2.265372168,3.865979381,1.960784314,17.25663717,0,7.471264368,3.366336634,0,3.448275862,3.092783505,23.86363636,1.315789474,0,6.145251397,0,2.764976959,2.663438257,16.16161616,0,1.463414634,1.785714286,3.070175439,4.081632653,1.501501502,12.41007194,8.653846154,0,0.97799511,15.3526971,0,5.555555556,4.615384615,1.538461538,7.486631016,3.389830508,2.461538462,4.107142857,5.940594059,5.919003115,1.094091904,0,16.28959276,10.12658228,3.389830508,0,2.33463035,2.366863905,1.517241379,16.6023166,2.710843373,1.568627451,0,0,25.44169611,6.100217865
Basic Needs & Standard of Living,Low Income prevalence,Low income prevalence (LIM-AT) among young children (0-5),2015,"The Low-income measure, after tax, refers to a fixed percentage (50%) of median adjusted after-tax income of private households. The household after-tax income is adjusted by an equivalence scale to take economies of scale into account. This adjustment for different household sizes reflects the fact that a household's needs increase, but at a decreasing rate, as the number of members increases.","Statistics Canada Census of Population; Ottawa Community Data Consortium, Community Data Program of the Canadian Council on Social Development",16.3,21.3,na,18.2,14.7,10.7,12.5,5.6,29.8,na,46.5,25.7,27.5,9,13.6,5.3,10.3,8.3,0,43.4,40.4,38.8,16.1,0,35.5,29.7,0,19.7,31.1,3.6,50,5.1,0,4.7,0,3.7,na,7.3,4,NA,8.3,4.4,8,0,23,6.8,21.5,22,12.5,13,22.9,3.2,37.9,12.5,48.4,13.3,20.9,20.2,11.9,33.3,8.6,32,5.2,11.1,5.3,32.4,17.4,16.9,6.2,4.8,18.2,6.7,19,5.7,16.2,17.4,8.3,4.6,4.4,12.5,7.4,9.4,11,6.1,4.2,57.7,5.5,54.5,22,12.5,8.3,5.8,6.6,54.4,53.4,7,3.1,5.3,9.8,3.4,37,18.2,33,18.4,4.1,4.5,35.8,46,7.4,NA,30.3,11
Health & Wellness,Seniors' vulnerability,Low income prevalence (LIM-AT) among seniors (65+),2015,"The Low-income measure, after tax, refers to a fixed percentage (50%) of median adjusted after-tax income of private households. The household after-tax income is adjusted by an equivalence scale to take economies of scale into account. This adjustment for different household sizes reflects the fact that a household's needs increase, but at a decreasing rate, as the number of members increases.","Statistics Canada Census of Population; Ottawa Community Data Consortium, Community Data Program of the Canadian Council on Social Development",9.4,9.1,na,7.5,13.3,5.9,4,4,8.5,na,16.1,7.1,23.6,8.4,3.3,0,7.1,0,6,18.5,10.1,16.1,29,0,9.9,8,5.1,3.4,6.6,6.3,16.7,2.2,1.9,6.2,5.6,2.6,na,7.1,2.7,NA,6.7,5.6,1.8,6.7,9.5,7.2,8,9,4.2,10.7,6,1.5,9.4,3.8,16.4,10.7,16.2,3.6,10.1,12.7,8.4,13.6,4,12.5,4.5,10.6,4.1,5.1,4.1,2.9,18.3,10.1,9.7,2.7,8.1,6.8,6.1,6.5,3.5,0,3,5.8,6.7,12.2,8.5,33.8,6,31.8,22.6,9.9,6.7,2.7,3.4,14.5,13.9,6.5,3.1,5.9,6.4,6.7,17.1,2.2,13.6,5.3,4.5,3.1,16.6,30.2,8,NA,40.3,21.2
Environment & Sustainability,Neighbourhood area & Population Density,Population density (#/km2),2016,Number of persons per km2 in a neighbourhood.,"Statistics Canada Census of Population; Ottawa Community Data Consortium, Community Data Program of the Canadian Council on Social Development",327.7851269,3252.624159,na,1365.127686,3020.355091,2870.271854,2722.83582,3723.524708,2992.953922,na,3618.869826,3292.532496,8354.541019,1454.314084,377.1694155,26.41647171,2187.707262,695.2907999,46.51475159,3095.261248,4899.918313,5736.118518,5335.994641,131.6824929,3067.192626,4844.926012,180.2534059,1917.585932,2730.608442,2303.608192,678.0612281,155.70399,457.2895573,37.35491828,26.45934048,36.0974421,na,1008.764185,1107.68024,323.559227,39.44474187,4278.535711,4300.573815,7.710796241,3375.488227,2881.600441,2326.446106,1383.864056,1732.650036,1333.329609,2156.178775,2825.563579,3588.202612,2547.413764,5727.852672,2303.474044,2037.442941,2743.225459,2813.339173,3017.323199,1671.781126,4111.862608,1189.254466,3052.69497,37.19686013,2506.463574,2798.086561,3308.79538,2417.275956,77.25340521,135.4044813,21.31637476,2906.199797,3295.706221,898.2503547,23.89053657,4650.890038,2447.441707,141.5604833,9.820329056,1174.566749,1374.974888,2060.508819,14.47284622,3541.955891,5026.13944,2887.435929,7826.832299,3682,37.28552311,4103.690054,3522.933804,3173.168645,3139.920521,10479.00547,2909.382119,2779.06363,44.63051775,3019.37798,573.0829285,3353.06161,889.9863986,5295.886665,2146.840628,1046.459601,1144.072323,6059.377914,4913.061979,32.94810187,63.75,5298.494736,3611.215419
Environment & Sustainability,Walkability & Cyclability,Walk score,02-Aug-18,"Neighbourhood mean score of 100 random points sampled from the pedestrian, cycling and road network in a neighbourhood.
<ul>
<li>90-100 Walker's Paradise: Daily errands do not require a car</li>
<li>70-89 Very Walkable: Most errands can be accomplished on foot</li>
<li>50-69 Somewhat Walkable: Some errands can be accomplished on foot</li>
<li>25-49 Car-Dependent: Most errands require a car</li>
<li>0-24 Car-Dependent: Almost all errands require a car</li>
</ul>",walkscore.com,na,60.51,66.23,52.49,49.41,47.01,34.35,31.15,48.27,48.36,65.2,54.05,94.32,57.85,8.87,0.3,65.66,14.36,2.16,60.29,51.44,67.63,87.79,21.79,49.69,35.9,41.25,51.21,53.14,74.11,66.17,12.28,23.26,3.37,2.1,3.73,81.28787879,10.82,27.71,52.98,9.65,63.44,81.27,1.15,50.65,48.02,42.95,38.05,31.48,64.28,41.15,39.63,62.23,37.25,62.8,46.66,60.52,45.38,47.71,58.1,41.78,89.65,33.2,68.06,4.34,56.6,34.64,49.52,48.74,2.79,46.69,3.39,57.2,47.13,21.91,2.42,85.75,57.3,5.55,11.8,31,27.95,53.84,0.72,74.24,65.12,64.25,89.35,65.78,5.19,55.16,44.67,60.93,73.92,57.8,30.07,57.76,8.06,44.57,20.91,49.14,45.69,83.47,60.34,33.34,19.02,82.28,82.94,4.85,21.47,89.99,76.98
Environment & Sustainability,Walkability & Cyclability,Bike score,02-Aug-18,"Neighbourhood mean score of 100 random points sampled from the pedestrian, cycling and road network in a neighbourhood.
<ul>
<li>90-100 Biker's Paradise: Daily errands can be accomplished on a bike</li>
<li>70-89 Very Bikeable: Biking is convenient for most trips</li>
<li>50-69 Bikeable: Some bike infrastructure</li>
<li>0-49 Somewhat Bikeable: Minimal bike infrastructure</li>
</ul>",walkscore.com,na,88.83505155,81.67368421,67.36,77.25773196,73.82,70.02020202,74.63636364,64.29292929,82.96774194,86.48,90.55,97.99,74.71717172,28.1010101,25.08080808,64.6,70.79787234,24.5959596,93.26530612,86.1,75.36,96.48,42.58762887,78.39393939,82.72,67.58,82.26,69.94897959,94.68686869,90.51,33.42857143,56.2020202,26.21052632,31.07142857,25.75757576,84.95454545,53.32,72.82474227,72.92134831,27.26041667,95.6969697,97.29896907,25.09183673,89.66666667,79.14,71.64285714,82.46,63.44,91.08333333,82.95,88.71,81.01010101,87.54545455,92.59,86.58,69.37,89.27,74.2,89.27,68.46,94.93,68.41836735,76.95,26.73195876,90.09090909,84.13,83.97,88.1010101,23.28282828,66.6875,25.45454545,74.46,81.20408163,31.37894737,22.82653061,89.81,79.57,28.35051546,51.64210526,61.08,73.05,83.76530612,24.32653061,84.17,85.49,79.37373737,97.84,85.07070707,29.50526316,87.55,82.29292929,92.63636364,93.02,60.39,54.81632653,87.8877551,30.04255319,81.12,58.24,79.23958333,74.60606061,96.95,59.99,58.59183673,40.56701031,89.84848485,80.07291667,26.41237113,67.78125,90.29,93.91
Community & Belonging,Walkability & Cyclability,Walk score,02-Aug-18,"Neighbourhood mean score of 100 random points sampled from the pedestrian, cycling and road network in a neighbourhood.
<ul>
<li>90-100 Walker's Paradise: Daily errands do not require a car</li>
<li>70-89 Very Walkable: Most errands can be accomplished on foot</li>
<li>50-69 Somewhat Walkable: Some errands can be accomplished on foot</li>
<li>25-49 Car-Dependent: Most errands require a car</li>
<li>0-24 Car-Dependent: Almost all errands require a car</li>
</ul>",walkscore.com,na,60.51,66.23,52.49,49.41,47.01,34.35,31.15,48.27,48.36,65.2,54.05,94.32,57.85,8.87,0.3,65.66,14.36,2.16,60.29,51.44,67.63,87.79,21.79,49.69,35.9,41.25,51.21,53.14,74.11,66.17,12.28,23.26,3.37,2.1,3.73,81.28787879,10.82,27.71,52.98,9.65,63.44,81.27,1.15,50.65,48.02,42.95,38.05,31.48,64.28,41.15,39.63,62.23,37.25,62.8,46.66,60.52,45.38,47.71,58.1,41.78,89.65,33.2,68.06,4.34,56.6,34.64,49.52,48.74,2.79,46.69,3.39,57.2,47.13,21.91,2.42,85.75,57.3,5.55,11.8,31,27.95,53.84,0.72,74.24,65.12,64.25,89.35,65.78,5.19,55.16,44.67,60.93,73.92,57.8,30.07,57.76,8.06,44.57,20.91,49.14,45.69,83.47,60.34,33.34,19.02,82.28,82.94,4.85,21.47,89.99,76.98
Community & Belonging,Walkability & Cyclability,Bike score,02-Aug-18,"Neighbourhood mean score of 100 random points sampled from the pedestrian, cycling and road network in a neighbourhood.
<ul>
<li>90-100 Biker's Paradise: Daily errands can be accomplished on a bike</li>
<li>70-89 Very Bikeable: Biking is convenient for most trips</li>
<li>50-69 Bikeable: Some bike infrastructure</li>
<li>0-49 Somewhat Bikeable: Minimal bike infrastructure</li>
</ul>",walkscore.com,na,88.83505155,81.67368421,67.36,77.25773196,73.82,70.02020202,74.63636364,64.29292929,82.96774194,86.48,90.55,97.99,74.71717172,28.1010101,25.08080808,64.6,70.79787234,24.5959596,93.26530612,86.1,75.36,96.48,42.58762887,78.39393939,82.72,67.58,82.26,69.94897959,94.68686869,90.51,33.42857143,56.2020202,26.21052632,31.07142857,25.75757576,84.95454545,53.32,72.82474227,72.92134831,27.26041667,95.6969697,97.29896907,25.09183673,89.66666667,79.14,71.64285714,82.46,63.44,91.08333333,82.95,88.71,81.01010101,87.54545455,92.59,86.58,69.37,89.27,74.2,89.27,68.46,94.93,68.41836735,76.95,26.73195876,90.09090909,84.13,83.97,88.1010101,23.28282828,66.6875,25.45454545,74.46,81.20408163,31.37894737,22.82653061,89.81,79.57,28.35051546,51.64210526,61.08,73.05,83.76530612,24.32653061,84.17,85.49,79.37373737,97.84,85.07070707,29.50526316,87.55,82.29292929,92.63636364,93.02,60.39,54.81632653,87.8877551,30.04255319,81.12,58.24,79.23958333,74.60606061,96.95,59.99,58.59183673,40.56701031,89.84848485,80.07291667,26.41237113,67.78125,90.29,93.91
Health & Wellness,Family Physicians,% residents within 15 min walking distance of a physician,21-Jan,"Family physicians practicing within 50km of Ottawa. Does not include surgeons or specialists. Includes only family physicians practicing in clinics open to the general population, as well as campus clinics.",College of Physicians and Surgeons of Ontario,0.60664,0.863916,NA,0.887942,0.073861,0.975517,0.737732,0.531311,0.913077,NA,0.754462,0.94824,1,0.843769,0,0,0.810524,0,0.031388,1,0.799397,0.755993,1,0.230396,0.909947,0.642541,0.052288,0.827847,0.958911,0.985666,0.991935,0.196737,0.251319,0,0,0,NA,0.232829,0.189885,1,0.329668,0.914305,0.993384,0,0.331661,0,0.98823,0.750867,0.651231,0.830868,0.722668,0.78942,0.764833,0.774259,0.990013,0.802216,0.787611,0.877678,0.205159,0.930647,0.850094,1,0.369981,0.95603,0.269744,0.946076,0.265747,0.701687,0.229536,0,0.620869,0,0.631673,0.467723,0,0,1,0.584404,0.131158,0.05412,0.592167,0.132937,0.931308,0,0.955213,0.32949,0.776951,1,0.517918,0,0.772734,0.362769,0.65278,0.975627,0.361907,0.144464,0.700582,0.204075,0.582435,0.834815,0.482027,0.463768,0.957702,0.627207,0.348277,0.000347,1,1,0,1,1,0.88834
Health & Wellness,Family Physicians,Number of physicians in the neighbourhood,21-Jan,"Family physicians practicing within 50km of Ottawa. Does not include surgeons or specialists. Includes only family physicians practicing in clinics open to the general population, as well as campus clinics.",College of Physicians and Surgeons of Ontario,763,5,0,6,0,1,0,6,14,9,6,10,33,31,0,0,12,0,1,3,0,7,10,0,1,1,5,11,4,2,0,25,2,0,0,0,0,3,0,12,5,4,0,0,0,0,1,3,8,31,7,0,0,1,4,6,15,3,0,8,19,15,3,1,13,14,3,4,20,0,7,0,3,4,0,0,2,37,1,0,15,0,17,0,18,8,0,4,18,0,13,29,9,12,0,11,18,15,0,13,0,0,49,0,11,0,4,8,0,7,13,9
Health & Wellness,Family Physicians,Number of physicians (with 50m buffer) per 1000 people,21-Jan,"Family physicians practicing within 50km of Ottawa. Does not include surgeons or specialists. Includes only family physicians practicing in clinics open to the general population, as well as campus clinics.",College of Physicians and Surgeons of Ontario,0.832193,0.688705,NA,1.310044,0,0.295421,0.579151,0.247525,2.192639,NA,0.712831,1.43472,1.214937,2.838828,0,0,1.503759,0,0.169492,1.426025,0,1.054217,1.022495,0,0.095193,0.113379,6.060606,1.434549,0.679694,0.520833,0,2.742732,1.346801,0,0,0,NA,0.298359,0,76.47059,0.932836,0.544218,0,0,0,0,0.233645,0.673401,1.261524,7.328605,1.481481,0.204499,0,0.973828,0.434311,0.917431,1.265322,0.370142,0,1.254902,1.203674,2.932551,0.264901,0.110193,1.953418,1.521253,0.848656,0.332779,1.487995,0,7.932011,0,0.257843,0.212766,0,0,0.157791,3.336339,0.101626,0,3.807947,0,1.495163,0,1.96281,0.964034,0,2.900886,2.573267,0,0.949179,1.613352,2.700096,1.409922,0,0.78142,1.470588,1.99071,0,0.927247,0,0.5,4.355401,0.241255,0.350374,0,0.581395,2.140673,0,27.45098,1.374207,0.786713
Health & Wellness,Family Physicians,Avg. drive time to nearest 5 physicians (min),21-Jan,"Family physicians practicing within 50km of Ottawa. Does not include surgeons or specialists. Includes only family physicians practicing in clinics open to the general population, as well as campus clinics.",College of Physicians and Surgeons of Ontario,2.982658,1.831611,NA,1.71146,2.776875,1.866916,2.080114,1.98951,1.288521,NA,1.673055,1.85846,1.058531,2.013398,18.06011,11.15549,1.888747,4.189037,9.664776,1.472919,2.267106,2.058087,1.1046,3.578676,2.60638,4.057301,2.712462,1.892545,1.914912,1.683118,2.007876,4.174946,3.167012,11.99454,10.43447,9.816269,NA,3.732071,2.949615,0.15,6.185591,1.764376,1.966273,11.91984,3.679845,3.915688,2.055644,2.272245,2.290498,1.724539,2.118952,3.064196,2.361075,2.408747,2.150721,2.155525,1.833141,3.177189,2.741248,2.089286,1.746719,1.185675,3.215661,2.006841,6.369207,2.079605,2.408076,2.20664,2.714769,8.665867,2.754044,10.7444,2.617785,3.149823,5.490666,17.48115,2.273646,2.130768,8.673637,4.038745,2.075236,4.018678,1.864396,14.86524,1.457323,2.102781,2.727827,1.253945,1.88913,8.240134,2.20584,2.818543,1.890758,1.704203,2.251843,3.341745,2.163372,3.843609,2.559438,2.135836,3.276281,3.727774,1.279849,2.354072,2.986718,4.470784,1.603598,0.93409,14.66285,2.116667,1.260473,1.688461
Health & Wellness,Family Physicians,Avg. walking distance to nearest 5 physicians (km),21-Jan,"Family physicians practicing within 50km of Ottawa. Does not include surgeons or specialists. Includes only family physicians practicing in clinics open to the general population, as well as campus clinics.",College of Physicians and Surgeons of Ontario,2.088716,1.084045,NA,0.991913,1.748714,1.216712,1.215351,1.291695,0.723083,NA,1.020016,1.010589,0.464452,1.070571,19.82454,11.41464,0.99686,2.94946,10.09558,0.705835,1.360582,1.055029,0.591192,2.126449,1.649493,2.877678,2.292997,0.949964,0.951666,0.947123,0.781485,3.389694,2.032661,12.48934,11.22001,9.850013,NA,2.686463,1.957636,0.154,5.044586,0.841458,0.971624,10.91145,2.424944,2.42565,1.161427,1.381594,1.311101,1.098724,1.052656,1.981927,1.268964,1.41562,1.133498,1.036073,0.961848,2.151647,1.630044,0.771679,1.029413,0.446911,2.14317,1.024717,5.559038,1.018484,1.587155,1.34374,1.668762,8.076289,1.743126,11.56483,1.39981,1.608803,4.770229,18.0816,1.12704,1.097966,8.298435,3.219547,1.166389,2.513718,0.843429,14.48783,0.890659,1.379319,1.444843,0.520499,1.081476,7.084663,1.32798,1.601164,1.000728,0.723343,1.379234,2.161598,1.064011,3.015213,1.473981,1.337106,1.502684,2.132638,0.604247,1.373367,1.814694,3.514804,0.779904,0.471283,13.2923,0.643,0.607626,1.011226
